2024-10-12 07:55:04,388 [INFO] Collecting URLs...
2024-10-12 07:55:13,654 [INFO] Collected 5 URLs after filtering.
2024-10-12 07:55:13,655 [INFO] Scraping content from collected URLs...
2024-10-12 07:55:14,117 [ERROR] Failed to fetch https://www.nytimes.com/2024/08/23/sports/arshad-nadeem-javelin-gold-olympics-buffalo.html: HTTP 403
2024-10-12 07:55:15,531 [INFO] No content retrieved.
2024-10-12 07:55:15,533 [INFO] Data written to articles.json.
2024-10-12 07:55:15,533 [INFO] Errors encountered during scraping:
2024-10-12 07:55:15,533 [INFO] Failed to fetch https://www.nytimes.com/2024/08/23/sports/arshad-nadeem-javelin-gold-olympics-buffalo.html: HTTP 403
2024-10-12 07:57:25,264 [INFO] Collecting URLs...
2024-10-12 07:57:32,169 [INFO] Collected 5 URLs after filtering.
2024-10-12 07:57:32,171 [INFO] Scraping content from collected URLs...
2024-10-12 07:57:44,060 [INFO] Article at https://www.hmfckickback.co.uk/index.php?/topic/205389-international-break-poll/ is too short; skipping.
2024-10-12 07:57:47,529 [INFO] Article at https://www.skysports.com/internationals-fixtures is too short; skipping.
2024-10-12 07:57:49,781 [INFO] No content retrieved.
2024-10-12 07:57:49,781 [INFO] No content retrieved.
2024-10-12 07:57:49,783 [INFO] Data written to articles.json.
2024-10-12 08:00:11,747 [INFO] Collecting URLs...
2024-10-12 08:01:23,485 [INFO] Collecting URLs...
2024-10-12 08:01:36,035 [INFO] Collected 10 URLs after filtering.
2024-10-12 08:01:36,036 [INFO] Scraping content from collected URLs...
2024-10-12 08:01:37,270 [INFO] Article at https://community.sports-interactive.com/forums/topic/580130-why-does-the-game-switch-to-a-2-week-international-break-in-september-from-2026/ is too short; skipping.
2024-10-12 08:01:40,314 [INFO] Article at https://www.hmfckickback.co.uk/index.php?/topic/205389-international-break-poll/ is too short; skipping.
2024-10-12 08:01:41,509 [INFO] Article at https://www.skysports.com/internationals-fixtures is too short; skipping.
2024-10-12 08:01:46,098 [INFO] No content retrieved or article skipped.
2024-10-12 08:01:46,098 [INFO] No content retrieved or article skipped.
2024-10-12 08:01:46,098 [INFO] No content retrieved or article skipped.
2024-10-12 08:01:46,099 [INFO] Article 'What do Sunderland need to work on during the international break?' added to valid articles.
2024-10-12 08:01:46,099 [INFO] Article 'Every International Break During the 2024/25 Football Season' added to valid articles.
2024-10-12 08:01:46,099 [INFO] Article 'Who's playing and when in the international break?' added to valid articles.
2024-10-12 08:01:46,100 [INFO] Article 'When are the international breaks this season?' added to valid articles.
2024-10-12 08:01:46,100 [INFO] Article 'When Are the Next International Breaks in English Football?' added to valid articles.
2024-10-12 08:01:46,102 [INFO] Data written to articles.json.
2024-10-12 10:17:29,791 [INFO] Collecting URLs...
2024-10-12 10:17:47,338 [INFO] Collected 10 URLs after filtering.
2024-10-12 10:17:47,339 [INFO] Scraping content from collected URLs...
2024-10-12 10:17:49,458 [INFO] Article at https://www.defense.gov/News/News-Stories/Article/Article/3923123/us-assets-in-mediterranean-again-helped-defend-israel-against-iranian-missiles/ is too short; skipping.
2024-10-12 10:17:50,043 [ERROR] Failed to fetch https://www.reuters.com/world/middle-east/iran-launches-drone-attack-israel-expected-unfold-over-hours-2024-04-13/: HTTP 401
2024-10-12 10:17:51,476 [INFO] Article at https://www.nbcnews.com/news/world/live-blog/israel-iran-live-updates-netanyahu-biden-idf-hezbollah-lebanon-gaza-rcna174629 is too short; skipping.
2024-10-12 10:17:51,972 [INFO] Article 'Statement from President Joe Biden on Iran’s Attacks against the State of Israel' added to valid articles.
2024-10-12 10:17:51,972 [INFO] Article 'What we know about Iran's latest missile attack on Israel' added to valid articles.
2024-10-12 10:17:51,972 [INFO] No content retrieved or article skipped.
2024-10-12 10:17:51,972 [INFO] Article 'Israel says Iran ‘will pay’ for launching a major missile attack against it' added to valid articles.
2024-10-12 10:17:51,972 [INFO] No content retrieved or article skipped.
2024-10-12 10:17:51,972 [INFO] Article 'Why Is Iran Delaying Its Vowed Attack On Israel?' added to valid articles.
2024-10-12 10:17:51,972 [INFO] Article 'Assessing Israel’s Strike on Iran' added to valid articles.
2024-10-12 10:17:51,973 [INFO] Data written to articles.json.
2024-10-12 10:17:51,974 [INFO] Errors encountered during scraping:
2024-10-12 10:17:51,974 [INFO] Failed to fetch https://www.reuters.com/world/middle-east/iran-launches-drone-attack-israel-expected-unfold-over-hours-2024-04-13/: HTTP 401
2024-10-12 10:22:50,496 [INFO] Collecting URLs...
2024-10-12 10:23:15,232 [INFO] Collected 10 URLs after filtering.
2024-10-12 10:23:15,233 [INFO] Scraping content from collected URLs...
2024-10-12 10:23:18,062 [INFO] Article at https://m.cricbuzz.com/cricket-series/8497/england-tour-of-pakistan-2024/matches is too short; skipping.
2024-10-12 10:23:18,579 [INFO] Article at https://www.hindustantimes.com/cricket/match-result-pak-vs-eng-eng-in-pak-3-tests-2024-1st-test-pakistan-vs-england-test-pken10072024247793 is too short; skipping.
2024-10-12 10:23:18,786 [INFO] Article at https://www.espncricinfo.com/series/england-in-pakistan-2024-25-1442205 is too short; skipping.
2024-10-12 10:23:19,198 [INFO] Article at https://www.skysports.com/cricket/live-blog/12123/13229545/pakistan-vs-england-live-over-by-over-text-commentary-and-in-play-video-clips-from-first-test-in-multan is too short; skipping.
2024-10-12 10:23:22,158 [INFO] Article at https://www.livemint.com/sports/cricket-news/pakistan-vs-england-live-score-1st-test-day-5-of-england-tour-of-pakistan-2024-final-updates-today-07-oct-2024-11728619533424.html is too short; skipping.
2024-10-12 10:23:24,534 [INFO] Article at https://www.bbc.co.uk/sport/cricket/live/cnd0pp64ld3t?page=2 is too short; skipping.
2024-10-12 10:23:25,865 [INFO] Article at https://sports.ndtv.com/cricket/pakistan-vs-england-1st-test-day-5-live-score-updates-6764368 is too short; skipping.
2024-10-12 10:23:25,868 [INFO] No content retrieved or article skipped.
2024-10-12 10:23:25,869 [INFO] Article 'Pakistan vs England: Harry Brook & Joe Root set up victory charge' added to valid articles.
2024-10-12 10:23:25,869 [INFO] No content retrieved or article skipped.
2024-10-12 10:23:25,869 [INFO] No content retrieved or article skipped.
2024-10-12 10:23:25,870 [INFO] No content retrieved or article skipped.
2024-10-12 10:23:25,870 [INFO] Article 'Pakistan vs England: Jack Leach seals record-breaking win in first Test in Multan' added to valid articles.
2024-10-12 10:23:25,870 [INFO] No content retrieved or article skipped.
2024-10-12 10:23:25,871 [INFO] Article 'England thrash Pakistan by an innings and 47 runs to win first Test' added to valid articles.
2024-10-12 10:23:25,872 [INFO] No content retrieved or article skipped.
2024-10-12 10:23:25,872 [INFO] No content retrieved or article skipped.
2024-10-12 10:23:25,873 [INFO] Data written to articles.json.
2024-10-12 10:28:03,275 [INFO] Collecting URLs...
2024-10-12 10:30:54,854 [INFO] Collecting URLs...
2024-10-12 10:32:34,378 [INFO] Collecting URLs...
2024-10-12 10:38:06,686 [INFO] Collecting URLs...
2024-10-12 10:38:52,092 [INFO] Collected 10 URLs after filtering.
2024-10-12 10:38:52,092 [INFO] Scraping content from collected URLs...
2024-10-12 10:38:53,749 [INFO] Article at https://cricket.sourceforge.net/ is too short; skipping.
2024-10-12 10:38:53,944 [INFO] Article at https://vulcain.ch/collections/cricket-1 is too short; skipping.
2024-10-12 10:38:54,130 [INFO] Article at https://schachtspindle.com/products/cricket-rigid-heddle-looms is too short; skipping.
2024-10-12 10:38:54,556 [INFO] Article at https://www.theguardian.com/sport/cricket is too short; skipping.
2024-10-12 10:38:55,147 [INFO] Article at https://www.espncricinfo.com/ is too short; skipping.
2024-10-12 10:38:55,235 [INFO] Article at https://cherrycricket.com/ is too short; skipping.
2024-10-12 10:38:55,665 [INFO] Article at https://www.cricketsweepstakes.com/Extras is too short; skipping.
2024-10-12 10:38:56,307 [INFO] Article at https://www.cricketcafepdx.com/ is too short; skipping.
2024-10-12 10:38:56,442 [INFO] Article at https://shop.cricketmedia.com/ is too short; skipping.
2024-10-12 10:38:56,445 [INFO] No content retrieved or article skipped.
2024-10-12 10:38:56,445 [INFO] No content retrieved or article skipped.
2024-10-12 10:38:56,446 [INFO] No content retrieved or article skipped.
2024-10-12 10:38:56,446 [INFO] No content retrieved or article skipped.
2024-10-12 10:38:56,446 [INFO] No content retrieved or article skipped.
2024-10-12 10:38:56,447 [INFO] No content retrieved or article skipped.
2024-10-12 10:38:56,447 [INFO] Article 'Prepaid Phones: No Contract Cell Phone Plans' added to valid articles.
2024-10-12 10:38:56,447 [INFO] No content retrieved or article skipped.
2024-10-12 10:38:56,448 [INFO] No content retrieved or article skipped.
2024-10-12 10:38:56,448 [INFO] No content retrieved or article skipped.
2024-10-12 10:38:56,449 [INFO] Data written to articles.json.
2024-10-12 10:39:15,612 [INFO] Collecting URLs...
2024-10-12 10:40:56,548 [INFO] Collected 10 URLs after filtering.
2024-10-12 10:40:56,549 [INFO] Scraping content from collected URLs...
2024-10-12 10:40:58,539 [INFO] Article at https://www.theguardian.com/us-news/hurricane-milton is too short; skipping.
2024-10-12 10:40:58,624 [INFO] Article at https://www.noaa.gov/milton is too short; skipping.
2024-10-12 10:40:58,919 [INFO] Article at https://www.fema.gov/disaster/current/hurricane-milton is too short; skipping.
2024-10-12 10:40:59,769 [INFO] Article at https://www.aljazeera.com/news/liveblog/2024/10/9/hurricane-milton-live-updates-epic-storm-prepares-to-slam-florida is too short; skipping.
2024-10-12 10:40:59,988 [INFO] Article at https://www.usa.gov/hurricane-milton is too short; skipping.
2024-10-12 10:41:04,837 [INFO] Article at https://www.nbcnews.com/weather/hurricanes/live-blog/hurricane-milton-live-updates-rcna174774 is too short; skipping.
2024-10-12 10:41:04,845 [INFO] No content retrieved or article skipped.
2024-10-12 10:41:04,845 [INFO] No content retrieved or article skipped.
2024-10-12 10:41:04,846 [INFO] No content retrieved or article skipped.
2024-10-12 10:41:04,846 [INFO] No content retrieved or article skipped.
2024-10-12 10:41:04,846 [INFO] No content retrieved or article skipped.
2024-10-12 10:41:04,846 [INFO] Article 'Hurricane Milton makes landfall as Category 3 on Florida's west coast' added to valid articles.
2024-10-12 10:41:04,847 [INFO] Article 'Hurricane Milton rapidly intensifies into Category 5 hurricane, becoming the Gulf's strongest late-season storm on record' added to valid articles.
2024-10-12 10:41:04,847 [INFO] Article 'Hurricane Milton – Walmart's Response' added to valid articles.
2024-10-12 10:41:04,847 [INFO] Article 'Hurricane Milton Recap' added to valid articles.
2024-10-12 10:41:04,848 [INFO] No content retrieved or article skipped.
2024-10-12 10:41:04,849 [INFO] Data written to articles.json.
2024-10-12 10:55:34,852 [INFO] Collecting URLs...
2024-10-12 10:55:56,371 [INFO] Collected 10 URLs after filtering.
2024-10-12 10:55:56,372 [INFO] Scraping content from collected URLs...
2024-10-12 10:55:57,321 [INFO] Article at https://play.google.com/store/apps/details?id=com.aliaman.timetablenotificare&hl=en_US is too short; skipping.
2024-10-12 10:55:58,414 [INFO] Article at https://nu.insigniails.com/library/Home is too short; skipping.
2024-10-12 10:55:58,606 [INFO] Article at https://khi.nu.edu.pk/ is too short; skipping.
2024-10-12 10:55:58,804 [INFO] Article at https://nu.edu.pk/Career is too short; skipping.
2024-10-12 10:56:00,571 [INFO] Article at https://github.com/Hamza5743/TimeTableGenerator is too short; skipping.
2024-10-12 10:56:00,575 [INFO] No content retrieved or article skipped.
2024-10-12 10:56:00,575 [INFO] Article 'FAST NUCES Lahore' added to valid articles.
2024-10-12 10:56:00,575 [INFO] Article 'FAST NUCES' added to valid articles.
2024-10-12 10:56:00,576 [INFO] Article 'FAST National University' added to valid articles.
2024-10-12 10:56:00,576 [INFO] No content retrieved or article skipped.
2024-10-12 10:56:00,576 [INFO] Article 'CFP' added to valid articles.
2024-10-12 10:56:00,577 [INFO] No content retrieved or article skipped.
2024-10-12 10:56:00,577 [INFO] No content retrieved or article skipped.
2024-10-12 10:56:00,577 [INFO] Article 'NUCES Peshawar' added to valid articles.
2024-10-12 10:56:00,578 [INFO] Data written to articles.json.
2024-10-12 10:56:36,091 [INFO] Collecting URLs...
2024-10-12 10:57:12,010 [INFO] Collected 10 URLs after filtering.
2024-10-12 10:57:12,012 [INFO] Scraping content from collected URLs...
2024-10-12 10:57:17,289 [ERROR] Failed to fetch https://www.reuters.com/world/middle-east/iran-says-it-has-finished-attack-israel-amid-fears-spreading-conflict-2024-10-02/: HTTP 401
2024-10-12 10:57:20,733 [INFO] Article at https://www.nbcnews.com/news/world/live-blog/israel-iran-live-updates-netanyahu-biden-idf-hezbollah-lebanon-gaza-rcna174629 is too short; skipping.
2024-10-12 10:57:27,363 [INFO] Article at https://www.defense.gov/News/News-Stories/Article/Article/3923123/us-assets-in-mediterranean-again-helped-defend-israel-against-iranian-missiles/ is too short; skipping.
2024-10-12 10:57:27,366 [INFO] Article 'What we know about Iran's latest missile attack on Israel' added to valid articles.
2024-10-12 10:57:27,367 [INFO] Article 'Iran carries out a massive missile attack on Israel, expanding the Middle East conflict' added to valid articles.
2024-10-12 10:57:27,367 [INFO] Article 'Why Is Iran Delaying Its Vowed Attack On Israel?' added to valid articles.
2024-10-12 10:57:27,367 [INFO] Article 'Iran’s missile attack against Israel: What we know and what comes next' added to valid articles.
2024-10-12 10:57:27,368 [INFO] No content retrieved or article skipped.
2024-10-12 10:57:27,368 [INFO] Article 'Assessing Israel’s Strike on Iran' added to valid articles.
2024-10-12 10:57:27,369 [INFO] Data written to articles.json.
2024-10-12 10:57:27,369 [INFO] Errors encountered during scraping:
2024-10-12 10:57:27,370 [INFO] Failed to fetch https://www.reuters.com/world/middle-east/iran-says-it-has-finished-attack-israel-amid-fears-spreading-conflict-2024-10-02/: HTTP 401
2024-10-12 13:17:00,686 [INFO] Collecting URLs...
2024-10-12 13:17:22,077 [INFO] Collected 10 URLs after filtering.
2024-10-12 13:17:22,077 [INFO] Scraping content from collected URLs...
2024-10-12 13:17:24,313 [INFO] Article at https://business.batangascity.gov.ph/product.php?football%20international%20break%20fixtures is too short; skipping.
2024-10-12 13:17:28,711 [INFO] Article at https://www.skysports.com/internationals-fixtures is too short; skipping.
2024-10-12 13:17:30,762 [INFO] Article at https://www.themoscowtimes.com/2024/10/09/russian-football-team-left-without-opponents-for-international-break-a86634 is too short; skipping.
2024-10-12 13:17:30,765 [INFO] Article 'When are the international breaks this season?' added to valid articles.
2024-10-12 13:17:30,766 [INFO] No content retrieved or article skipped.
2024-10-12 13:17:30,766 [INFO] Article '2024 Men's International Friendly Schedule' added to valid articles.
2024-10-12 13:17:30,766 [INFO] Article 'International break winners and losers: USMNT, Kylian Mbappe and Brazil all had a horrible couple of weeks' added to valid articles.
2024-10-12 13:17:30,767 [INFO] Article 'When Are the Next International Breaks in English Football?' added to valid articles.
2024-10-12 13:17:30,767 [INFO] Article 'Milan: Pulisic’s late return from international break concerns Fonseca' added to valid articles.
2024-10-12 13:17:30,770 [INFO] Data written to articles.json.
2024-11-29 01:49:09,914 [INFO] Collecting URLs...
2024-11-29 02:01:33,486 [INFO] Collecting URLs...
2024-12-03 22:58:57,855 [INFO] Collecting URLs...
<<<<<<< HEAD
2024-12-11 00:36:39,751 [INFO] Scrape request received: Query='Babar Azam', Num URLs=5
2024-12-11 00:36:40,862 [INFO] Fetching robots.txt from https://www.espncricinfo.com/robots.txt
2024-12-11 00:36:41,725 [INFO] Fetching robots.txt from https://www.cricbuzz.com/robots.txt
2024-12-11 00:36:42,143 [INFO] Fetching robots.txt from https://www.facebook.com/robots.txt
2024-12-11 00:36:42,310 [INFO] Scraping not allowed for https://www.facebook.com/MBabarAzamPakistan/ as per robots.txt.
2024-12-11 00:36:42,310 [INFO] Fetching robots.txt from https://x.com/robots.txt
2024-12-11 00:36:47,618 [INFO] Timeout occurred while fetching https://x.com/robots.txt
2024-12-11 00:36:47,619 [INFO] Skipping https://x.com/babarazam258 as robots.txt could not be fetched.
2024-12-11 00:36:47,620 [INFO] Fetching robots.txt from https://www.facebook.com/robots.txt
2024-12-11 00:36:47,750 [INFO] Scraping not allowed for https://www.facebook.com/MBabarAzamPakistan/posts/honored-to-have-my-bat-among-legends-at-the-mcg-long-room/976491941175906/ as per robots.txt.
2024-12-11 00:36:49,888 [INFO] Fetching robots.txt from https://twitter.com/robots.txt
2024-12-11 00:36:55,636 [INFO] Timeout occurred while fetching https://twitter.com/robots.txt
2024-12-11 00:36:55,637 [INFO] Skipping https://twitter.com/babarazam258/status/1852281448792740200 as robots.txt could not be fetched.
2024-12-11 00:36:55,637 [INFO] Fetching robots.txt from https://apnews.com/robots.txt
2024-12-11 00:36:56,202 [INFO] Fetching robots.txt from https://www.gray-nicolls.com.au/robots.txt
2024-12-11 00:36:57,127 [INFO] Fetching robots.txt from https://www.icc-cricket.com/robots.txt
2024-12-11 00:36:57,323 [INFO] Fetching robots.txt from https://www.quora.com/robots.txt
2024-12-11 00:36:57,750 [INFO] Scraping not allowed for https://www.quora.com/Why-are-Pakistanis-rating-Babar-Azam-as-the-world-s-best-batsman-and-king as per robots.txt.
2024-12-11 00:36:57,751 [INFO] Fetching robots.txt from https://www.aljazeera.com/robots.txt
2024-12-11 00:36:58,440 [INFO] Fetching robots.txt from https://sports.ndtv.com/robots.txt
2024-12-11 00:36:58,906 [INFO] Fetching robots.txt from https://acceducate.org/robots.txt
2024-12-11 00:36:59,865 [INFO] Fetching robots.txt from https://www.thehindu.com/robots.txt
2024-12-11 00:37:02,568 [INFO] Fetching robots.txt from https://africa.espn.com/robots.txt
2024-12-11 00:37:03,704 [INFO] Fetching robots.txt from https://www.hindustantimes.com/robots.txt
2024-12-11 00:37:03,912 [INFO] Fetching robots.txt from https://arynews.tv/robots.txt
2024-12-11 00:37:04,241 [INFO] Fetching robots.txt from https://timesofindia.indiatimes.com/robots.txt
2024-12-11 00:37:04,996 [INFO] Fetching robots.txt from https://www.livemint.com/robots.txt
2024-12-11 00:37:05,714 [INFO] Fetching robots.txt from https://indianexpress.com/robots.txt
2024-12-11 00:37:06,191 [INFO] Non-200 response from https://indianexpress.com/robots.txt: 403
2024-12-11 00:37:06,193 [INFO] Skipping https://indianexpress.com/article/sports/cricket/babar-azam-defamation-notice-journalist-match-fixing-t20-world-cup-2024-9412139/ as robots.txt could not be fetched.
2024-12-11 00:37:06,194 [INFO] Fetching robots.txt from https://www.barrons.com/robots.txt
2024-12-11 00:37:07,268 [INFO] Non-200 response from https://www.barrons.com/robots.txt: 403
2024-12-11 00:37:07,270 [INFO] Skipping https://www.barrons.com/news/dropped-the-rise-and-fall-of-pakistan-batting-maestro-babar-azam-1427ea7c as robots.txt could not be fetched.
2024-12-11 00:37:07,271 [INFO] Fetching robots.txt from https://www.gray-nicolls.co.uk/robots.txt
2024-12-11 00:37:07,550 [INFO] Fetching robots.txt from https://tribune.com.pk/robots.txt
2024-12-11 00:37:08,064 [INFO] Fetching robots.txt from https://www.bbc.com/robots.txt
2024-12-11 00:37:08,463 [INFO] Collected 10 URLs after filtering.
2024-12-11 00:37:08,464 [INFO] Scraping content from collected URLs...
2024-12-11 00:37:15,318 [INFO] Article at https://www.icc-cricket.com/rankings/59429/babar-azam is too short; skipping.
2024-12-11 00:37:16,168 [INFO] Article 'Babar Azam Players Edition Bat' added to valid articles.
2024-12-11 00:37:16,168 [INFO] Article 'A Journey of Inspiration Dinner: Babar Azam and Mohammad Rizwan – A Continuous Charity' added to valid articles.
2024-12-11 00:37:16,169 [INFO] Article 'Babar Azam to miss remainder of England series as Pakistan gives out-of-form star batter a rest' added to valid articles.
2024-12-11 00:37:16,169 [INFO] Article 'News, Photos, Stats, Ranking, Records - NDTV Sports' added to valid articles.
2024-12-11 00:37:16,170 [INFO] Article 'Babar Azam Profile - Cricket Player Pakistan' added to valid articles.
2024-12-11 00:37:41,997 [INFO] Summarization request received for URL: https://acceducate.org/events/a-journey-of-inspiration-dinner-babar-azam-and-mohammad-rizwan/
2024-12-11 00:37:42,998 [INFO] Fetching robots.txt from https://acceducate.org/robots.txt
2024-12-11 00:37:43,054 [INFO] Fetching robots.txt from https://acceducate.org/robots.txt
2024-12-11 00:37:43,094 [INFO] Fetching robots.txt from https://www.facebook.com/robots.txt
2024-12-11 00:37:43,248 [INFO] Scraping not allowed for https://www.facebook.com/acontinuouscharity/posts/a-journey-of-inspiration-with-babar-azam-and-mohammad-rizwan/746321637714561/ as per robots.txt.
2024-12-11 00:37:43,249 [INFO] Fetching robots.txt from https://acceducate.org/robots.txt
2024-12-11 00:37:43,300 [INFO] Collected 1 URLs after filtering.
2024-12-11 00:37:43,317 [INFO] Scraping content from collected URLs...
2024-12-11 00:37:44,097 [INFO] Article 'A Journey of Inspiration Dinner: Babar Azam and Mohammad Rizwan – A Continuous Charity' added to valid articles.
2024-12-11 00:39:03,174 [INFO] Scrape request received: Query='Babar Azam', Num URLs=5
2024-12-11 00:39:04,168 [INFO] Fetching robots.txt from https://www.espncricinfo.com/robots.txt
2024-12-11 00:39:04,844 [INFO] Fetching robots.txt from https://www.cricbuzz.com/robots.txt
2024-12-11 00:39:05,222 [INFO] Fetching robots.txt from https://www.facebook.com/robots.txt
2024-12-11 00:39:05,363 [INFO] Scraping not allowed for https://www.facebook.com/MBabarAzamPakistan/ as per robots.txt.
2024-12-11 00:39:05,364 [INFO] Fetching robots.txt from https://x.com/robots.txt
2024-12-11 00:39:10,631 [INFO] Timeout occurred while fetching https://x.com/robots.txt
2024-12-11 00:39:10,634 [INFO] Skipping https://x.com/babarazam258 as robots.txt could not be fetched.
2024-12-11 00:39:10,635 [INFO] Fetching robots.txt from https://www.facebook.com/robots.txt
2024-12-11 00:39:10,810 [INFO] Scraping not allowed for https://www.facebook.com/MBabarAzamPakistan/posts/honored-to-have-my-bat-among-legends-at-the-mcg-long-room/976491941175906/ as per robots.txt.
2024-12-11 00:39:12,629 [INFO] Fetching robots.txt from https://twitter.com/robots.txt
2024-12-11 00:39:18,635 [INFO] Timeout occurred while fetching https://twitter.com/robots.txt
2024-12-11 00:39:18,637 [INFO] Skipping https://twitter.com/babarazam258/status/1852281448792740200 as robots.txt could not be fetched.
2024-12-11 00:39:18,638 [INFO] Fetching robots.txt from https://apnews.com/robots.txt
2024-12-11 00:39:18,717 [INFO] Fetching robots.txt from https://www.gray-nicolls.com.au/robots.txt
2024-12-11 00:39:18,972 [INFO] Fetching robots.txt from https://www.icc-cricket.com/robots.txt
2024-12-11 00:39:19,116 [INFO] Fetching robots.txt from https://www.quora.com/robots.txt
2024-12-11 00:39:19,541 [INFO] Scraping not allowed for https://www.quora.com/Why-are-Pakistanis-rating-Babar-Azam-as-the-world-s-best-batsman-and-king as per robots.txt.
2024-12-11 00:39:19,543 [INFO] Fetching robots.txt from https://www.aljazeera.com/robots.txt
2024-12-11 00:39:20,250 [INFO] Fetching robots.txt from https://sports.ndtv.com/robots.txt
2024-12-11 00:39:20,714 [INFO] Fetching robots.txt from https://acceducate.org/robots.txt
2024-12-11 00:39:20,761 [INFO] Fetching robots.txt from https://www.thehindu.com/robots.txt
2024-12-11 00:39:22,926 [INFO] Fetching robots.txt from https://africa.espn.com/robots.txt
2024-12-11 00:39:23,147 [INFO] Fetching robots.txt from https://www.hindustantimes.com/robots.txt
2024-12-11 00:39:23,363 [INFO] Fetching robots.txt from https://arynews.tv/robots.txt
2024-12-11 00:39:23,455 [INFO] Fetching robots.txt from https://timesofindia.indiatimes.com/robots.txt
2024-12-11 00:39:24,087 [INFO] Fetching robots.txt from https://www.livemint.com/robots.txt
2024-12-11 00:39:24,975 [INFO] Fetching robots.txt from https://indianexpress.com/robots.txt
2024-12-11 00:39:25,521 [INFO] Non-200 response from https://indianexpress.com/robots.txt: 403
2024-12-11 00:39:25,523 [INFO] Skipping https://indianexpress.com/article/sports/cricket/babar-azam-defamation-notice-journalist-match-fixing-t20-world-cup-2024-9412139/ as robots.txt could not be fetched.
2024-12-11 00:39:25,524 [INFO] Fetching robots.txt from https://tribune.com.pk/robots.txt
2024-12-11 00:39:25,579 [INFO] Fetching robots.txt from https://www.barrons.com/robots.txt
2024-12-11 00:39:26,470 [INFO] Non-200 response from https://www.barrons.com/robots.txt: 403
2024-12-11 00:39:26,471 [INFO] Skipping https://www.barrons.com/news/dropped-the-rise-and-fall-of-pakistan-batting-maestro-babar-azam-1427ea7c as robots.txt could not be fetched.
2024-12-11 00:39:26,473 [INFO] Fetching robots.txt from https://www.gray-nicolls.co.uk/robots.txt
2024-12-11 00:39:26,746 [INFO] Fetching robots.txt from https://www.bbc.com/robots.txt
2024-12-11 00:39:27,336 [INFO] Collected 10 URLs after filtering.
2024-12-11 00:39:27,337 [INFO] Scraping content from collected URLs...
2024-12-11 00:39:28,959 [INFO] Article at https://www.icc-cricket.com/rankings/59429/babar-azam is too short; skipping.
2024-12-11 00:39:32,987 [INFO] Article 'Babar Azam resigns as Pakistan captain from limited-overs cricket' added to valid articles.
2024-12-11 00:39:32,988 [INFO] Article 'Babar Azam to miss remainder of England series as Pakistan gives out-of-form star batter a rest' added to valid articles.
2024-12-11 00:39:32,988 [INFO] No content retrieved or article skipped.
2024-12-11 00:39:32,988 [INFO] Article 'News, Photos, Stats, Ranking, Records - NDTV Sports' added to valid articles.
2024-12-11 00:39:32,988 [INFO] Article 'Babar Azam Profile - ICC Ranking, Age, Career Info & Stats' added to valid articles.
2024-12-11 00:39:32,990 [INFO] Article 'Babar Azam set to be dropped for second Test against England' added to valid articles.
2024-12-11 00:39:38,447 [INFO] Summarization request received for URL: https://www.thehindu.com/sport/cricket/babar-azam-resigns-as-pakistan-captain-from-limited-overs-cricket/article68708500.ece
2024-12-11 00:39:39,414 [INFO] Fetching robots.txt from https://www.thehindu.com/robots.txt
2024-12-11 00:39:39,471 [INFO] Collected 1 URLs after filtering.
2024-12-11 00:39:39,471 [INFO] Scraping content from collected URLs...
2024-12-11 00:39:39,709 [INFO] Article 'Babar Azam resigns as Pakistan captain from limited-overs cricket' added to valid articles.
2024-12-11 00:40:13,698 [INFO] Video generation request received: Article ID=0, Character Attire='formal', Input Language='en', Output Language='en'
2024-12-11 00:40:13,699 [ERROR] Video generation failed: name 'config' is not defined
2024-12-11 01:25:44,810 [INFO] Scrape request received: Query='Babar Azam', Num URLs=5
2024-12-11 01:25:45,856 [INFO] Fetching robots.txt from https://www.espncricinfo.com/robots.txt
2024-12-11 01:25:46,447 [INFO] Fetching robots.txt from https://www.cricbuzz.com/robots.txt
2024-12-11 01:25:46,876 [INFO] Fetching robots.txt from https://www.facebook.com/robots.txt
2024-12-11 01:25:47,012 [INFO] Scraping not allowed for https://www.facebook.com/MBabarAzamPakistan/ as per robots.txt.
2024-12-11 01:25:47,012 [INFO] Fetching robots.txt from https://x.com/robots.txt
2024-12-11 01:25:52,621 [INFO] Timeout occurred while fetching https://x.com/robots.txt
2024-12-11 01:25:52,621 [INFO] Skipping https://x.com/babarazam258 as robots.txt could not be fetched.
2024-12-11 01:25:52,623 [INFO] Fetching robots.txt from https://www.facebook.com/robots.txt
2024-12-11 01:25:52,746 [INFO] Scraping not allowed for https://www.facebook.com/MBabarAzamPakistan/posts/honored-to-have-my-bat-among-legends-at-the-mcg-long-room/976491941175906/ as per robots.txt.
2024-12-11 01:25:54,823 [INFO] Fetching robots.txt from https://twitter.com/robots.txt
2024-12-11 01:26:00,611 [INFO] Timeout occurred while fetching https://twitter.com/robots.txt
2024-12-11 01:26:00,612 [INFO] Skipping https://twitter.com/babarazam258/status/1852281448792740200 as robots.txt could not be fetched.
2024-12-11 01:26:00,613 [INFO] Fetching robots.txt from https://apnews.com/robots.txt
2024-12-11 01:26:00,684 [INFO] Fetching robots.txt from https://www.gray-nicolls.com.au/robots.txt
2024-12-11 01:26:00,985 [INFO] Fetching robots.txt from https://www.icc-cricket.com/robots.txt
2024-12-11 01:26:01,495 [INFO] Fetching robots.txt from https://www.quora.com/robots.txt
2024-12-11 01:26:01,880 [INFO] Scraping not allowed for https://www.quora.com/Why-are-Pakistanis-rating-Babar-Azam-as-the-world-s-best-batsman-and-king as per robots.txt.
2024-12-11 01:26:01,881 [INFO] Fetching robots.txt from https://www.aljazeera.com/robots.txt
2024-12-11 01:26:02,740 [INFO] Fetching robots.txt from https://sports.ndtv.com/robots.txt
2024-12-11 01:26:03,167 [INFO] Fetching robots.txt from https://acceducate.org/robots.txt
2024-12-11 01:26:03,216 [INFO] Fetching robots.txt from https://www.thehindu.com/robots.txt
2024-12-11 01:26:05,285 [INFO] Fetching robots.txt from https://africa.espn.com/robots.txt
2024-12-11 01:26:05,520 [INFO] Fetching robots.txt from https://www.hindustantimes.com/robots.txt
2024-12-11 01:26:05,784 [INFO] Fetching robots.txt from https://arynews.tv/robots.txt
2024-12-11 01:26:06,944 [INFO] Fetching robots.txt from https://timesofindia.indiatimes.com/robots.txt
2024-12-11 01:26:07,806 [INFO] Fetching robots.txt from https://www.livemint.com/robots.txt
2024-12-11 01:26:08,610 [INFO] Fetching robots.txt from https://indianexpress.com/robots.txt
2024-12-11 01:26:09,075 [INFO] Non-200 response from https://indianexpress.com/robots.txt: 403
2024-12-11 01:26:09,076 [INFO] Skipping https://indianexpress.com/article/sports/cricket/babar-azam-defamation-notice-journalist-match-fixing-t20-world-cup-2024-9412139/ as robots.txt could not be fetched.
2024-12-11 01:26:09,077 [INFO] Fetching robots.txt from https://www.barrons.com/robots.txt
2024-12-11 01:26:09,945 [INFO] Non-200 response from https://www.barrons.com/robots.txt: 403
2024-12-11 01:26:09,946 [INFO] Skipping https://www.barrons.com/news/dropped-the-rise-and-fall-of-pakistan-batting-maestro-babar-azam-1427ea7c as robots.txt could not be fetched.
2024-12-11 01:26:09,947 [INFO] Fetching robots.txt from https://www.gray-nicolls.co.uk/robots.txt
2024-12-11 01:26:10,267 [INFO] Fetching robots.txt from https://tribune.com.pk/robots.txt
2024-12-11 01:26:10,663 [INFO] Fetching robots.txt from https://www.bbc.com/robots.txt
2024-12-11 01:26:10,856 [INFO] Collected 10 URLs after filtering.
2024-12-11 01:26:10,857 [INFO] Scraping content from collected URLs...
2024-12-11 01:26:16,408 [INFO] Article at https://www.icc-cricket.com/rankings/59429/babar-azam is too short; skipping.
2024-12-11 01:26:16,412 [INFO] Article 'Babar Azam to miss remainder of England series as Pakistan gives out-of-form star batter a rest' added to valid articles.
2024-12-11 01:26:16,412 [INFO] Article 'A Journey of Inspiration Dinner: Babar Azam and Mohammad Rizwan – A Continuous Charity' added to valid articles.
2024-12-11 01:26:16,414 [INFO] Article 'Babar Azam Players Edition Bat' added to valid articles.
2024-12-11 01:26:16,414 [INFO] Article 'Babar Azam Profile - ICC Ranking, Age, Career Info & Stats' added to valid articles.
2024-12-11 01:26:16,414 [INFO] Article 'Babar Azam Profile - Cricket Player Pakistan' added to valid articles.
2024-12-11 01:26:16,415 [ERROR] Summarization failed for article 'Babar Azam to miss remainder of England series as Pakistan gives out-of-form star batter a rest': name 'tokenizer' is not defined
2024-12-11 01:26:16,417 [ERROR] Summarization failed for article 'A Journey of Inspiration Dinner: Babar Azam and Mohammad Rizwan – A Continuous Charity': name 'tokenizer' is not defined
2024-12-11 01:26:16,418 [ERROR] Summarization failed for article 'Babar Azam Players Edition Bat': name 'tokenizer' is not defined
2024-12-11 01:26:16,418 [ERROR] Summarization failed for article 'Babar Azam Profile - ICC Ranking, Age, Career Info & Stats': name 'tokenizer' is not defined
2024-12-11 01:26:16,419 [ERROR] Summarization failed for article 'Babar Azam Profile - Cricket Player Pakistan': name 'tokenizer' is not defined
2024-12-11 01:26:16,419 [ERROR] Final summarization failed: name 'tokenizer' is not defined
2024-12-11 01:26:16,420 [INFO] Data written to output.json.
2024-12-11 01:26:44,640 [INFO] Scrape request received: Query='Babar Azam', Num URLs=5
2024-12-11 01:26:45,711 [INFO] Fetching robots.txt from https://www.espncricinfo.com/robots.txt
2024-12-11 01:26:46,592 [INFO] Fetching robots.txt from https://www.cricbuzz.com/robots.txt
2024-12-11 01:26:47,036 [INFO] Fetching robots.txt from https://www.facebook.com/robots.txt
2024-12-11 01:26:47,161 [INFO] Scraping not allowed for https://www.facebook.com/MBabarAzamPakistan/ as per robots.txt.
2024-12-11 01:26:47,162 [INFO] Fetching robots.txt from https://x.com/robots.txt
2024-12-11 01:26:52,622 [INFO] Timeout occurred while fetching https://x.com/robots.txt
2024-12-11 01:26:52,622 [INFO] Skipping https://x.com/babarazam258 as robots.txt could not be fetched.
2024-12-11 01:26:52,623 [INFO] Fetching robots.txt from https://www.facebook.com/robots.txt
2024-12-11 01:26:52,891 [INFO] Scraping not allowed for https://www.facebook.com/MBabarAzamPakistan/posts/honored-to-have-my-bat-among-legends-at-the-mcg-long-room/976491941175906/ as per robots.txt.
2024-12-11 01:26:55,019 [INFO] Fetching robots.txt from https://twitter.com/robots.txt
2024-12-11 01:27:00,636 [INFO] Timeout occurred while fetching https://twitter.com/robots.txt
2024-12-11 01:27:00,637 [INFO] Skipping https://twitter.com/babarazam258/status/1852281448792740200 as robots.txt could not be fetched.
2024-12-11 01:27:00,637 [INFO] Fetching robots.txt from https://apnews.com/robots.txt
2024-12-11 01:27:00,678 [INFO] Fetching robots.txt from https://www.gray-nicolls.com.au/robots.txt
2024-12-11 01:27:00,916 [INFO] Fetching robots.txt from https://www.icc-cricket.com/robots.txt
2024-12-11 01:27:01,047 [INFO] Fetching robots.txt from https://www.quora.com/robots.txt
2024-12-11 01:27:01,429 [INFO] Scraping not allowed for https://www.quora.com/Why-are-Pakistanis-rating-Babar-Azam-as-the-world-s-best-batsman-and-king as per robots.txt.
2024-12-11 01:27:01,430 [INFO] Fetching robots.txt from https://www.aljazeera.com/robots.txt
2024-12-11 01:27:01,990 [INFO] Fetching robots.txt from https://sports.ndtv.com/robots.txt
2024-12-11 01:27:02,418 [INFO] Fetching robots.txt from https://acceducate.org/robots.txt
2024-12-11 01:27:02,461 [INFO] Fetching robots.txt from https://www.thehindu.com/robots.txt
2024-12-11 01:27:04,580 [INFO] Fetching robots.txt from https://africa.espn.com/robots.txt
2024-12-11 01:27:04,748 [INFO] Fetching robots.txt from https://www.hindustantimes.com/robots.txt
2024-12-11 01:27:05,051 [INFO] Fetching robots.txt from https://arynews.tv/robots.txt
2024-12-11 01:27:05,100 [INFO] Fetching robots.txt from https://timesofindia.indiatimes.com/robots.txt
2024-12-11 01:27:05,787 [INFO] Fetching robots.txt from https://www.livemint.com/robots.txt
2024-12-11 01:27:06,736 [INFO] Fetching robots.txt from https://indianexpress.com/robots.txt
2024-12-11 01:27:07,255 [INFO] Non-200 response from https://indianexpress.com/robots.txt: 403
2024-12-11 01:27:07,256 [INFO] Skipping https://indianexpress.com/article/sports/cricket/babar-azam-defamation-notice-journalist-match-fixing-t20-world-cup-2024-9412139/ as robots.txt could not be fetched.
2024-12-11 01:27:07,256 [INFO] Fetching robots.txt from https://www.barrons.com/robots.txt
2024-12-11 01:27:08,036 [INFO] Non-200 response from https://www.barrons.com/robots.txt: 403
2024-12-11 01:27:08,036 [INFO] Skipping https://www.barrons.com/news/dropped-the-rise-and-fall-of-pakistan-batting-maestro-babar-azam-1427ea7c as robots.txt could not be fetched.
2024-12-11 01:27:08,037 [INFO] Fetching robots.txt from https://www.gray-nicolls.co.uk/robots.txt
2024-12-11 01:27:08,288 [INFO] Fetching robots.txt from https://tribune.com.pk/robots.txt
2024-12-11 01:27:08,367 [INFO] Fetching robots.txt from https://www.bbc.com/robots.txt
2024-12-11 01:27:08,553 [INFO] Collected 10 URLs after filtering.
2024-12-11 01:27:08,553 [INFO] Scraping content from collected URLs...
2024-12-11 01:27:12,555 [INFO] Article at https://www.icc-cricket.com/rankings/59429/babar-azam is too short; skipping.
2024-12-11 01:27:12,560 [INFO] Article 'Babar Azam to miss remainder of England series as Pakistan gives out-of-form star batter a rest' added to valid articles.
2024-12-11 01:27:12,560 [INFO] Article 'Babar Azam Players Edition Bat' added to valid articles.
2024-12-11 01:27:12,560 [INFO] Article 'A Journey of Inspiration Dinner: Babar Azam and Mohammad Rizwan – A Continuous Charity' added to valid articles.
2024-12-11 01:27:12,561 [INFO] Article 'Babar Azam Profile - ICC Ranking, Age, Career Info & Stats' added to valid articles.
2024-12-11 01:27:12,561 [INFO] Article 'Babar Azam Profile - Cricket Player Pakistan' added to valid articles.
2024-12-11 01:27:12,561 [ERROR] Summarization failed for article 'Babar Azam to miss remainder of England series as Pakistan gives out-of-form star batter a rest': name 'tokenizer' is not defined
2024-12-11 01:27:12,562 [ERROR] Summarization failed for article 'Babar Azam Players Edition Bat': name 'tokenizer' is not defined
2024-12-11 01:27:12,562 [ERROR] Summarization failed for article 'A Journey of Inspiration Dinner: Babar Azam and Mohammad Rizwan – A Continuous Charity': name 'tokenizer' is not defined
2024-12-11 01:27:12,562 [ERROR] Summarization failed for article 'Babar Azam Profile - ICC Ranking, Age, Career Info & Stats': name 'tokenizer' is not defined
2024-12-11 01:27:12,562 [ERROR] Summarization failed for article 'Babar Azam Profile - Cricket Player Pakistan': name 'tokenizer' is not defined
2024-12-11 01:27:12,563 [ERROR] Final summarization failed: name 'tokenizer' is not defined
2024-12-11 01:27:12,565 [INFO] Data written to output.json.
2024-12-11 01:27:32,254 [INFO] Summarization request received for URL: https://www.gray-nicolls.com.au/products/babar-azam-players-edition-bat
2024-12-11 01:27:33,304 [INFO] Fetching robots.txt from https://www.gray-nicolls.com.au/robots.txt
2024-12-11 01:27:33,535 [INFO] Fetching robots.txt from https://m.facebook.com/robots.txt
2024-12-11 01:27:33,888 [INFO] Scraping not allowed for https://m.facebook.com/story.php?story_fbid=920461610116349&id=100064575554236 as per robots.txt.
2024-12-11 01:27:33,888 [INFO] Fetching robots.txt from https://www.gray-nicolls.com.au/robots.txt
2024-12-11 01:27:34,117 [INFO] Fetching robots.txt from https://www.facebook.com/robots.txt
2024-12-11 01:27:34,255 [INFO] Scraping not allowed for https://www.facebook.com/GrayNicolls.AUSNZ/?locale=en_GB as per robots.txt.
2024-12-11 01:27:34,256 [INFO] Fetching robots.txt from https://www.gray-nicolls.co.uk/robots.txt
2024-12-11 01:27:34,488 [INFO] Fetching robots.txt from https://www.facebook.com/robots.txt
2024-12-11 01:27:34,617 [INFO] Scraping not allowed for https://www.facebook.com/photo.php?fbid=893644812798029&id=100064575554236&set=a.558105529685294 as per robots.txt.
2024-12-11 01:27:34,618 [INFO] Fetching robots.txt from https://www.gray-nicolls.co.uk/robots.txt
2024-12-11 01:27:34,871 [INFO] Fetching robots.txt from https://www.facebook.com/robots.txt
2024-12-11 01:27:35,000 [INFO] Scraping not allowed for https://www.facebook.com/photo.php?fbid=985855233576986&id=100064575554236&set=a.558105529685294 as per robots.txt.
2024-12-11 01:27:35,001 [INFO] Fetching robots.txt from https://www.meulemans.com.au/robots.txt
2024-12-11 01:27:36,248 [INFO] Fetching robots.txt from https://www.facebook.com/robots.txt
2024-12-11 01:27:36,374 [INFO] Scraping not allowed for https://www.facebook.com/photo.php?fbid=3092538544095357&id=424274204255151&set=a.502787096403861 as per robots.txt.
2024-12-11 01:27:36,375 [INFO] Collected 1 URLs after filtering.
2024-12-11 01:27:36,376 [INFO] Scraping content from collected URLs...
2024-12-11 01:27:36,982 [INFO] Article 'Babar Azam Players Edition Bat' added to valid articles.
2024-12-11 01:27:36,983 [ERROR] Summarization failed for article 'Babar Azam Players Edition Bat': name 'tokenizer' is not defined
2024-12-11 01:27:36,984 [ERROR] Final summarization failed: name 'tokenizer' is not defined
2024-12-11 01:27:36,985 [INFO] Data written to output.json.
=======
2024-12-09 23:20:38,534 [INFO] Collecting URLs...
2024-12-09 23:29:55,021 [INFO] Collecting URLs...
2024-12-09 23:29:57,979 [ERROR] Error fetching robots.txt from https://olympics.com/robots.txt: Remote end closed connection without response
2024-12-09 23:57:19,265 [INFO] Collecting URLs...
2024-12-10 00:07:40,979 [INFO] Collecting URLs...
2024-12-10 00:07:44,193 [ERROR] Error fetching robots.txt from https://olympics.com/robots.txt: Remote end closed connection without response
2024-12-10 00:08:13,623 [INFO] Collecting URLs...
2024-12-10 00:08:15,436 [WARNING] Scraping not allowed for https://www.facebook.com/MBabarAzamPakistan/ as per robots.txt.
2024-12-10 00:08:15,618 [WARNING] Scraping not allowed for https://www.facebook.com/MBabarAzamPakistan/posts/honored-to-have-my-bat-among-legends-at-the-mcg-long-room/976491941175906/ as per robots.txt.
2024-12-10 00:10:21,682 [INFO] Collecting URLs...
2024-12-10 00:12:21,501 [INFO] Collecting URLs...
2024-12-10 02:07:22,183 [INFO] Collecting URLs...
2024-12-10 02:11:55,028 [INFO] Collecting URLs...
2024-12-10 02:12:09,970 [INFO] Collected 10 URLs after filtering.
2024-12-10 02:12:09,970 [INFO] Scraping content from collected URLs...
2024-12-10 02:12:10,166 [ERROR] Failed to fetch https://www.reuters.com/sports/olympics/mud-brick-house-olympic-podium-arshad-nadeem-is-unlikely-pakistani-hero-2024-08-09/: HTTP 401
2024-12-10 02:12:14,030 [INFO] No content retrieved or article skipped.
2024-12-10 02:12:14,030 [INFO] Article 'Life, Achievements, Medals, Best Throw, & Olympic Win' added to valid articles.
2024-12-10 02:12:14,030 [INFO] Article 'Pakistan's Arshad Nadeem won Olympic gold, $1 million in rewards and a buffalo : Goats and Soda : NPR' added to valid articles.
2024-12-10 02:12:14,030 [INFO] Article 'Arshad Nadeem, first Pakistani individual gold medalist, returns home a hero' added to valid articles.
2024-12-10 02:12:14,031 [INFO] Article 'Will Arshad Nadeem’s Olympic gold change the course for sports in Pakistan?' added to valid articles.
2024-12-10 02:12:14,031 [INFO] Article 'Pakistani athlete takes remarkable journey to Olympic gold' added to valid articles.
2024-12-10 02:12:14,033 [INFO] Data written to articles.json.
2024-12-10 02:12:14,033 [INFO] Errors encountered during scraping:
2024-12-10 02:12:14,033 [INFO] Failed to fetch https://www.reuters.com/sports/olympics/mud-brick-house-olympic-podium-arshad-nadeem-is-unlikely-pakistani-hero-2024-08-09/: HTTP 401
2024-12-10 02:12:56,319 [INFO] Collecting URLs...
2024-12-10 02:13:11,253 [INFO] Collected 10 URLs after filtering.
2024-12-10 02:13:11,254 [INFO] Scraping content from collected URLs...
2024-12-10 02:13:14,484 [INFO] Article at https://www.icc-cricket.com/rankings/59429/babar-azam is too short; skipping.
2024-12-10 02:13:14,740 [INFO] Article 'Babar Azam Profile - Cricket Player Pakistan' added to valid articles.
2024-12-10 02:13:14,741 [INFO] Article 'Babar Azam to miss remainder of England series as Pakistan gives out-of-form star batter a rest' added to valid articles.
2024-12-10 02:13:14,741 [INFO] Article 'Babar Azam Players Edition Bat' added to valid articles.
2024-12-10 02:13:14,741 [INFO] Article 'News, Photos, Stats, Ranking, Records - NDTV Sports' added to valid articles.
2024-12-10 02:13:14,741 [INFO] Article 'Babar Azam set to be dropped for second Test against England' added to valid articles.
2024-12-10 02:13:14,742 [INFO] Data written to articles.json.
2024-12-10 02:14:59,163 [INFO] Collecting URLs...
2024-12-10 02:15:27,253 [INFO] Collected 10 URLs after filtering.
2024-12-10 02:15:27,253 [INFO] Scraping content from collected URLs...
2024-12-10 02:15:27,858 [INFO] Article at https://soundcloud.com/pimpkepper/sigma-boy-sigma-boy is too short; skipping.
2024-12-10 02:15:28,530 [INFO] Article at https://tuna.voicemod.net/sound/53486da6-83b9-447d-81e3-ea0aec34c108 is too short; skipping.
2024-12-10 02:15:28,642 [INFO] Article at https://www.tiktok.com/@pifapenmark/video/7438323000279141664 is too short; skipping.
2024-12-10 02:15:29,358 [INFO] Article at https://tabs.ultimate-guitar.com/tab/betsy/sigma-boy-chords-5555631 is too short; skipping.
2024-12-10 02:15:29,652 [INFO] Article at https://www.zedge.net/ringtones/1906a64b-635b-4840-ae2c-f3d5ccc72751 is too short; skipping.
2024-12-10 02:15:30,174 [INFO] Article at https://www.qustodio.com/en/blog/what-does-sigma-mean/ is too short; skipping.
2024-12-10 02:15:30,175 [INFO] Article 'What Is The Sigma Sigma Boy Trend And How Did It Start? TikTok’s New VIRAL Craze Is Making The Internet Go Wild' added to valid articles.
2024-12-10 02:15:30,176 [INFO] No content retrieved or article skipped.
2024-12-10 02:15:30,176 [INFO] Article 'What is the ‘Sigma Sigma Boy’ TikTok trend? Viral song inspires memes' added to valid articles.
2024-12-10 02:15:30,176 [INFO] No content retrieved or article skipped.
2024-12-10 02:15:30,176 [INFO] Article 'What’s the story behind the ‘Sigma Sigma Boy’ tiktok trend? Viral song fuels a wave of memes' added to valid articles.
2024-12-10 02:15:30,176 [INFO] No content retrieved or article skipped.
2024-12-10 02:15:30,176 [INFO] Article 'What Is ‘Sigma Sigma Boy’ Viral Song Trend on TikTok?' added to valid articles.
2024-12-10 02:15:30,176 [INFO] No content retrieved or article skipped.
2024-12-10 02:15:30,177 [INFO] No content retrieved or article skipped.
2024-12-10 02:15:30,177 [INFO] No content retrieved or article skipped.
2024-12-10 02:15:30,177 [INFO] Data written to articles.json.
>>>>>>> bbc4b06cb7b234e642ad1055c4a9cf0837f68d6a
2024-12-11 01:39:05,025 [INFO] Scrape request received: Query='Babar Azam', Num URLs=5
2024-12-11 01:39:06,011 [INFO] Fetching robots.txt from https://www.espncricinfo.com/robots.txt
2024-12-11 01:39:06,587 [INFO] Fetching robots.txt from https://www.cricbuzz.com/robots.txt
2024-12-11 01:39:07,096 [INFO] Fetching robots.txt from https://www.facebook.com/robots.txt
2024-12-11 01:39:07,252 [INFO] Scraping not allowed for https://www.facebook.com/MBabarAzamPakistan/ as per robots.txt.
2024-12-11 01:39:07,253 [INFO] Fetching robots.txt from https://x.com/robots.txt
2024-12-11 01:39:12,623 [INFO] Timeout occurred while fetching https://x.com/robots.txt
2024-12-11 01:39:12,624 [INFO] Skipping https://x.com/babarazam258 as robots.txt could not be fetched.
2024-12-11 01:39:12,624 [INFO] Fetching robots.txt from https://www.facebook.com/robots.txt
2024-12-11 01:39:12,753 [INFO] Scraping not allowed for https://www.facebook.com/MBabarAzamPakistan/posts/honored-to-have-my-bat-among-legends-at-the-mcg-long-room/976491941175906/ as per robots.txt.
2024-12-11 01:39:15,299 [INFO] Fetching robots.txt from https://apnews.com/robots.txt
2024-12-11 01:39:15,356 [INFO] Fetching robots.txt from https://www.gray-nicolls.com.au/robots.txt
2024-12-11 01:39:15,578 [INFO] Fetching robots.txt from https://www.icc-cricket.com/robots.txt
2024-12-11 01:39:15,709 [INFO] Fetching robots.txt from https://www.quora.com/robots.txt
2024-12-11 01:39:16,104 [INFO] Scraping not allowed for https://www.quora.com/Why-are-Pakistanis-rating-Babar-Azam-as-the-world-s-best-batsman-and-king as per robots.txt.
2024-12-11 01:39:16,105 [INFO] Fetching robots.txt from https://www.aljazeera.com/robots.txt
2024-12-11 01:39:17,082 [INFO] Fetching robots.txt from https://sports.ndtv.com/robots.txt
2024-12-11 01:39:17,495 [INFO] Fetching robots.txt from https://acceducate.org/robots.txt
2024-12-11 01:39:17,931 [INFO] Fetching robots.txt from https://www.thehindu.com/robots.txt
2024-12-11 01:39:20,112 [INFO] Fetching robots.txt from https://africa.espn.com/robots.txt
2024-12-11 01:39:20,944 [INFO] Fetching robots.txt from https://www.hindustantimes.com/robots.txt
2024-12-11 01:39:21,183 [INFO] Fetching robots.txt from https://arynews.tv/robots.txt
2024-12-11 01:39:21,755 [INFO] Fetching robots.txt from https://timesofindia.indiatimes.com/robots.txt
2024-12-11 01:39:22,650 [INFO] Fetching robots.txt from https://www.livemint.com/robots.txt
2024-12-11 01:39:23,324 [INFO] Fetching robots.txt from https://indianexpress.com/robots.txt
2024-12-11 01:39:23,824 [INFO] Non-200 response from https://indianexpress.com/robots.txt: 403
2024-12-11 01:39:23,825 [INFO] Skipping https://indianexpress.com/article/sports/cricket/babar-azam-defamation-notice-journalist-match-fixing-t20-world-cup-2024-9412139/ as robots.txt could not be fetched.
2024-12-11 01:39:23,825 [INFO] Fetching robots.txt from https://www.barrons.com/robots.txt
2024-12-11 01:39:24,648 [INFO] Non-200 response from https://www.barrons.com/robots.txt: 403
2024-12-11 01:39:24,650 [INFO] Skipping https://www.barrons.com/news/dropped-the-rise-and-fall-of-pakistan-batting-maestro-babar-azam-1427ea7c as robots.txt could not be fetched.
2024-12-11 01:39:24,650 [INFO] Fetching robots.txt from https://www.gray-nicolls.co.uk/robots.txt
2024-12-11 01:39:24,898 [INFO] Fetching robots.txt from https://tribune.com.pk/robots.txt
2024-12-11 01:39:25,460 [INFO] Fetching robots.txt from https://www.bbc.com/robots.txt
2024-12-11 01:39:25,620 [INFO] Collected 10 URLs after filtering.
2024-12-11 01:39:25,620 [INFO] Scraping content from collected URLs...
2024-12-11 01:39:31,323 [INFO] Article at https://www.icc-cricket.com/rankings/59429/babar-azam is too short; skipping.
2024-12-11 01:39:31,327 [INFO] Article 'Babar Azam to miss remainder of England series as Pakistan gives out-of-form star batter a rest' added to valid articles.
2024-12-11 01:39:31,327 [INFO] Article 'Babar Azam Players Edition Bat' added to valid articles.
2024-12-11 01:39:31,328 [INFO] Article 'A Journey of Inspiration Dinner: Babar Azam and Mohammad Rizwan – A Continuous Charity' added to valid articles.
2024-12-11 01:39:31,328 [INFO] Article 'Babar Azam Profile - ICC Ranking, Age, Career Info & Stats' added to valid articles.
2024-12-11 01:39:31,328 [INFO] Article 'News, Photos, Stats, Ranking, Records - NDTV Sports' added to valid articles.
2024-12-11 01:39:31,328 [ERROR] Summarization failed for article 'Babar Azam to miss remainder of England series as Pakistan gives out-of-form star batter a rest': name 'tokenizer' is not defined
2024-12-11 01:39:31,330 [ERROR] Summarization failed for article 'Babar Azam Players Edition Bat': name 'tokenizer' is not defined
2024-12-11 01:39:31,331 [ERROR] Summarization failed for article 'A Journey of Inspiration Dinner: Babar Azam and Mohammad Rizwan – A Continuous Charity': name 'tokenizer' is not defined
2024-12-11 01:39:31,331 [ERROR] Summarization failed for article 'Babar Azam Profile - ICC Ranking, Age, Career Info & Stats': name 'tokenizer' is not defined
2024-12-11 01:39:31,332 [ERROR] Summarization failed for article 'News, Photos, Stats, Ranking, Records - NDTV Sports': name 'tokenizer' is not defined
2024-12-11 01:39:31,332 [ERROR] Final summarization failed: name 'tokenizer' is not defined
2024-12-11 01:39:31,334 [INFO] Data written to output.json.
2024-12-11 02:14:13,605 [INFO] Scrape request received: Query='Babar Azam', Num URLs=5
2024-12-11 02:14:14,473 [INFO] Fetching robots.txt from https://www.espncricinfo.com/robots.txt
2024-12-11 02:14:15,253 [INFO] Fetching robots.txt from https://www.cricbuzz.com/robots.txt
2024-12-11 02:14:15,650 [INFO] Fetching robots.txt from https://www.facebook.com/robots.txt
2024-12-11 02:14:15,783 [INFO] Scraping not allowed for https://www.facebook.com/MBabarAzamPakistan/ as per robots.txt.
2024-12-11 02:14:15,784 [INFO] Fetching robots.txt from https://x.com/robots.txt
2024-12-11 02:14:21,638 [INFO] Timeout occurred while fetching https://x.com/robots.txt
2024-12-11 02:14:21,641 [INFO] Skipping https://x.com/babarazam258 as robots.txt could not be fetched.
2024-12-11 02:14:21,644 [INFO] Fetching robots.txt from https://www.facebook.com/robots.txt
2024-12-11 02:14:21,796 [INFO] Scraping not allowed for https://www.facebook.com/MBabarAzamPakistan/posts/honored-to-have-my-bat-among-legends-at-the-mcg-long-room/976491941175906/ as per robots.txt.
2024-12-11 02:14:23,884 [INFO] Fetching robots.txt from https://apnews.com/robots.txt
2024-12-11 02:14:23,965 [INFO] Fetching robots.txt from https://www.gray-nicolls.com.au/robots.txt
2024-12-11 02:14:24,745 [INFO] Fetching robots.txt from https://www.icc-cricket.com/robots.txt
2024-12-11 02:14:24,991 [INFO] Fetching robots.txt from https://www.quora.com/robots.txt
2024-12-11 02:14:25,381 [INFO] Scraping not allowed for https://www.quora.com/Why-are-Pakistanis-rating-Babar-Azam-as-the-world-s-best-batsman-and-king as per robots.txt.
2024-12-11 02:14:25,382 [INFO] Fetching robots.txt from https://www.aljazeera.com/robots.txt
2024-12-11 02:14:26,352 [INFO] Fetching robots.txt from https://sports.ndtv.com/robots.txt
2024-12-11 02:14:26,860 [INFO] Fetching robots.txt from https://acceducate.org/robots.txt
2024-12-11 02:14:26,927 [INFO] Fetching robots.txt from https://www.thehindu.com/robots.txt
2024-12-11 02:14:30,050 [INFO] Fetching robots.txt from https://africa.espn.com/robots.txt
2024-12-11 02:14:30,248 [INFO] Fetching robots.txt from https://www.hindustantimes.com/robots.txt
2024-12-11 02:14:30,497 [INFO] Fetching robots.txt from https://arynews.tv/robots.txt
2024-12-11 02:14:31,067 [INFO] Fetching robots.txt from https://timesofindia.indiatimes.com/robots.txt
2024-12-11 02:14:32,855 [INFO] Fetching robots.txt from https://www.livemint.com/robots.txt
2024-12-11 02:14:34,945 [INFO] Fetching robots.txt from https://indianexpress.com/robots.txt
2024-12-11 02:14:35,473 [INFO] Non-200 response from https://indianexpress.com/robots.txt: 403
2024-12-11 02:14:35,474 [INFO] Skipping https://indianexpress.com/article/sports/cricket/babar-azam-defamation-notice-journalist-match-fixing-t20-world-cup-2024-9412139/ as robots.txt could not be fetched.
2024-12-11 02:14:35,474 [INFO] Fetching robots.txt from https://www.barrons.com/robots.txt
2024-12-11 02:14:36,350 [INFO] Non-200 response from https://www.barrons.com/robots.txt: 403
2024-12-11 02:14:36,354 [INFO] Skipping https://www.barrons.com/news/dropped-the-rise-and-fall-of-pakistan-batting-maestro-babar-azam-1427ea7c as robots.txt could not be fetched.
2024-12-11 02:14:36,354 [INFO] Fetching robots.txt from https://www.gray-nicolls.co.uk/robots.txt
2024-12-11 02:14:36,928 [INFO] Fetching robots.txt from https://tribune.com.pk/robots.txt
2024-12-11 02:14:37,567 [INFO] Fetching robots.txt from https://www.bbc.com/robots.txt
2024-12-11 02:14:37,764 [INFO] Collected 10 URLs after filtering.
2024-12-11 02:14:37,765 [INFO] Scraping content from collected URLs...
2024-12-11 02:14:42,782 [INFO] Article at https://www.icc-cricket.com/rankings/59429/babar-azam is too short; skipping.
2024-12-11 02:14:50,178 [INFO] Article 'Babar Azam resigns as Pakistan captain from limited-overs cricket' added to valid articles.
2024-12-11 02:14:50,178 [INFO] Article 'A Journey of Inspiration Dinner: Babar Azam and Mohammad Rizwan – A Continuous Charity' added to valid articles.
2024-12-11 02:14:50,179 [INFO] Article 'News, Photos, Stats, Ranking, Records - NDTV Sports' added to valid articles.
2024-12-11 02:14:50,179 [INFO] No content retrieved or article skipped.
2024-12-11 02:14:50,181 [INFO] Article 'Babar Azam Profile - Cricket Player Pakistan' added to valid articles.
2024-12-11 02:14:50,182 [INFO] Article 'Babar Azam Profile - ICC Ranking, Age, Career Info & Stats' added to valid articles.
2024-12-11 02:16:31,802 [INFO] Data written to output.json.
2024-12-11 02:18:20,159 [INFO] Scrape request received: Query='Babar Azam', Num URLs=5
2024-12-11 02:18:21,230 [INFO] Fetching robots.txt from https://www.espncricinfo.com/robots.txt
2024-12-11 02:18:21,829 [INFO] Fetching robots.txt from https://www.cricbuzz.com/robots.txt
2024-12-11 02:18:22,195 [INFO] Fetching robots.txt from https://www.facebook.com/robots.txt
2024-12-11 02:18:22,337 [INFO] Scraping not allowed for https://www.facebook.com/MBabarAzamPakistan/ as per robots.txt.
2024-12-11 02:18:22,337 [INFO] Fetching robots.txt from https://x.com/robots.txt
2024-12-11 02:18:27,635 [INFO] Timeout occurred while fetching https://x.com/robots.txt
2024-12-11 02:18:27,637 [INFO] Skipping https://x.com/babarazam258 as robots.txt could not be fetched.
2024-12-11 02:18:27,637 [INFO] Fetching robots.txt from https://www.facebook.com/robots.txt
2024-12-11 02:18:27,762 [INFO] Scraping not allowed for https://www.facebook.com/MBabarAzamPakistan/posts/honored-to-have-my-bat-among-legends-at-the-mcg-long-room/976491941175906/ as per robots.txt.
2024-12-11 02:18:29,886 [INFO] Fetching robots.txt from https://apnews.com/robots.txt
2024-12-11 02:18:29,951 [INFO] Fetching robots.txt from https://www.gray-nicolls.com.au/robots.txt
2024-12-11 02:18:30,178 [INFO] Fetching robots.txt from https://www.icc-cricket.com/robots.txt
2024-12-11 02:18:30,259 [INFO] Fetching robots.txt from https://www.quora.com/robots.txt
2024-12-11 02:18:30,650 [INFO] Scraping not allowed for https://www.quora.com/Why-are-Pakistanis-rating-Babar-Azam-as-the-world-s-best-batsman-and-king as per robots.txt.
2024-12-11 02:18:30,652 [INFO] Fetching robots.txt from https://www.aljazeera.com/robots.txt
2024-12-11 02:18:31,505 [INFO] Fetching robots.txt from https://sports.ndtv.com/robots.txt
2024-12-11 02:18:31,935 [INFO] Fetching robots.txt from https://acceducate.org/robots.txt
2024-12-11 02:18:31,974 [INFO] Fetching robots.txt from https://www.thehindu.com/robots.txt
2024-12-11 02:18:33,926 [INFO] Fetching robots.txt from https://africa.espn.com/robots.txt
2024-12-11 02:18:34,116 [INFO] Fetching robots.txt from https://www.hindustantimes.com/robots.txt
2024-12-11 02:18:34,337 [INFO] Fetching robots.txt from https://arynews.tv/robots.txt
2024-12-11 02:18:34,388 [INFO] Fetching robots.txt from https://timesofindia.indiatimes.com/robots.txt
2024-12-11 02:18:35,187 [INFO] Fetching robots.txt from https://www.livemint.com/robots.txt
2024-12-11 02:18:35,921 [INFO] Fetching robots.txt from https://indianexpress.com/robots.txt
2024-12-11 02:18:36,372 [INFO] Non-200 response from https://indianexpress.com/robots.txt: 403
2024-12-11 02:18:36,373 [INFO] Skipping https://indianexpress.com/article/sports/cricket/babar-azam-defamation-notice-journalist-match-fixing-t20-world-cup-2024-9412139/ as robots.txt could not be fetched.
2024-12-11 02:18:36,374 [INFO] Fetching robots.txt from https://www.barrons.com/robots.txt
2024-12-11 02:18:37,222 [INFO] Non-200 response from https://www.barrons.com/robots.txt: 403
2024-12-11 02:18:37,223 [INFO] Skipping https://www.barrons.com/news/dropped-the-rise-and-fall-of-pakistan-batting-maestro-babar-azam-1427ea7c as robots.txt could not be fetched.
2024-12-11 02:18:37,223 [INFO] Fetching robots.txt from https://www.gray-nicolls.co.uk/robots.txt
2024-12-11 02:18:37,460 [INFO] Fetching robots.txt from https://tribune.com.pk/robots.txt
2024-12-11 02:18:37,507 [INFO] Fetching robots.txt from https://www.bbc.com/robots.txt
2024-12-11 02:18:37,669 [INFO] Collected 10 URLs after filtering.
2024-12-11 02:18:37,670 [INFO] Scraping content from collected URLs...
2024-12-11 02:18:40,022 [INFO] Article at https://www.icc-cricket.com/rankings/59429/babar-azam is too short; skipping.
2024-12-11 02:18:42,372 [INFO] Article 'Babar Azam resigns as Pakistan captain from limited-overs cricket' added to valid articles.
2024-12-11 02:18:42,374 [INFO] Article 'Babar Azam Players Edition Bat' added to valid articles.
2024-12-11 02:18:42,374 [INFO] Article 'A Journey of Inspiration Dinner: Babar Azam and Mohammad Rizwan – A Continuous Charity' added to valid articles.
2024-12-11 02:18:42,375 [INFO] Article 'Babar Azam Profile - ICC Ranking, Age, Career Info & Stats' added to valid articles.
2024-12-11 02:18:42,375 [INFO] Article 'Babar Azam Profile - Cricket Player Pakistan' added to valid articles.
2024-12-11 02:20:27,273 [INFO] Data written to output.json.
2024-12-11 02:21:05,456 [INFO] Scrape request received: Query='Pakistan', Num URLs=5
2024-12-11 02:21:06,381 [INFO] Fetching robots.txt from https://pakistan.gov.pk/robots.txt
2024-12-11 02:21:06,903 [INFO] Fetching robots.txt from https://www.piac.com.pk/robots.txt
2024-12-11 02:21:07,637 [INFO] Fetching robots.txt from https://www.state.gov/robots.txt
2024-12-11 02:21:09,211 [INFO] Fetching robots.txt from https://fbr.gov.pk/robots.txt
2024-12-11 02:21:09,254 [INFO] Non-200 response from https://fbr.gov.pk/robots.txt: 404
2024-12-11 02:21:09,257 [INFO] Skipping https://fbr.gov.pk/ as robots.txt could not be fetched.
2024-12-11 02:21:09,257 [INFO] Fetching robots.txt from https://www.unicef.org/robots.txt
2024-12-11 02:21:10,054 [INFO] Fetching robots.txt from https://www.sbp.org.pk/robots.txt
2024-12-11 02:21:10,159 [INFO] Non-200 response from https://www.sbp.org.pk/robots.txt: 404
2024-12-11 02:21:10,161 [INFO] Skipping https://www.sbp.org.pk/ as robots.txt could not be fetched.
2024-12-11 02:21:10,162 [INFO] Fetching robots.txt from https://www.mofa.gov.pk/robots.txt
2024-12-11 02:21:10,567 [INFO] Fetching robots.txt from https://www.pbs.gov.pk/robots.txt
2024-12-11 02:21:10,759 [INFO] Fetching robots.txt from https://tourism.gov.pk/robots.txt
2024-12-11 02:21:11,247 [INFO] Non-200 response from https://tourism.gov.pk/robots.txt: 404
2024-12-11 02:21:11,248 [INFO] Skipping https://tourism.gov.pk/ as robots.txt could not be fetched.
2024-12-11 02:21:13,324 [INFO] Fetching robots.txt from https://www.pakpost.gov.pk/robots.txt
2024-12-11 02:21:13,847 [INFO] Non-200 response from https://www.pakpost.gov.pk/robots.txt: 404
2024-12-11 02:21:13,847 [INFO] Skipping https://www.pakpost.gov.pk/ as robots.txt could not be fetched.
2024-12-11 02:21:13,848 [INFO] Fetching robots.txt from https://www.pmd.gov.pk/robots.txt
2024-12-11 02:21:13,886 [INFO] Non-200 response from https://www.pmd.gov.pk/robots.txt: 404
2024-12-11 02:21:13,887 [INFO] Skipping https://www.pmd.gov.pk/ as robots.txt could not be fetched.
2024-12-11 02:21:13,888 [INFO] Fetching robots.txt from https://www.na.gov.pk/robots.txt
2024-12-11 02:21:14,048 [INFO] Fetching robots.txt from https://www.educationcannotwait.org/robots.txt
2024-12-11 02:21:15,429 [INFO] Fetching robots.txt from https://www.pcb.com.pk/robots.txt
2024-12-11 02:21:15,962 [INFO] Fetching robots.txt from https://climatecasechart.com/robots.txt
2024-12-11 02:21:17,537 [INFO] Fetching robots.txt from https://travel.gc.ca/robots.txt
2024-12-11 02:21:18,900 [INFO] Fetching robots.txt from https://www.worldbank.org/robots.txt
2024-12-11 02:21:19,546 [INFO] Fetching robots.txt from https://www.britannica.com/robots.txt
2024-12-11 02:21:20,576 [INFO] Fetching robots.txt from https://www.imf.org/robots.txt
2024-12-11 02:21:22,637 [INFO] Collected 10 URLs after filtering.
2024-12-11 02:21:22,637 [INFO] Scraping content from collected URLs...
2024-12-11 02:21:23,231 [INFO] Article at https://www.pcb.com.pk/ is too short; skipping.
2024-12-11 02:21:24,170 [INFO] Article at https://www.mofa.gov.pk/ is too short; skipping.
2024-12-11 02:21:24,598 [INFO] Article at https://www.piac.com.pk/ is too short; skipping.
2024-12-11 02:21:24,736 [INFO] Article at https://pakistan.gov.pk/ is too short; skipping.
2024-12-11 02:21:25,009 [INFO] Article at https://www.educationcannotwait.org/our-investments/where-we-work/pakistan is too short; skipping.
2024-12-11 02:21:25,027 [ERROR] Access denied to https://www.unicef.org/emergencies/devastating-floods-pakistan-2022: HTTP 403 Forbidden.
2024-12-11 02:21:25,447 [INFO] Article at https://www.pbs.gov.pk/ is too short; skipping.
2024-12-11 02:21:25,797 [INFO] Article at https://www.na.gov.pk/ is too short; skipping.
2024-12-11 02:21:29,025 [INFO] Article at https://www.state.gov/countries-areas/pakistan/ is too short; skipping.
2024-12-11 02:21:29,031 [INFO] No content retrieved or article skipped.
2024-12-11 02:21:29,031 [INFO] No content retrieved or article skipped.
2024-12-11 02:21:29,032 [INFO] No content retrieved or article skipped.
2024-12-11 02:21:29,032 [INFO] No content retrieved or article skipped.
2024-12-11 02:21:29,032 [INFO] No content retrieved or article skipped.
2024-12-11 02:21:29,032 [INFO] No content retrieved or article skipped.
2024-12-11 02:21:29,032 [INFO] No content retrieved or article skipped.
2024-12-11 02:21:29,034 [INFO] No content retrieved or article skipped.
2024-12-11 02:21:29,034 [INFO] Article 'Leghari v. Federation of Pakistan' added to valid articles.
2024-12-11 02:21:29,035 [INFO] No content retrieved or article skipped.
2024-12-11 02:22:07,334 [INFO] Data written to output.json.
2024-12-11 02:25:23,806 [INFO] Scrape request received: Query='Babar Azam', Num URLs=5
2024-12-11 02:25:24,701 [INFO] Fetching robots.txt from https://www.espncricinfo.com/robots.txt
2024-12-11 02:25:25,299 [INFO] Fetching robots.txt from https://www.cricbuzz.com/robots.txt
2024-12-11 02:25:25,671 [INFO] Fetching robots.txt from https://www.facebook.com/robots.txt
2024-12-11 02:25:25,802 [INFO] Scraping not allowed for https://www.facebook.com/MBabarAzamPakistan/ as per robots.txt.
2024-12-11 02:25:25,803 [INFO] Fetching robots.txt from https://x.com/robots.txt
2024-12-11 02:25:31,629 [INFO] Timeout occurred while fetching https://x.com/robots.txt
2024-12-11 02:25:31,630 [INFO] Skipping https://x.com/babarazam258 as robots.txt could not be fetched.
2024-12-11 02:25:31,632 [INFO] Fetching robots.txt from https://www.facebook.com/robots.txt
2024-12-11 02:25:31,769 [INFO] Scraping not allowed for https://www.facebook.com/MBabarAzamPakistan/posts/honored-to-have-my-bat-among-legends-at-the-mcg-long-room/976491941175906/ as per robots.txt.
2024-12-11 02:25:33,722 [INFO] Fetching robots.txt from https://apnews.com/robots.txt
2024-12-11 02:25:33,781 [INFO] Fetching robots.txt from https://www.gray-nicolls.com.au/robots.txt
2024-12-11 02:25:34,020 [INFO] Fetching robots.txt from https://www.quora.com/robots.txt
2024-12-11 02:25:34,430 [INFO] Scraping not allowed for https://www.quora.com/Why-are-Pakistanis-rating-Babar-Azam-as-the-world-s-best-batsman-and-king as per robots.txt.
2024-12-11 02:25:34,431 [INFO] Fetching robots.txt from https://www.icc-cricket.com/robots.txt
2024-12-11 02:25:34,508 [INFO] Fetching robots.txt from https://www.aljazeera.com/robots.txt
2024-12-11 02:25:35,213 [INFO] Fetching robots.txt from https://sports.ndtv.com/robots.txt
2024-12-11 02:25:36,161 [INFO] Fetching robots.txt from https://acceducate.org/robots.txt
2024-12-11 02:25:36,242 [INFO] Fetching robots.txt from https://www.thehindu.com/robots.txt
2024-12-11 02:25:38,367 [INFO] Fetching robots.txt from https://africa.espn.com/robots.txt
2024-12-11 02:25:38,549 [INFO] Fetching robots.txt from https://www.hindustantimes.com/robots.txt
2024-12-11 02:25:38,776 [INFO] Fetching robots.txt from https://arynews.tv/robots.txt
2024-12-11 02:25:39,797 [INFO] Fetching robots.txt from https://timesofindia.indiatimes.com/robots.txt
2024-12-11 02:25:40,452 [INFO] Fetching robots.txt from https://www.livemint.com/robots.txt
2024-12-11 02:25:41,207 [INFO] Fetching robots.txt from https://indianexpress.com/robots.txt
2024-12-11 02:25:41,720 [INFO] Non-200 response from https://indianexpress.com/robots.txt: 403
2024-12-11 02:25:41,720 [INFO] Skipping https://indianexpress.com/article/sports/cricket/babar-azam-defamation-notice-journalist-match-fixing-t20-world-cup-2024-9412139/ as robots.txt could not be fetched.
2024-12-11 02:25:41,721 [INFO] Fetching robots.txt from https://www.barrons.com/robots.txt
2024-12-11 02:25:42,816 [INFO] Non-200 response from https://www.barrons.com/robots.txt: 403
2024-12-11 02:25:42,817 [INFO] Skipping https://www.barrons.com/news/dropped-the-rise-and-fall-of-pakistan-batting-maestro-babar-azam-1427ea7c as robots.txt could not be fetched.
2024-12-11 02:25:42,817 [INFO] Fetching robots.txt from https://www.gray-nicolls.co.uk/robots.txt
2024-12-11 02:25:43,378 [INFO] Fetching robots.txt from https://tribune.com.pk/robots.txt
2024-12-11 02:25:43,744 [INFO] Fetching robots.txt from https://www.bbc.com/robots.txt
2024-12-11 02:25:43,945 [INFO] Collected 10 URLs after filtering.
2024-12-11 02:25:43,945 [INFO] Scraping content from collected URLs...
2024-12-11 02:25:47,917 [INFO] Article at https://www.icc-cricket.com/rankings/59429/babar-azam is too short; skipping.
2024-12-11 02:25:47,920 [INFO] Article 'Babar Azam to miss remainder of England series as Pakistan gives out-of-form star batter a rest' added to valid articles.
2024-12-11 02:25:47,921 [INFO] Article 'A Journey of Inspiration Dinner: Babar Azam and Mohammad Rizwan – A Continuous Charity' added to valid articles.
2024-12-11 02:25:47,921 [INFO] Article 'Babar Azam Players Edition Bat' added to valid articles.
2024-12-11 02:25:47,922 [INFO] Article 'Babar Azam Profile - ICC Ranking, Age, Career Info & Stats' added to valid articles.
2024-12-11 02:25:47,922 [INFO] Article 'Babar Azam resigns as Pakistan captain from limited-overs cricket' added to valid articles.
2024-12-11 02:26:12,199 [INFO] Data written to output.json.
2024-12-11 02:26:12,200 [ERROR] Scraping failed: 'summary'
2024-12-11 02:26:39,788 [INFO] Scrape request received: Query='Babar Azam', Num URLs=5
2024-12-11 02:26:40,627 [INFO] Fetching robots.txt from https://www.espncricinfo.com/robots.txt
2024-12-11 02:26:41,190 [INFO] Fetching robots.txt from https://www.cricbuzz.com/robots.txt
2024-12-11 02:26:41,610 [INFO] Fetching robots.txt from https://www.facebook.com/robots.txt
2024-12-11 02:26:41,746 [INFO] Scraping not allowed for https://www.facebook.com/MBabarAzamPakistan/ as per robots.txt.
2024-12-11 02:26:41,747 [INFO] Fetching robots.txt from https://x.com/robots.txt
2024-12-11 02:26:47,621 [INFO] Timeout occurred while fetching https://x.com/robots.txt
2024-12-11 02:26:47,622 [INFO] Skipping https://x.com/babarazam258 as robots.txt could not be fetched.
2024-12-11 02:26:47,622 [INFO] Fetching robots.txt from https://www.facebook.com/robots.txt
2024-12-11 02:26:47,762 [INFO] Scraping not allowed for https://www.facebook.com/MBabarAzamPakistan/posts/honored-to-have-my-bat-among-legends-at-the-mcg-long-room/976491941175906/ as per robots.txt.
2024-12-11 02:26:49,663 [INFO] Fetching robots.txt from https://apnews.com/robots.txt
2024-12-11 02:26:49,704 [INFO] Fetching robots.txt from https://www.gray-nicolls.com.au/robots.txt
2024-12-11 02:26:49,937 [INFO] Fetching robots.txt from https://www.icc-cricket.com/robots.txt
2024-12-11 02:26:50,117 [INFO] Fetching robots.txt from https://www.quora.com/robots.txt
2024-12-11 02:26:50,499 [INFO] Scraping not allowed for https://www.quora.com/Why-are-Pakistanis-rating-Babar-Azam-as-the-world-s-best-batsman-and-king as per robots.txt.
2024-12-11 02:26:50,500 [INFO] Fetching robots.txt from https://www.aljazeera.com/robots.txt
2024-12-11 02:26:51,075 [INFO] Fetching robots.txt from https://sports.ndtv.com/robots.txt
2024-12-11 02:26:52,028 [INFO] Fetching robots.txt from https://acceducate.org/robots.txt
2024-12-11 02:26:52,093 [INFO] Fetching robots.txt from https://www.thehindu.com/robots.txt
2024-12-11 02:26:54,082 [INFO] Fetching robots.txt from https://africa.espn.com/robots.txt
2024-12-11 02:26:54,269 [INFO] Fetching robots.txt from https://www.hindustantimes.com/robots.txt
2024-12-11 02:26:54,502 [INFO] Fetching robots.txt from https://arynews.tv/robots.txt
2024-12-11 02:26:54,558 [INFO] Fetching robots.txt from https://timesofindia.indiatimes.com/robots.txt
2024-12-11 02:26:55,249 [INFO] Fetching robots.txt from https://www.livemint.com/robots.txt
2024-12-11 02:26:56,194 [INFO] Fetching robots.txt from https://indianexpress.com/robots.txt
2024-12-11 02:26:56,702 [INFO] Non-200 response from https://indianexpress.com/robots.txt: 403
2024-12-11 02:26:56,703 [INFO] Skipping https://indianexpress.com/article/sports/cricket/babar-azam-defamation-notice-journalist-match-fixing-t20-world-cup-2024-9412139/ as robots.txt could not be fetched.
2024-12-11 02:26:56,703 [INFO] Fetching robots.txt from https://www.barrons.com/robots.txt
2024-12-11 02:26:57,632 [INFO] Non-200 response from https://www.barrons.com/robots.txt: 403
2024-12-11 02:26:57,633 [INFO] Skipping https://www.barrons.com/news/dropped-the-rise-and-fall-of-pakistan-batting-maestro-babar-azam-1427ea7c as robots.txt could not be fetched.
2024-12-11 02:26:57,634 [INFO] Fetching robots.txt from https://www.gray-nicolls.co.uk/robots.txt
2024-12-11 02:26:57,890 [INFO] Fetching robots.txt from https://tribune.com.pk/robots.txt
2024-12-11 02:26:57,955 [INFO] Fetching robots.txt from https://www.bbc.com/robots.txt
2024-12-11 02:26:58,126 [INFO] Collected 10 URLs after filtering.
2024-12-11 02:26:58,127 [INFO] Scraping content from collected URLs...
2024-12-11 02:27:03,121 [INFO] Article at https://www.icc-cricket.com/rankings/59429/babar-azam is too short; skipping.
2024-12-11 02:27:03,126 [INFO] Article 'Babar Azam to miss remainder of England series as Pakistan gives out-of-form star batter a rest' added to valid articles.
2024-12-11 02:27:03,126 [INFO] Article 'Babar Azam Players Edition Bat' added to valid articles.
2024-12-11 02:27:03,126 [INFO] Article 'A Journey of Inspiration Dinner: Babar Azam and Mohammad Rizwan – A Continuous Charity' added to valid articles.
2024-12-11 02:27:03,126 [INFO] Article 'Babar Azam Profile - ICC Ranking, Age, Career Info & Stats' added to valid articles.
2024-12-11 02:27:03,127 [INFO] Article 'Babar Azam resigns as Pakistan captain from limited-overs cricket' added to valid articles.
2024-12-11 02:27:30,584 [INFO] Data written to output.json.
2024-12-11 02:27:30,585 [ERROR] Scraping failed: 'summary'
2024-12-11 02:32:03,386 [INFO] Scrape request received: Query='Babar Azam', Num URLs=5
2024-12-11 02:32:04,379 [INFO] Fetching robots.txt from https://www.espncricinfo.com/robots.txt
2024-12-11 02:32:05,261 [INFO] Fetching robots.txt from https://www.cricbuzz.com/robots.txt
2024-12-11 02:32:05,615 [INFO] Fetching robots.txt from https://www.facebook.com/robots.txt
2024-12-11 02:32:05,757 [INFO] Scraping not allowed for https://www.facebook.com/MBabarAzamPakistan/ as per robots.txt.
2024-12-11 02:32:05,758 [INFO] Fetching robots.txt from https://x.com/robots.txt
2024-12-11 02:32:11,627 [INFO] Timeout occurred while fetching https://x.com/robots.txt
2024-12-11 02:32:11,628 [INFO] Skipping https://x.com/babarazam258 as robots.txt could not be fetched.
2024-12-11 02:32:11,629 [INFO] Fetching robots.txt from https://www.facebook.com/robots.txt
2024-12-11 02:32:11,766 [INFO] Scraping not allowed for https://www.facebook.com/MBabarAzamPakistan/posts/honored-to-have-my-bat-among-legends-at-the-mcg-long-room/976491941175906/ as per robots.txt.
2024-12-11 02:32:13,682 [INFO] Fetching robots.txt from https://apnews.com/robots.txt
2024-12-11 02:32:13,870 [INFO] Fetching robots.txt from https://www.gray-nicolls.com.au/robots.txt
2024-12-11 02:32:14,152 [INFO] Fetching robots.txt from https://www.icc-cricket.com/robots.txt
2024-12-11 02:32:14,302 [INFO] Fetching robots.txt from https://www.quora.com/robots.txt
2024-12-11 02:32:14,842 [INFO] Scraping not allowed for https://www.quora.com/Why-are-Pakistanis-rating-Babar-Azam-as-the-world-s-best-batsman-and-king as per robots.txt.
2024-12-11 02:32:14,843 [INFO] Fetching robots.txt from https://www.aljazeera.com/robots.txt
2024-12-11 02:32:15,782 [INFO] Fetching robots.txt from https://sports.ndtv.com/robots.txt
2024-12-11 02:32:16,217 [INFO] Fetching robots.txt from https://acceducate.org/robots.txt
2024-12-11 02:32:16,659 [INFO] Fetching robots.txt from https://www.thehindu.com/robots.txt
2024-12-11 02:32:18,654 [INFO] Fetching robots.txt from https://africa.espn.com/robots.txt
2024-12-11 02:32:18,861 [INFO] Fetching robots.txt from https://www.hindustantimes.com/robots.txt
2024-12-11 02:32:19,104 [INFO] Fetching robots.txt from https://arynews.tv/robots.txt
2024-12-11 02:32:20,664 [INFO] Fetching robots.txt from https://timesofindia.indiatimes.com/robots.txt
2024-12-11 02:32:21,554 [INFO] Fetching robots.txt from https://www.livemint.com/robots.txt
2024-12-11 02:32:22,244 [INFO] Fetching robots.txt from https://indianexpress.com/robots.txt
2024-12-11 02:32:22,761 [INFO] Non-200 response from https://indianexpress.com/robots.txt: 403
2024-12-11 02:32:22,762 [INFO] Skipping https://indianexpress.com/article/sports/cricket/babar-azam-defamation-notice-journalist-match-fixing-t20-world-cup-2024-9412139/ as robots.txt could not be fetched.
2024-12-11 02:32:22,763 [INFO] Fetching robots.txt from https://www.barrons.com/robots.txt
2024-12-11 02:32:23,676 [INFO] Non-200 response from https://www.barrons.com/robots.txt: 403
2024-12-11 02:32:23,678 [INFO] Skipping https://www.barrons.com/news/dropped-the-rise-and-fall-of-pakistan-batting-maestro-babar-azam-1427ea7c as robots.txt could not be fetched.
2024-12-11 02:32:23,678 [INFO] Fetching robots.txt from https://www.gray-nicolls.co.uk/robots.txt
2024-12-11 02:32:23,916 [INFO] Fetching robots.txt from https://tribune.com.pk/robots.txt
2024-12-11 02:32:23,978 [INFO] Fetching robots.txt from https://www.bbc.com/robots.txt
2024-12-11 02:32:24,167 [INFO] Collected 10 URLs after filtering.
2024-12-11 02:32:24,169 [INFO] Scraping content from collected URLs...
2024-12-11 02:32:30,569 [INFO] Article at https://www.icc-cricket.com/rankings/59429/babar-azam is too short; skipping.
2024-12-11 02:32:30,573 [INFO] Article 'Babar Azam to miss remainder of England series as Pakistan gives out-of-form star batter a rest' added to valid articles.
2024-12-11 02:32:30,573 [INFO] Article 'Babar Azam Players Edition Bat' added to valid articles.
2024-12-11 02:32:30,573 [INFO] Article 'A Journey of Inspiration Dinner: Babar Azam and Mohammad Rizwan – A Continuous Charity' added to valid articles.
2024-12-11 02:32:30,574 [INFO] Article 'Babar Azam Profile - ICC Ranking, Age, Career Info & Stats' added to valid articles.
2024-12-11 02:32:30,574 [INFO] Article 'Babar Azam Profile - Cricket Player Pakistan' added to valid articles.
2024-12-11 02:32:57,662 [INFO] Data written to output.json.
2024-12-11 02:33:45,620 [INFO] Scrape request received: Query='Babar Azam', Num URLs=5
2024-12-11 02:33:46,674 [INFO] Fetching robots.txt from https://www.espncricinfo.com/robots.txt
2024-12-11 02:33:47,271 [INFO] Fetching robots.txt from https://www.cricbuzz.com/robots.txt
2024-12-11 02:33:47,705 [INFO] Fetching robots.txt from https://www.facebook.com/robots.txt
2024-12-11 02:33:47,848 [INFO] Scraping not allowed for https://www.facebook.com/MBabarAzamPakistan/ as per robots.txt.
2024-12-11 02:33:47,849 [INFO] Fetching robots.txt from https://x.com/robots.txt
2024-12-11 02:33:53,628 [INFO] Timeout occurred while fetching https://x.com/robots.txt
2024-12-11 02:33:53,629 [INFO] Skipping https://x.com/babarazam258 as robots.txt could not be fetched.
2024-12-11 02:33:53,629 [INFO] Fetching robots.txt from https://www.facebook.com/robots.txt
2024-12-11 02:33:53,782 [INFO] Scraping not allowed for https://www.facebook.com/MBabarAzamPakistan/posts/honored-to-have-my-bat-among-legends-at-the-mcg-long-room/976491941175906/ as per robots.txt.
2024-12-11 02:33:55,636 [INFO] Fetching robots.txt from https://apnews.com/robots.txt
2024-12-11 02:33:55,681 [INFO] Fetching robots.txt from https://www.gray-nicolls.com.au/robots.txt
2024-12-11 02:33:55,906 [INFO] Fetching robots.txt from https://www.icc-cricket.com/robots.txt
2024-12-11 02:33:56,012 [INFO] Fetching robots.txt from https://www.quora.com/robots.txt
2024-12-11 02:33:56,967 [INFO] Scraping not allowed for https://www.quora.com/Why-are-Pakistanis-rating-Babar-Azam-as-the-world-s-best-batsman-and-king as per robots.txt.
2024-12-11 02:33:56,967 [INFO] Fetching robots.txt from https://www.aljazeera.com/robots.txt
2024-12-11 02:33:57,817 [INFO] Fetching robots.txt from https://sports.ndtv.com/robots.txt
2024-12-11 02:33:58,258 [INFO] Fetching robots.txt from https://acceducate.org/robots.txt
2024-12-11 02:33:58,303 [INFO] Fetching robots.txt from https://www.thehindu.com/robots.txt
2024-12-11 02:34:00,433 [INFO] Fetching robots.txt from https://africa.espn.com/robots.txt
2024-12-11 02:34:00,644 [INFO] Fetching robots.txt from https://www.hindustantimes.com/robots.txt
2024-12-11 02:34:00,875 [INFO] Fetching robots.txt from https://arynews.tv/robots.txt
2024-12-11 02:34:00,947 [INFO] Fetching robots.txt from https://timesofindia.indiatimes.com/robots.txt
2024-12-11 02:34:01,834 [INFO] Fetching robots.txt from https://www.livemint.com/robots.txt
2024-12-11 02:34:02,594 [INFO] Fetching robots.txt from https://indianexpress.com/robots.txt
2024-12-11 02:34:03,125 [INFO] Non-200 response from https://indianexpress.com/robots.txt: 403
2024-12-11 02:34:03,127 [INFO] Skipping https://indianexpress.com/article/sports/cricket/babar-azam-defamation-notice-journalist-match-fixing-t20-world-cup-2024-9412139/ as robots.txt could not be fetched.
2024-12-11 02:34:03,127 [INFO] Fetching robots.txt from https://www.barrons.com/robots.txt
2024-12-11 02:34:03,962 [INFO] Non-200 response from https://www.barrons.com/robots.txt: 403
2024-12-11 02:34:03,964 [INFO] Skipping https://www.barrons.com/news/dropped-the-rise-and-fall-of-pakistan-batting-maestro-babar-azam-1427ea7c as robots.txt could not be fetched.
2024-12-11 02:34:03,965 [INFO] Fetching robots.txt from https://www.gray-nicolls.co.uk/robots.txt
2024-12-11 02:34:04,227 [INFO] Fetching robots.txt from https://tribune.com.pk/robots.txt
2024-12-11 02:34:04,296 [INFO] Fetching robots.txt from https://www.bbc.com/robots.txt
2024-12-11 02:34:04,457 [INFO] Collected 10 URLs after filtering.
2024-12-11 02:34:04,457 [INFO] Scraping content from collected URLs...
2024-12-11 02:34:09,281 [INFO] Article at https://www.icc-cricket.com/rankings/59429/babar-azam is too short; skipping.
2024-12-11 02:34:09,285 [INFO] Article 'Babar Azam to miss remainder of England series as Pakistan gives out-of-form star batter a rest' added to valid articles.
2024-12-11 02:34:09,286 [INFO] Article 'Babar Azam Players Edition Bat' added to valid articles.
2024-12-11 02:34:09,286 [INFO] Article 'A Journey of Inspiration Dinner: Babar Azam and Mohammad Rizwan – A Continuous Charity' added to valid articles.
2024-12-11 02:34:09,287 [INFO] Article 'Babar Azam Profile - ICC Ranking, Age, Career Info & Stats' added to valid articles.
2024-12-11 02:34:09,287 [INFO] Article 'News, Photos, Stats, Ranking, Records - NDTV Sports' added to valid articles.
2024-12-11 02:34:36,694 [INFO] Data written to output.json.
2024-12-11 17:39:30,078 [INFO] Scrape request received: Query='Babar Azam', Num URLs=5
2024-12-11 17:39:31,153 [INFO] Fetching robots.txt from https://www.espncricinfo.com/robots.txt
2024-12-11 17:39:32,035 [INFO] Fetching robots.txt from https://www.cricbuzz.com/robots.txt
2024-12-11 17:39:32,416 [INFO] Fetching robots.txt from https://x.com/robots.txt
2024-12-11 17:39:37,634 [INFO] Timeout occurred while fetching https://x.com/robots.txt
2024-12-11 17:39:37,635 [INFO] Skipping https://x.com/babarazam258?lang=en as robots.txt could not be fetched.
2024-12-11 17:39:37,636 [INFO] Fetching robots.txt from https://www.facebook.com/robots.txt
2024-12-11 17:39:37,821 [INFO] Scraping not allowed for https://www.facebook.com/MBabarAzamPakistan/ as per robots.txt.
2024-12-11 17:39:37,822 [INFO] Fetching robots.txt from https://www.facebook.com/robots.txt
2024-12-11 17:39:37,937 [INFO] Scraping not allowed for https://www.facebook.com/MBabarAzamPakistan/posts/honored-to-have-my-bat-among-legends-at-the-mcg-long-room/976491941175906/ as per robots.txt.
2024-12-11 17:39:39,993 [INFO] Fetching robots.txt from https://apnews.com/robots.txt
2024-12-11 17:39:40,111 [INFO] Fetching robots.txt from https://www.gray-nicolls.com.au/robots.txt
2024-12-11 17:39:40,849 [INFO] Fetching robots.txt from https://www.quora.com/robots.txt
2024-12-11 17:39:41,261 [INFO] Scraping not allowed for https://www.quora.com/Why-are-Pakistanis-rating-Babar-Azam-as-the-world-s-best-batsman-and-king as per robots.txt.
2024-12-11 17:39:41,262 [INFO] Fetching robots.txt from https://www.icc-cricket.com/robots.txt
2024-12-11 17:39:41,345 [INFO] Fetching robots.txt from https://www.aljazeera.com/robots.txt
2024-12-11 17:39:42,240 [INFO] Fetching robots.txt from https://sports.ndtv.com/robots.txt
2024-12-11 17:39:43,198 [INFO] Fetching robots.txt from https://acceducate.org/robots.txt
2024-12-11 17:39:44,348 [INFO] Fetching robots.txt from https://www.thehindu.com/robots.txt
2024-12-11 17:39:47,241 [INFO] Fetching robots.txt from https://africa.espn.com/robots.txt
2024-12-11 17:39:48,354 [INFO] Fetching robots.txt from https://www.hindustantimes.com/robots.txt
2024-12-11 17:39:48,450 [INFO] Fetching robots.txt from https://arynews.tv/robots.txt
2024-12-11 17:39:49,030 [INFO] Fetching robots.txt from https://timesofindia.indiatimes.com/robots.txt
2024-12-11 17:39:49,946 [INFO] Fetching robots.txt from https://www.livemint.com/robots.txt
2024-12-11 17:39:50,914 [INFO] Fetching robots.txt from https://indianexpress.com/robots.txt
2024-12-11 17:39:51,379 [INFO] Non-200 response from https://indianexpress.com/robots.txt: 403
2024-12-11 17:39:51,381 [INFO] Skipping https://indianexpress.com/article/sports/cricket/babar-azam-defamation-notice-journalist-match-fixing-t20-world-cup-2024-9412139/ as robots.txt could not be fetched.
2024-12-11 17:39:51,382 [INFO] Fetching robots.txt from https://www.barrons.com/robots.txt
2024-12-11 17:39:53,202 [INFO] Non-200 response from https://www.barrons.com/robots.txt: 403
2024-12-11 17:39:53,203 [INFO] Skipping https://www.barrons.com/news/dropped-the-rise-and-fall-of-pakistan-batting-maestro-babar-azam-1427ea7c as robots.txt could not be fetched.
2024-12-11 17:39:53,203 [INFO] Fetching robots.txt from https://www.gray-nicolls.co.uk/robots.txt
2024-12-11 17:39:53,769 [INFO] Fetching robots.txt from https://www.bbc.com/robots.txt
2024-12-11 17:39:54,072 [INFO] Fetching robots.txt from https://www.si.com/robots.txt
2024-12-11 17:39:55,517 [INFO] Collected 10 URLs after filtering.
2024-12-11 17:39:55,517 [INFO] Scraping content from collected URLs...
2024-12-11 17:40:00,572 [INFO] Article at https://www.icc-cricket.com/rankings/59429/babar-azam is too short; skipping.
2024-12-11 17:40:02,472 [INFO] Article 'Babar Azam Players Edition Bat' added to valid articles.
2024-12-11 17:40:02,473 [INFO] Article 'Babar Azam to miss remainder of England series as Pakistan gives out-of-form star batter a rest' added to valid articles.
2024-12-11 17:40:02,473 [INFO] Article 'Babar Azam Profile - ICC Ranking, Age, Career Info & Stats' added to valid articles.
2024-12-11 17:40:02,474 [INFO] Article 'A Journey of Inspiration Dinner: Babar Azam and Mohammad Rizwan – A Continuous Charity' added to valid articles.
2024-12-11 17:40:02,474 [INFO] Article 'Babar Azam resigns as Pakistan captain from limited-overs cricket' added to valid articles.
2024-12-11 17:40:17,090 [INFO] Data written to output.json.
2024-12-11 18:33:09,005 [INFO] Scrape request received: Query='Babar Azam', Num URLs=5
2024-12-11 18:33:10,055 [INFO] Fetching robots.txt from https://www.espncricinfo.com/robots.txt
2024-12-11 18:33:10,962 [INFO] Fetching robots.txt from https://www.cricbuzz.com/robots.txt
2024-12-11 18:33:11,349 [INFO] Fetching robots.txt from https://x.com/robots.txt
2024-12-11 18:33:16,625 [INFO] Timeout occurred while fetching https://x.com/robots.txt
2024-12-11 18:33:16,626 [INFO] Skipping https://x.com/babarazam258?lang=en as robots.txt could not be fetched.
2024-12-11 18:33:16,627 [INFO] Fetching robots.txt from https://www.facebook.com/robots.txt
2024-12-11 18:33:16,796 [INFO] Scraping not allowed for https://www.facebook.com/MBabarAzamPakistan/ as per robots.txt.
2024-12-11 18:33:16,797 [INFO] Fetching robots.txt from https://www.facebook.com/robots.txt
2024-12-11 18:33:16,932 [INFO] Scraping not allowed for https://www.facebook.com/MBabarAzamPakistan/posts/honored-to-have-my-bat-among-legends-at-the-mcg-long-room/976491941175906/ as per robots.txt.
2024-12-11 18:33:18,875 [INFO] Fetching robots.txt from https://apnews.com/robots.txt
2024-12-11 18:33:19,359 [INFO] Fetching robots.txt from https://www.gray-nicolls.com.au/robots.txt
2024-12-11 18:33:19,705 [INFO] Fetching robots.txt from https://www.quora.com/robots.txt
2024-12-11 18:33:20,213 [INFO] Scraping not allowed for https://www.quora.com/Why-are-Pakistanis-rating-Babar-Azam-as-the-world-s-best-batsman-and-king as per robots.txt.
2024-12-11 18:33:20,214 [INFO] Fetching robots.txt from https://www.icc-cricket.com/robots.txt
2024-12-11 18:33:20,363 [INFO] Fetching robots.txt from https://www.aljazeera.com/robots.txt
2024-12-11 18:33:21,276 [INFO] Fetching robots.txt from https://sports.ndtv.com/robots.txt
2024-12-11 18:33:22,510 [INFO] Fetching robots.txt from https://acceducate.org/robots.txt
2024-12-11 18:33:22,581 [INFO] Fetching robots.txt from https://www.thehindu.com/robots.txt
2024-12-11 18:33:24,798 [INFO] Fetching robots.txt from https://africa.espn.com/robots.txt
2024-12-11 18:33:24,997 [INFO] Fetching robots.txt from https://www.hindustantimes.com/robots.txt
2024-12-11 18:33:25,142 [INFO] Fetching robots.txt from https://arynews.tv/robots.txt
2024-12-11 18:33:26,008 [INFO] Fetching robots.txt from https://timesofindia.indiatimes.com/robots.txt
2024-12-11 18:33:27,042 [INFO] Fetching robots.txt from https://www.livemint.com/robots.txt
2024-12-11 18:33:27,725 [INFO] Fetching robots.txt from https://indianexpress.com/robots.txt
2024-12-11 18:33:28,259 [INFO] Non-200 response from https://indianexpress.com/robots.txt: 403
2024-12-11 18:33:28,260 [INFO] Skipping https://indianexpress.com/article/sports/cricket/babar-azam-defamation-notice-journalist-match-fixing-t20-world-cup-2024-9412139/ as robots.txt could not be fetched.
2024-12-11 18:33:28,261 [INFO] Fetching robots.txt from https://www.barrons.com/robots.txt
2024-12-11 18:33:29,286 [INFO] Non-200 response from https://www.barrons.com/robots.txt: 403
2024-12-11 18:33:29,288 [INFO] Skipping https://www.barrons.com/news/dropped-the-rise-and-fall-of-pakistan-batting-maestro-babar-azam-1427ea7c as robots.txt could not be fetched.
2024-12-11 18:33:29,289 [INFO] Fetching robots.txt from https://www.gray-nicolls.co.uk/robots.txt
2024-12-11 18:33:29,604 [INFO] Fetching robots.txt from https://open.spotify.com/robots.txt
2024-12-11 18:33:30,244 [INFO] Fetching robots.txt from https://www.bbc.com/robots.txt
2024-12-11 18:33:30,934 [INFO] Collected 10 URLs after filtering.
2024-12-11 18:33:30,934 [INFO] Scraping content from collected URLs...
2024-12-11 18:33:32,403 [INFO] Article at https://www.icc-cricket.com/rankings/59429/babar-azam is too short; skipping.
2024-12-11 18:33:36,532 [INFO] Article 'Babar Azam resigns as Pakistan captain from limited-overs cricket' added to valid articles.
2024-12-11 18:33:36,534 [INFO] No content retrieved or article skipped.
2024-12-11 18:33:36,534 [INFO] Article 'Babar Azam to miss remainder of England series as Pakistan gives out-of-form star batter a rest' added to valid articles.
2024-12-11 18:33:36,535 [INFO] Article 'Babar Azam Players Edition Bat' added to valid articles.
2024-12-11 18:33:36,535 [INFO] Article 'A Journey of Inspiration Dinner: Babar Azam and Mohammad Rizwan – A Continuous Charity' added to valid articles.
2024-12-11 18:33:36,536 [INFO] Article 'Babar Azam Profile - ICC Ranking, Age, Career Info & Stats' added to valid articles.
2024-12-11 18:33:56,525 [INFO] Data written to output.json.
2024-12-11 20:38:01,726 [INFO] Scrape request received: Query='Computer Science', Num URLs=5
2024-12-11 20:38:03,205 [INFO] Fetching robots.txt from https://www.mtu.edu/robots.txt
2024-12-11 20:38:05,864 [INFO] Fetching robots.txt from https://undergrad.cs.umd.edu/robots.txt
2024-12-11 20:38:08,089 [INFO] Fetching robots.txt from https://www.khanacademy.org/robots.txt
2024-12-11 20:38:09,140 [INFO] Fetching robots.txt from https://www.cs.stanford.edu/robots.txt
2024-12-11 20:38:10,984 [INFO] Fetching robots.txt from https://siebelschool.illinois.edu/robots.txt
2024-12-11 20:38:12,899 [INFO] Fetching robots.txt from https://www.csedweek.org/robots.txt
2024-12-11 20:38:14,255 [INFO] Fetching robots.txt from https://www.computerscience.org/robots.txt
2024-12-11 20:38:15,522 [INFO] Non-200 response from https://www.computerscience.org/robots.txt: 403
2024-12-11 20:38:15,524 [INFO] Skipping https://www.computerscience.org/ as robots.txt could not be fetched.
2024-12-11 20:38:15,525 [INFO] Fetching robots.txt from https://pll.harvard.edu/robots.txt
2024-12-11 20:38:16,281 [INFO] Fetching robots.txt from https://www.hmc.edu/robots.txt
2024-12-11 20:38:20,890 [INFO] Fetching robots.txt from https://engineering.tamu.edu/robots.txt
2024-12-11 20:38:22,441 [INFO] Non-200 response from https://engineering.tamu.edu/robots.txt: 404
2024-12-11 20:38:22,443 [INFO] Skipping https://engineering.tamu.edu/cse/index.html as robots.txt could not be fetched.
2024-12-11 20:38:22,444 [INFO] Fetching robots.txt from https://www.lsu.edu/robots.txt
2024-12-11 20:38:26,602 [INFO] Fetching robots.txt from https://cs.vt.edu/robots.txt
2024-12-11 20:38:30,240 [INFO] Fetching robots.txt from https://www.cics.umass.edu/robots.txt
2024-12-11 20:38:34,652 [INFO] Fetching robots.txt from https://cs.mst.edu/robots.txt
2024-12-11 20:38:37,172 [INFO] Non-200 response from https://cs.mst.edu/robots.txt: 404
2024-12-11 20:38:37,175 [INFO] Skipping https://cs.mst.edu/ as robots.txt could not be fetched.
2024-12-11 20:38:37,176 [INFO] Fetching robots.txt from https://www.doe.virginia.gov/robots.txt
2024-12-11 20:38:39,540 [INFO] Non-200 response from https://www.doe.virginia.gov/robots.txt: 403
2024-12-11 20:38:39,542 [INFO] Skipping https://www.doe.virginia.gov/teaching-learning-assessment/instruction/computer-science as robots.txt could not be fetched.
2024-12-11 20:38:39,543 [INFO] Fetching robots.txt from https://www.cs.usc.edu/robots.txt
2024-12-11 20:38:43,117 [INFO] Fetching robots.txt from https://www.wpi.edu/robots.txt
2024-12-11 20:38:47,669 [INFO] Fetching robots.txt from https://eecs.berkeley.edu/robots.txt
2024-12-11 20:38:49,441 [INFO] Fetching robots.txt from https://educate.iowa.gov/robots.txt
2024-12-11 20:38:51,759 [INFO] Collected 10 URLs after filtering.
2024-12-11 20:38:51,759 [INFO] Scraping content from collected URLs...
2024-12-11 20:38:52,893 [INFO] Article at https://undergrad.cs.umd.edu/what-computer-science is too short; skipping.
2024-12-11 20:38:56,060 [INFO] Article at https://siebelschool.illinois.edu/ is too short; skipping.
2024-12-11 20:38:56,897 [INFO] Article at https://pll.harvard.edu/course/cs50-introduction-computer-science is too short; skipping.
2024-12-11 20:38:57,974 [INFO] Article at https://www.csedweek.org/ is too short; skipping.
2024-12-11 20:38:58,176 [INFO] Article at https://www.hmc.edu/cs/ is too short; skipping.
2024-12-11 20:38:58,685 [INFO] Article at https://www.cs.stanford.edu/ is too short; skipping.
2024-12-11 20:38:58,937 [INFO] Article at https://www.lsu.edu/eng/cse/ is too short; skipping.
2024-12-11 20:38:59,203 [INFO] Article at https://www.khanacademy.org/computing/computer-science is too short; skipping.
2024-12-11 20:39:00,912 [INFO] Article at https://cs.vt.edu/ is too short; skipping.
2024-12-11 20:39:01,118 [INFO] No content retrieved or article skipped.
2024-12-11 20:39:01,161 [INFO] Article 'What is Computer Science?' added to valid articles.
2024-12-11 20:39:01,166 [INFO] No content retrieved or article skipped.
2024-12-11 20:39:01,168 [INFO] No content retrieved or article skipped.
2024-12-11 20:39:01,168 [INFO] No content retrieved or article skipped.
2024-12-11 20:39:01,169 [INFO] No content retrieved or article skipped.
2024-12-11 20:39:01,169 [INFO] No content retrieved or article skipped.
2024-12-11 20:39:01,170 [INFO] No content retrieved or article skipped.
2024-12-11 20:39:01,170 [INFO] No content retrieved or article skipped.
2024-12-11 20:39:01,170 [INFO] No content retrieved or article skipped.
2024-12-11 20:40:50,340 [INFO] Data written to output.json.
2024-12-11 20:41:18,651 [INFO] Scrape request received: Query='Computer Science', Num URLs=5
2024-12-11 20:41:19,918 [INFO] Fetching robots.txt from https://www.mtu.edu/robots.txt
2024-12-11 20:41:21,967 [INFO] Fetching robots.txt from https://undergrad.cs.umd.edu/robots.txt
2024-12-11 20:41:24,319 [INFO] Fetching robots.txt from https://www.khanacademy.org/robots.txt
2024-12-11 20:41:25,034 [INFO] Fetching robots.txt from https://www.cs.stanford.edu/robots.txt
2024-12-11 20:41:25,188 [INFO] Fetching robots.txt from https://siebelschool.illinois.edu/robots.txt
2024-12-11 20:41:26,691 [INFO] Fetching robots.txt from https://www.csedweek.org/robots.txt
2024-12-11 20:41:27,500 [INFO] Fetching robots.txt from https://www.computerscience.org/robots.txt
2024-12-11 20:41:28,616 [INFO] Non-200 response from https://www.computerscience.org/robots.txt: 403
2024-12-11 20:41:28,617 [INFO] Skipping https://www.computerscience.org/ as robots.txt could not be fetched.
2024-12-11 20:41:28,618 [INFO] Fetching robots.txt from https://pll.harvard.edu/robots.txt
2024-12-11 20:41:29,097 [INFO] Fetching robots.txt from https://www.hmc.edu/robots.txt
2024-12-11 20:41:32,305 [INFO] Fetching robots.txt from https://engineering.tamu.edu/robots.txt
2024-12-11 20:41:32,511 [INFO] Non-200 response from https://engineering.tamu.edu/robots.txt: 404
2024-12-11 20:41:32,513 [INFO] Skipping https://engineering.tamu.edu/cse/index.html as robots.txt could not be fetched.
2024-12-11 20:41:32,513 [INFO] Fetching robots.txt from https://www.lsu.edu/robots.txt
2024-12-11 20:41:34,864 [INFO] Fetching robots.txt from https://cs.vt.edu/robots.txt
2024-12-11 20:41:37,935 [INFO] Fetching robots.txt from https://www.cics.umass.edu/robots.txt
2024-12-11 20:41:39,256 [INFO] Fetching robots.txt from https://cs.mst.edu/robots.txt
2024-12-11 20:41:40,907 [INFO] Non-200 response from https://cs.mst.edu/robots.txt: 404
2024-12-11 20:41:40,908 [INFO] Skipping https://cs.mst.edu/ as robots.txt could not be fetched.
2024-12-11 20:41:40,909 [INFO] Fetching robots.txt from https://www.doe.virginia.gov/robots.txt
2024-12-11 20:41:42,211 [INFO] Non-200 response from https://www.doe.virginia.gov/robots.txt: 403
2024-12-11 20:41:42,213 [INFO] Skipping https://www.doe.virginia.gov/teaching-learning-assessment/instruction/computer-science as robots.txt could not be fetched.
2024-12-11 20:41:42,214 [INFO] Fetching robots.txt from https://www.cs.usc.edu/robots.txt
2024-12-11 20:41:42,297 [INFO] Fetching robots.txt from https://www.wpi.edu/robots.txt
2024-12-11 20:41:44,286 [INFO] Fetching robots.txt from https://eecs.berkeley.edu/robots.txt
2024-12-11 20:41:44,346 [INFO] Fetching robots.txt from https://educate.iowa.gov/robots.txt
2024-12-11 20:41:45,602 [INFO] Collected 10 URLs after filtering.
2024-12-11 20:41:45,603 [INFO] Scraping content from collected URLs...
2024-12-11 20:41:47,009 [INFO] Article at https://undergrad.cs.umd.edu/what-computer-science is too short; skipping.
2024-12-11 20:41:48,237 [INFO] Article at https://siebelschool.illinois.edu/ is too short; skipping.
2024-12-11 20:41:49,023 [INFO] Article at https://www.lsu.edu/eng/cse/ is too short; skipping.
2024-12-11 20:41:49,706 [INFO] Article at https://www.csedweek.org/ is too short; skipping.
2024-12-11 20:41:49,814 [INFO] Article at https://www.hmc.edu/cs/ is too short; skipping.
2024-12-11 20:41:50,313 [INFO] Article at https://www.cs.stanford.edu/ is too short; skipping.
2024-12-11 20:41:51,472 [INFO] Article at https://pll.harvard.edu/course/cs50-introduction-computer-science is too short; skipping.
2024-12-11 20:41:51,884 [INFO] Article at https://cs.vt.edu/ is too short; skipping.
2024-12-11 20:41:55,737 [INFO] Article at https://www.khanacademy.org/computing/computer-science is too short; skipping.
2024-12-11 20:41:55,741 [INFO] No content retrieved or article skipped.
2024-12-11 20:41:55,741 [INFO] No content retrieved or article skipped.
2024-12-11 20:41:55,742 [INFO] Article 'What is Computer Science?' added to valid articles.
2024-12-11 20:41:55,742 [INFO] No content retrieved or article skipped.
2024-12-11 20:41:55,743 [INFO] No content retrieved or article skipped.
2024-12-11 20:41:55,743 [INFO] No content retrieved or article skipped.
2024-12-11 20:41:55,744 [INFO] No content retrieved or article skipped.
2024-12-11 20:41:55,744 [INFO] No content retrieved or article skipped.
2024-12-11 20:41:55,745 [INFO] No content retrieved or article skipped.
2024-12-11 20:41:55,745 [INFO] No content retrieved or article skipped.
2024-12-11 20:44:07,022 [INFO] Data written to output.json.
2024-12-11 20:44:07,203 [INFO] Scrape request received: Query='Babar Azam', Num URLs=5
2024-12-11 20:44:08,688 [INFO] Fetching robots.txt from https://www.espncricinfo.com/robots.txt
2024-12-11 20:44:09,365 [INFO] Fetching robots.txt from https://www.cricbuzz.com/robots.txt
2024-12-11 20:44:10,006 [INFO] Fetching robots.txt from https://www.facebook.com/robots.txt
2024-12-11 20:44:11,096 [INFO] Scraping not allowed for https://www.facebook.com/MBabarAzamPakistan/ as per robots.txt.
2024-12-11 20:44:11,098 [INFO] Fetching robots.txt from https://x.com/robots.txt
2024-12-11 20:44:16,614 [INFO] Timeout occurred while fetching https://x.com/robots.txt
2024-12-11 20:44:16,615 [INFO] Skipping https://x.com/babarazam258?lang=en as robots.txt could not be fetched.
2024-12-11 20:44:16,616 [INFO] Fetching robots.txt from https://www.facebook.com/robots.txt
2024-12-11 20:44:18,161 [INFO] Scraping not allowed for https://www.facebook.com/MBabarAzamPakistan/posts/honored-to-have-my-bat-among-legends-at-the-mcg-long-room/976491941175906/ as per robots.txt.
2024-12-11 20:44:20,668 [INFO] Fetching robots.txt from https://apnews.com/robots.txt
2024-12-11 20:44:21,988 [INFO] Fetching robots.txt from https://www.gray-nicolls.com.au/robots.txt
2024-12-11 20:44:22,870 [INFO] Fetching robots.txt from https://www.quora.com/robots.txt
2024-12-11 20:44:23,697 [INFO] Scraping not allowed for https://www.quora.com/Why-are-Pakistanis-rating-Babar-Azam-as-the-world-s-best-batsman-and-king as per robots.txt.
2024-12-11 20:44:23,699 [INFO] Fetching robots.txt from https://www.icc-cricket.com/robots.txt
2024-12-11 20:44:23,883 [INFO] Fetching robots.txt from https://www.aljazeera.com/robots.txt
2024-12-11 20:44:24,957 [INFO] Fetching robots.txt from https://sports.ndtv.com/robots.txt
2024-12-11 20:44:25,840 [INFO] Fetching robots.txt from https://acceducate.org/robots.txt
2024-12-11 20:44:26,903 [INFO] Fetching robots.txt from https://www.thehindu.com/robots.txt
2024-12-11 20:44:29,979 [INFO] Fetching robots.txt from https://africa.espn.com/robots.txt
2024-12-11 20:44:31,109 [INFO] Fetching robots.txt from https://www.hindustantimes.com/robots.txt
2024-12-11 20:44:31,273 [INFO] Fetching robots.txt from https://arynews.tv/robots.txt
2024-12-11 20:44:32,844 [INFO] Fetching robots.txt from https://timesofindia.indiatimes.com/robots.txt
2024-12-11 20:44:33,987 [INFO] Fetching robots.txt from https://www.livemint.com/robots.txt
2024-12-11 20:44:34,915 [INFO] Fetching robots.txt from https://indianexpress.com/robots.txt
2024-12-11 20:44:35,708 [INFO] Non-200 response from https://indianexpress.com/robots.txt: 403
2024-12-11 20:44:35,710 [INFO] Skipping https://indianexpress.com/article/sports/cricket/babar-azam-defamation-notice-journalist-match-fixing-t20-world-cup-2024-9412139/ as robots.txt could not be fetched.
2024-12-11 20:44:35,712 [INFO] Fetching robots.txt from https://www.barrons.com/robots.txt
2024-12-11 20:44:36,507 [INFO] Non-200 response from https://www.barrons.com/robots.txt: 403
2024-12-11 20:44:36,509 [INFO] Skipping https://www.barrons.com/news/dropped-the-rise-and-fall-of-pakistan-batting-maestro-babar-azam-1427ea7c as robots.txt could not be fetched.
2024-12-11 20:44:36,511 [INFO] Fetching robots.txt from https://www.gray-nicolls.co.uk/robots.txt
2024-12-11 20:44:37,046 [INFO] Fetching robots.txt from https://open.spotify.com/robots.txt
2024-12-11 20:44:38,584 [INFO] Fetching robots.txt from https://www.bbc.com/robots.txt
2024-12-11 20:44:40,216 [INFO] Collected 10 URLs after filtering.
2024-12-11 20:44:40,217 [INFO] Scraping content from collected URLs...
2024-12-11 20:44:42,784 [INFO] Article at https://www.icc-cricket.com/rankings/59429/babar-azam is too short; skipping.
2024-12-11 20:44:49,079 [INFO] Article 'Babar Azam resigns as Pakistan captain from limited-overs cricket' added to valid articles.
2024-12-11 20:44:49,080 [INFO] Article 'Babar Azam Profile - ICC Ranking, Age, Career Info & Stats' added to valid articles.
2024-12-11 20:44:49,080 [INFO] No content retrieved or article skipped.
2024-12-11 20:44:49,081 [INFO] Article 'A Journey of Inspiration Dinner: Babar Azam and Mohammad Rizwan – A Continuous Charity' added to valid articles.
2024-12-11 20:44:49,081 [INFO] Article 'Babar Azam steps down as Pakistan captain for the second time' added to valid articles.
2024-12-11 20:44:49,082 [INFO] Article 'Babar Azam Profile - Cricket Player Pakistan' added to valid articles.
2024-12-11 20:46:19,174 [INFO] Scrape request received: Query='Babar Azam', Num URLs=5
2024-12-11 20:46:20,479 [INFO] Fetching robots.txt from https://www.espncricinfo.com/robots.txt
2024-12-11 20:46:21,502 [INFO] Fetching robots.txt from https://www.cricbuzz.com/robots.txt
2024-12-11 20:46:22,151 [INFO] Fetching robots.txt from https://x.com/robots.txt
2024-12-11 20:46:27,633 [INFO] Timeout occurred while fetching https://x.com/robots.txt
2024-12-11 20:46:27,635 [INFO] Skipping https://x.com/babarazam258?lang=en as robots.txt could not be fetched.
2024-12-11 20:46:27,637 [INFO] Fetching robots.txt from https://www.facebook.com/robots.txt
2024-12-11 20:46:32,464 [INFO] Scraping not allowed for https://www.facebook.com/MBabarAzamPakistan/ as per robots.txt.
2024-12-11 20:46:32,465 [INFO] Fetching robots.txt from https://www.facebook.com/robots.txt
2024-12-11 20:46:33,461 [INFO] Scraping not allowed for https://www.facebook.com/MBabarAzamPakistan/posts/honored-to-have-my-bat-among-legends-at-the-mcg-long-room/976491941175906/ as per robots.txt.
2024-12-11 20:46:35,740 [INFO] Fetching robots.txt from https://apnews.com/robots.txt
2024-12-11 20:46:35,844 [INFO] Fetching robots.txt from https://www.gray-nicolls.com.au/robots.txt
2024-12-11 20:46:36,120 [INFO] Fetching robots.txt from https://www.quora.com/robots.txt
2024-12-11 20:46:37,164 [INFO] Scraping not allowed for https://www.quora.com/Why-are-Pakistanis-rating-Babar-Azam-as-the-world-s-best-batsman-and-king as per robots.txt.
2024-12-11 20:46:37,165 [INFO] Fetching robots.txt from https://www.icc-cricket.com/robots.txt
2024-12-11 20:46:37,328 [INFO] Fetching robots.txt from https://www.aljazeera.com/robots.txt
2024-12-11 20:46:38,285 [INFO] Fetching robots.txt from https://sports.ndtv.com/robots.txt
2024-12-11 20:46:39,413 [INFO] Fetching robots.txt from https://acceducate.org/robots.txt
2024-12-11 20:46:39,477 [INFO] Fetching robots.txt from https://www.thehindu.com/robots.txt
2024-12-11 20:46:41,839 [INFO] Fetching robots.txt from https://africa.espn.com/robots.txt
2024-12-11 20:46:42,040 [INFO] Fetching robots.txt from https://www.hindustantimes.com/robots.txt
2024-12-11 20:46:42,284 [INFO] Fetching robots.txt from https://arynews.tv/robots.txt
2024-12-11 20:46:42,361 [INFO] Fetching robots.txt from https://timesofindia.indiatimes.com/robots.txt
2024-12-11 20:46:43,591 [INFO] Fetching robots.txt from https://www.livemint.com/robots.txt
2024-12-11 20:46:44,472 [INFO] Fetching robots.txt from https://indianexpress.com/robots.txt
2024-12-11 20:46:45,054 [INFO] Non-200 response from https://indianexpress.com/robots.txt: 403
2024-12-11 20:46:45,056 [INFO] Skipping https://indianexpress.com/article/sports/cricket/babar-azam-defamation-notice-journalist-match-fixing-t20-world-cup-2024-9412139/ as robots.txt could not be fetched.
2024-12-11 20:46:45,056 [INFO] Fetching robots.txt from https://www.barrons.com/robots.txt
2024-12-11 20:46:45,888 [INFO] Non-200 response from https://www.barrons.com/robots.txt: 403
2024-12-11 20:46:45,889 [INFO] Skipping https://www.barrons.com/news/dropped-the-rise-and-fall-of-pakistan-batting-maestro-babar-azam-1427ea7c as robots.txt could not be fetched.
2024-12-11 20:46:45,890 [INFO] Fetching robots.txt from https://www.gray-nicolls.co.uk/robots.txt
2024-12-11 20:46:46,159 [INFO] Fetching robots.txt from https://open.spotify.com/robots.txt
2024-12-11 20:46:47,296 [INFO] Fetching robots.txt from https://www.bbc.com/robots.txt
2024-12-11 20:46:47,528 [INFO] Collected 10 URLs after filtering.
2024-12-11 20:46:47,529 [INFO] Scraping content from collected URLs...
2024-12-11 20:46:49,969 [INFO] Article at https://www.icc-cricket.com/rankings/59429/babar-azam is too short; skipping.
2024-12-11 20:46:55,885 [INFO] Article 'Babar Azam resigns as Pakistan captain from limited-overs cricket' added to valid articles.
2024-12-11 20:46:55,885 [INFO] No content retrieved or article skipped.
2024-12-11 20:46:55,886 [INFO] Article 'Babar Azam Players Edition Bat' added to valid articles.
2024-12-11 20:46:55,886 [INFO] Article 'Babar Azam steps down as Pakistan captain for the second time' added to valid articles.
2024-12-11 20:46:55,886 [INFO] Article 'Babar Azam Profile - ICC Ranking, Age, Career Info & Stats' added to valid articles.
2024-12-11 20:46:55,887 [INFO] Article 'Babar Azam Profile - Cricket Player Pakistan' added to valid articles.
2024-12-11 20:47:53,839 [INFO] Data written to output.json.
2024-12-11 20:55:23,014 [INFO] Scrape request received: Query='Babar Azam', Num URLs=5
2024-12-11 20:55:24,527 [INFO] Fetching robots.txt from https://www.espncricinfo.com/robots.txt
2024-12-11 20:55:25,479 [INFO] Fetching robots.txt from https://www.cricbuzz.com/robots.txt
2024-12-11 20:55:26,100 [INFO] Fetching robots.txt from https://www.facebook.com/robots.txt
2024-12-11 20:55:26,891 [INFO] Scraping not allowed for https://www.facebook.com/MBabarAzamPakistan/ as per robots.txt.
2024-12-11 20:55:26,892 [INFO] Fetching robots.txt from https://x.com/robots.txt
2024-12-11 20:55:32,621 [INFO] Timeout occurred while fetching https://x.com/robots.txt
2024-12-11 20:55:32,623 [INFO] Skipping https://x.com/babarazam258?lang=en as robots.txt could not be fetched.
2024-12-11 20:55:32,624 [INFO] Fetching robots.txt from https://www.facebook.com/robots.txt
2024-12-11 20:55:33,473 [INFO] Scraping not allowed for https://www.facebook.com/MBabarAzamPakistan/posts/honored-to-have-my-bat-among-legends-at-the-mcg-long-room/976491941175906/ as per robots.txt.
2024-12-11 20:55:35,711 [INFO] Fetching robots.txt from https://apnews.com/robots.txt
2024-12-11 20:55:35,803 [INFO] Fetching robots.txt from https://www.gray-nicolls.com.au/robots.txt
2024-12-11 20:55:36,128 [INFO] Fetching robots.txt from https://www.quora.com/robots.txt
2024-12-11 20:55:37,324 [INFO] Scraping not allowed for https://www.quora.com/Why-are-Pakistanis-rating-Babar-Azam-as-the-world-s-best-batsman-and-king as per robots.txt.
2024-12-11 20:55:37,326 [INFO] Fetching robots.txt from https://www.icc-cricket.com/robots.txt
2024-12-11 20:55:37,518 [INFO] Fetching robots.txt from https://www.aljazeera.com/robots.txt
2024-12-11 20:55:38,402 [INFO] Fetching robots.txt from https://sports.ndtv.com/robots.txt
2024-12-11 20:55:39,181 [INFO] Fetching robots.txt from https://acceducate.org/robots.txt
2024-12-11 20:55:40,522 [INFO] Fetching robots.txt from https://www.thehindu.com/robots.txt
2024-12-11 20:55:42,689 [INFO] Fetching robots.txt from https://africa.espn.com/robots.txt
2024-12-11 20:55:42,904 [INFO] Fetching robots.txt from https://www.hindustantimes.com/robots.txt
2024-12-11 20:55:43,261 [INFO] Fetching robots.txt from https://arynews.tv/robots.txt
2024-12-11 20:55:44,723 [INFO] Fetching robots.txt from https://timesofindia.indiatimes.com/robots.txt
2024-12-11 20:55:45,665 [INFO] Fetching robots.txt from https://www.livemint.com/robots.txt
2024-12-11 20:55:46,575 [INFO] Fetching robots.txt from https://indianexpress.com/robots.txt
2024-12-11 20:55:47,208 [INFO] Non-200 response from https://indianexpress.com/robots.txt: 403
2024-12-11 20:55:47,210 [INFO] Skipping https://indianexpress.com/article/sports/cricket/babar-azam-defamation-notice-journalist-match-fixing-t20-world-cup-2024-9412139/ as robots.txt could not be fetched.
2024-12-11 20:55:47,211 [INFO] Fetching robots.txt from https://www.barrons.com/robots.txt
2024-12-11 20:55:48,398 [INFO] Non-200 response from https://www.barrons.com/robots.txt: 403
2024-12-11 20:55:48,400 [INFO] Skipping https://www.barrons.com/news/dropped-the-rise-and-fall-of-pakistan-batting-maestro-babar-azam-1427ea7c as robots.txt could not be fetched.
2024-12-11 20:55:48,402 [INFO] Fetching robots.txt from https://www.gray-nicolls.co.uk/robots.txt
2024-12-11 20:55:48,708 [INFO] Fetching robots.txt from https://open.spotify.com/robots.txt
2024-12-11 20:55:49,334 [INFO] Fetching robots.txt from https://www.bbc.com/robots.txt
2024-12-11 20:55:49,754 [INFO] Collected 10 URLs after filtering.
2024-12-11 20:55:49,755 [INFO] Scraping content from collected URLs...
2024-12-11 20:55:51,650 [INFO] Article at https://www.icc-cricket.com/rankings/59429/babar-azam is too short; skipping.
2024-12-11 20:56:00,336 [INFO] Article 'Babar Azam resigns as Pakistan captain from limited-overs cricket' added to valid articles.
2024-12-11 20:56:00,336 [INFO] No content retrieved or article skipped.
2024-12-11 20:56:00,336 [INFO] Article 'Babar Azam Profile - ICC Ranking, Age, Career Info & Stats' added to valid articles.
2024-12-11 20:56:00,337 [INFO] Article 'Babar Azam Players Edition Bat' added to valid articles.
2024-12-11 20:56:00,337 [INFO] Article 'Babar Azam Profile - Cricket Player Pakistan' added to valid articles.
2024-12-11 20:56:00,339 [INFO] Article 'Babar Azam steps down as Pakistan captain for the second time' added to valid articles.
2024-12-11 20:56:39,142 [INFO] Data written to output.json.
2024-12-11 21:00:10,665 [INFO] Scrape request received: Query='Babar Azam', Num URLs=5
2024-12-11 21:00:11,808 [INFO] Fetching robots.txt from https://www.espncricinfo.com/robots.txt
2024-12-11 21:00:12,613 [INFO] Fetching robots.txt from https://www.cricbuzz.com/robots.txt
2024-12-11 21:00:13,293 [INFO] Fetching robots.txt from https://www.facebook.com/robots.txt
2024-12-11 21:00:14,846 [INFO] Scraping not allowed for https://www.facebook.com/MBabarAzamPakistan/ as per robots.txt.
2024-12-11 21:00:14,847 [INFO] Fetching robots.txt from https://x.com/robots.txt
2024-12-11 21:00:20,627 [INFO] Timeout occurred while fetching https://x.com/robots.txt
2024-12-11 21:00:20,630 [INFO] Skipping https://x.com/babarazam258?lang=en as robots.txt could not be fetched.
2024-12-11 21:00:20,632 [INFO] Fetching robots.txt from https://www.facebook.com/robots.txt
2024-12-11 21:00:22,169 [INFO] Scraping not allowed for https://www.facebook.com/MBabarAzamPakistan/posts/honored-to-have-my-bat-among-legends-at-the-mcg-long-room/976491941175906/ as per robots.txt.
2024-12-11 21:00:24,118 [INFO] Fetching robots.txt from https://apnews.com/robots.txt
2024-12-11 21:00:24,174 [INFO] Fetching robots.txt from https://www.gray-nicolls.com.au/robots.txt
2024-12-11 21:00:24,488 [INFO] Fetching robots.txt from https://www.quora.com/robots.txt
2024-12-11 21:00:25,101 [INFO] Scraping not allowed for https://www.quora.com/Why-are-Pakistanis-rating-Babar-Azam-as-the-world-s-best-batsman-and-king as per robots.txt.
2024-12-11 21:00:25,103 [INFO] Fetching robots.txt from https://www.icc-cricket.com/robots.txt
2024-12-11 21:00:25,251 [INFO] Fetching robots.txt from https://www.aljazeera.com/robots.txt
2024-12-11 21:00:26,017 [INFO] Fetching robots.txt from https://sports.ndtv.com/robots.txt
2024-12-11 21:00:26,946 [INFO] Fetching robots.txt from https://acceducate.org/robots.txt
2024-12-11 21:00:27,260 [INFO] Fetching robots.txt from https://www.thehindu.com/robots.txt
2024-12-11 21:00:29,399 [INFO] Fetching robots.txt from https://africa.espn.com/robots.txt
2024-12-11 21:00:29,600 [INFO] Fetching robots.txt from https://www.hindustantimes.com/robots.txt
2024-12-11 21:00:29,753 [INFO] Fetching robots.txt from https://arynews.tv/robots.txt
2024-12-11 21:00:29,872 [INFO] Fetching robots.txt from https://timesofindia.indiatimes.com/robots.txt
2024-12-11 21:00:30,939 [INFO] Fetching robots.txt from https://www.livemint.com/robots.txt
2024-12-11 21:00:31,691 [INFO] Fetching robots.txt from https://indianexpress.com/robots.txt
2024-12-11 21:00:32,263 [INFO] Non-200 response from https://indianexpress.com/robots.txt: 403
2024-12-11 21:00:32,266 [INFO] Skipping https://indianexpress.com/article/sports/cricket/babar-azam-defamation-notice-journalist-match-fixing-t20-world-cup-2024-9412139/ as robots.txt could not be fetched.
2024-12-11 21:00:32,268 [INFO] Fetching robots.txt from https://www.barrons.com/robots.txt
2024-12-11 21:00:33,384 [INFO] Non-200 response from https://www.barrons.com/robots.txt: 403
2024-12-11 21:00:33,386 [INFO] Skipping https://www.barrons.com/news/dropped-the-rise-and-fall-of-pakistan-batting-maestro-babar-azam-1427ea7c as robots.txt could not be fetched.
2024-12-11 21:00:33,388 [INFO] Fetching robots.txt from https://www.gray-nicolls.co.uk/robots.txt
2024-12-11 21:00:33,676 [INFO] Fetching robots.txt from https://open.spotify.com/robots.txt
2024-12-11 21:00:34,368 [INFO] Fetching robots.txt from https://www.bbc.com/robots.txt
2024-12-11 21:00:34,605 [INFO] Collected 10 URLs after filtering.
2024-12-11 21:00:34,606 [INFO] Scraping content from collected URLs...
2024-12-11 21:00:36,449 [INFO] Article at https://www.icc-cricket.com/rankings/59429/babar-azam is too short; skipping.
2024-12-11 21:00:45,580 [INFO] Article 'Babar Azam resigns as Pakistan captain from limited-overs cricket' added to valid articles.
2024-12-11 21:00:45,581 [INFO] No content retrieved or article skipped.
2024-12-11 21:00:45,581 [INFO] Article 'Babar Azam Profile - ICC Ranking, Age, Career Info & Stats' added to valid articles.
2024-12-11 21:00:45,582 [INFO] Article 'A Journey of Inspiration Dinner: Babar Azam and Mohammad Rizwan – A Continuous Charity' added to valid articles.
2024-12-11 21:00:45,583 [INFO] Article 'Babar Azam steps down as Pakistan captain for the second time' added to valid articles.
2024-12-11 21:00:45,583 [INFO] Article 'Babar Azam Profile - Cricket Player Pakistan' added to valid articles.
2024-12-11 21:01:18,044 [INFO] Data written to output.json.
2024-12-11 21:48:54,144 [INFO] Scrape request received: Query='Babar Azam', Num URLs=5
2024-12-11 21:48:55,357 [INFO] Fetching robots.txt from https://www.espncricinfo.com/robots.txt
2024-12-11 21:48:56,032 [INFO] Fetching robots.txt from https://www.cricbuzz.com/robots.txt
2024-12-11 21:48:56,701 [INFO] Fetching robots.txt from https://www.facebook.com/robots.txt
2024-12-11 21:48:57,428 [INFO] Scraping not allowed for https://www.facebook.com/MBabarAzamPakistan/ as per robots.txt.
2024-12-11 21:48:57,428 [INFO] Fetching robots.txt from https://x.com/robots.txt
2024-12-11 21:49:02,630 [INFO] Timeout occurred while fetching https://x.com/robots.txt
2024-12-11 21:49:02,632 [INFO] Skipping https://x.com/babarazam258?lang=en as robots.txt could not be fetched.
2024-12-11 21:49:02,633 [INFO] Fetching robots.txt from https://www.facebook.com/robots.txt
2024-12-11 21:49:03,385 [INFO] Scraping not allowed for https://www.facebook.com/MBabarAzamPakistan/posts/honored-to-have-my-bat-among-legends-at-the-mcg-long-room/976491941175906/ as per robots.txt.
2024-12-11 21:49:05,323 [INFO] Fetching robots.txt from https://apnews.com/robots.txt
2024-12-11 21:49:05,990 [INFO] Fetching robots.txt from https://www.gray-nicolls.com.au/robots.txt
2024-12-11 21:49:06,322 [INFO] Fetching robots.txt from https://www.quora.com/robots.txt
2024-12-11 21:49:06,901 [INFO] Scraping not allowed for https://www.quora.com/Why-are-Pakistanis-rating-Babar-Azam-as-the-world-s-best-batsman-and-king as per robots.txt.
2024-12-11 21:49:06,902 [INFO] Fetching robots.txt from https://www.icc-cricket.com/robots.txt
2024-12-11 21:49:07,102 [INFO] Fetching robots.txt from https://sports.ndtv.com/robots.txt
2024-12-11 21:49:07,704 [INFO] Fetching robots.txt from https://www.aljazeera.com/robots.txt
2024-12-11 21:49:08,295 [INFO] Fetching robots.txt from https://acceducate.org/robots.txt
2024-12-11 21:49:08,625 [INFO] Fetching robots.txt from https://www.thehindu.com/robots.txt
2024-12-11 21:49:10,731 [INFO] Fetching robots.txt from https://africa.espn.com/robots.txt
2024-12-11 21:49:11,904 [INFO] Fetching robots.txt from https://www.hindustantimes.com/robots.txt
2024-12-11 21:49:12,186 [INFO] Fetching robots.txt from https://arynews.tv/robots.txt
2024-12-11 21:49:13,393 [INFO] Fetching robots.txt from https://timesofindia.indiatimes.com/robots.txt
2024-12-11 21:49:14,071 [INFO] Fetching robots.txt from https://www.livemint.com/robots.txt
2024-12-11 21:49:15,012 [INFO] Fetching robots.txt from https://indianexpress.com/robots.txt
2024-12-11 21:49:15,612 [INFO] Non-200 response from https://indianexpress.com/robots.txt: 403
2024-12-11 21:49:15,614 [INFO] Skipping https://indianexpress.com/article/sports/cricket/babar-azam-defamation-notice-journalist-match-fixing-t20-world-cup-2024-9412139/ as robots.txt could not be fetched.
2024-12-11 21:49:15,615 [INFO] Fetching robots.txt from https://www.barrons.com/robots.txt
2024-12-11 21:49:16,506 [INFO] Non-200 response from https://www.barrons.com/robots.txt: 403
2024-12-11 21:49:16,508 [INFO] Skipping https://www.barrons.com/news/dropped-the-rise-and-fall-of-pakistan-batting-maestro-babar-azam-1427ea7c as robots.txt could not be fetched.
2024-12-11 21:49:16,509 [INFO] Fetching robots.txt from https://www.gray-nicolls.co.uk/robots.txt
2024-12-11 21:49:17,093 [INFO] Fetching robots.txt from https://open.spotify.com/robots.txt
2024-12-11 21:49:18,569 [INFO] Fetching robots.txt from https://www.bbc.com/robots.txt
2024-12-11 21:49:18,788 [INFO] Collected 10 URLs after filtering.
2024-12-11 21:49:18,789 [INFO] Scraping content from collected URLs...
2024-12-11 21:49:20,119 [INFO] Article at https://www.icc-cricket.com/rankings/59429/babar-azam is too short; skipping.
2024-12-11 21:49:24,985 [INFO] Article 'Babar Azam resigns as Pakistan captain from limited-overs cricket' added to valid articles.
2024-12-11 21:49:24,985 [INFO] Article 'Babar Azam Profile - ICC Ranking, Age, Career Info & Stats' added to valid articles.
2024-12-11 21:49:24,986 [INFO] No content retrieved or article skipped.
2024-12-11 21:49:24,987 [INFO] Article 'Babar Azam Players Edition Bat' added to valid articles.
2024-12-11 21:49:24,987 [INFO] Article 'Babar Azam Profile - Cricket Player Pakistan' added to valid articles.
2024-12-11 21:49:24,987 [INFO] Article 'A Journey of Inspiration Dinner: Babar Azam and Mohammad Rizwan – A Continuous Charity' added to valid articles.
2024-12-11 21:50:04,594 [INFO] Data written to output.json.
2024-12-11 21:57:34,561 [INFO] Scrape request received: Query='Computer Science', Num URLs=5
2024-12-11 21:57:35,554 [INFO] Fetching robots.txt from https://www.mtu.edu/robots.txt
2024-12-11 21:57:37,537 [INFO] Fetching robots.txt from https://undergrad.cs.umd.edu/robots.txt
2024-12-11 21:57:38,461 [INFO] Fetching robots.txt from https://www.khanacademy.org/robots.txt
2024-12-11 21:57:38,978 [INFO] Fetching robots.txt from https://www.cs.stanford.edu/robots.txt
2024-12-11 21:57:39,697 [INFO] Fetching robots.txt from https://siebelschool.illinois.edu/robots.txt
2024-12-11 21:57:41,286 [INFO] Fetching robots.txt from https://www.csedweek.org/robots.txt
2024-12-11 21:57:43,409 [INFO] Fetching robots.txt from https://www.computerscience.org/robots.txt
2024-12-11 21:57:44,918 [INFO] Fetching robots.txt from https://pll.harvard.edu/robots.txt
2024-12-11 21:57:46,388 [INFO] Fetching robots.txt from https://www.hmc.edu/robots.txt
2024-12-11 21:57:49,870 [INFO] Fetching robots.txt from https://engineering.tamu.edu/robots.txt
2024-12-11 21:57:51,771 [INFO] Non-200 response from https://engineering.tamu.edu/robots.txt: 404
2024-12-11 21:57:51,772 [INFO] Skipping https://engineering.tamu.edu/cse/index.html as robots.txt could not be fetched.
2024-12-11 21:57:51,772 [INFO] Fetching robots.txt from https://www.lsu.edu/robots.txt
2024-12-11 21:57:54,373 [INFO] Fetching robots.txt from https://cs.vt.edu/robots.txt
2024-12-11 21:57:56,324 [INFO] Fetching robots.txt from https://www.cics.umass.edu/robots.txt
2024-12-11 21:57:58,017 [INFO] Fetching robots.txt from https://cs.mst.edu/robots.txt
2024-12-11 21:58:00,479 [INFO] Non-200 response from https://cs.mst.edu/robots.txt: 404
2024-12-11 21:58:00,480 [INFO] Skipping https://cs.mst.edu/ as robots.txt could not be fetched.
2024-12-11 21:58:00,481 [INFO] Fetching robots.txt from https://www.doe.virginia.gov/robots.txt
2024-12-11 21:58:01,910 [INFO] Non-200 response from https://www.doe.virginia.gov/robots.txt: 403
2024-12-11 21:58:01,911 [INFO] Skipping https://www.doe.virginia.gov/teaching-learning-assessment/instruction/computer-science as robots.txt could not be fetched.
2024-12-11 21:58:01,912 [INFO] Fetching robots.txt from https://www.cs.usc.edu/robots.txt
2024-12-11 21:58:02,161 [INFO] Fetching robots.txt from https://www.wpi.edu/robots.txt
2024-12-11 21:58:06,190 [INFO] Fetching robots.txt from https://eecs.berkeley.edu/robots.txt
2024-12-11 21:58:06,278 [INFO] Fetching robots.txt from https://educate.iowa.gov/robots.txt
2024-12-11 21:58:08,323 [INFO] Collected 10 URLs after filtering.
2024-12-11 21:58:08,324 [INFO] Scraping content from collected URLs...
2024-12-11 21:58:09,212 [INFO] Article at https://undergrad.cs.umd.edu/what-computer-science is too short; skipping.
2024-12-11 21:58:09,991 [INFO] Article at https://pll.harvard.edu/course/cs50-introduction-computer-science is too short; skipping.
2024-12-11 21:58:10,105 [INFO] Article at https://www.hmc.edu/cs/ is too short; skipping.
2024-12-11 21:58:10,393 [INFO] Article at https://siebelschool.illinois.edu/ is too short; skipping.
2024-12-11 21:58:10,643 [INFO] Article at https://www.cs.stanford.edu/ is too short; skipping.
2024-12-11 21:58:11,057 [INFO] Article at https://www.csedweek.org/ is too short; skipping.
2024-12-11 21:58:11,362 [INFO] Article at https://www.computerscience.org/ is too short; skipping.
2024-12-11 21:58:11,409 [INFO] Article at https://www.khanacademy.org/computing/computer-science is too short; skipping.
2024-12-11 21:58:12,285 [INFO] Article at https://www.lsu.edu/eng/cse/ is too short; skipping.
2024-12-11 21:58:12,288 [INFO] Article 'What is Computer Science?' added to valid articles.
2024-12-11 21:58:12,289 [INFO] No content retrieved or article skipped.
2024-12-11 21:58:12,290 [INFO] No content retrieved or article skipped.
2024-12-11 21:58:12,290 [INFO] No content retrieved or article skipped.
2024-12-11 21:58:12,291 [INFO] No content retrieved or article skipped.
2024-12-11 21:58:12,291 [INFO] No content retrieved or article skipped.
2024-12-11 21:58:12,292 [INFO] No content retrieved or article skipped.
2024-12-11 21:58:12,292 [INFO] No content retrieved or article skipped.
2024-12-11 21:58:12,293 [INFO] No content retrieved or article skipped.
2024-12-11 21:58:12,294 [INFO] No content retrieved or article skipped.
2024-12-11 22:00:06,959 [INFO] Data written to output.json.
2024-12-11 22:10:55,088 [INFO] Scrape request received: Query='Babar Azam', Num URLs=5
2024-12-11 22:10:55,964 [INFO] Fetching robots.txt from https://www.espncricinfo.com/robots.txt
2024-12-11 22:10:56,569 [INFO] Fetching robots.txt from https://www.cricbuzz.com/robots.txt
2024-12-11 22:10:57,310 [INFO] Fetching robots.txt from https://www.facebook.com/robots.txt
2024-12-11 22:10:57,783 [INFO] Scraping not allowed for https://www.facebook.com/MBabarAzamPakistan/ as per robots.txt.
2024-12-11 22:10:57,784 [INFO] Fetching robots.txt from https://x.com/robots.txt
2024-12-11 22:11:03,619 [INFO] Timeout occurred while fetching https://x.com/robots.txt
2024-12-11 22:11:03,620 [INFO] Skipping https://x.com/babarazam258?lang=en as robots.txt could not be fetched.
2024-12-11 22:11:03,620 [INFO] Fetching robots.txt from https://www.facebook.com/robots.txt
2024-12-11 22:11:04,072 [INFO] Scraping not allowed for https://www.facebook.com/MBabarAzamPakistan/posts/honored-to-have-my-bat-among-legends-at-the-mcg-long-room/976491941175906/ as per robots.txt.
2024-12-11 22:11:06,068 [INFO] Fetching robots.txt from https://apnews.com/robots.txt
2024-12-11 22:11:06,124 [INFO] Fetching robots.txt from https://www.gray-nicolls.com.au/robots.txt
2024-12-11 22:11:06,371 [INFO] Fetching robots.txt from https://www.quora.com/robots.txt
2024-12-11 22:11:06,879 [INFO] Scraping not allowed for https://www.quora.com/Why-are-Pakistanis-rating-Babar-Azam-as-the-world-s-best-batsman-and-king as per robots.txt.
2024-12-11 22:11:06,880 [INFO] Fetching robots.txt from https://www.icc-cricket.com/robots.txt
2024-12-11 22:11:07,021 [INFO] Fetching robots.txt from https://sports.ndtv.com/robots.txt
2024-12-11 22:11:07,602 [INFO] Fetching robots.txt from https://www.aljazeera.com/robots.txt
2024-12-11 22:11:08,588 [INFO] Fetching robots.txt from https://acceducate.org/robots.txt
2024-12-11 22:11:08,932 [INFO] Fetching robots.txt from https://www.thehindu.com/robots.txt
2024-12-11 22:11:10,940 [INFO] Fetching robots.txt from https://africa.espn.com/robots.txt
2024-12-11 22:11:10,961 [INFO] Scrape request received: Query='Babar Azam', Num URLs=5
2024-12-11 22:11:11,983 [INFO] Fetching robots.txt from https://www.espncricinfo.com/robots.txt
2024-12-11 22:11:12,122 [INFO] Fetching robots.txt from https://www.hindustantimes.com/robots.txt
2024-12-11 22:11:12,307 [INFO] Fetching robots.txt from https://arynews.tv/robots.txt
2024-12-11 22:11:12,567 [INFO] Fetching robots.txt from https://www.cricbuzz.com/robots.txt
2024-12-11 22:11:12,910 [INFO] Fetching robots.txt from https://www.facebook.com/robots.txt
2024-12-11 22:11:13,352 [INFO] Scraping not allowed for https://www.facebook.com/MBabarAzamPakistan/ as per robots.txt.
2024-12-11 22:11:13,352 [INFO] Fetching robots.txt from https://x.com/robots.txt
2024-12-11 22:11:13,444 [INFO] Fetching robots.txt from https://timesofindia.indiatimes.com/robots.txt
2024-12-11 22:11:14,071 [INFO] Fetching robots.txt from https://www.livemint.com/robots.txt
2024-12-11 22:11:15,308 [INFO] Fetching robots.txt from https://indianexpress.com/robots.txt
2024-12-11 22:11:15,898 [INFO] Non-200 response from https://indianexpress.com/robots.txt: 403
2024-12-11 22:11:15,899 [INFO] Skipping https://indianexpress.com/article/sports/cricket/babar-azam-defamation-notice-journalist-match-fixing-t20-world-cup-2024-9412139/ as robots.txt could not be fetched.
2024-12-11 22:11:15,900 [INFO] Fetching robots.txt from https://www.barrons.com/robots.txt
2024-12-11 22:11:16,788 [INFO] Non-200 response from https://www.barrons.com/robots.txt: 403
2024-12-11 22:11:16,790 [INFO] Skipping https://www.barrons.com/news/dropped-the-rise-and-fall-of-pakistan-batting-maestro-babar-azam-1427ea7c as robots.txt could not be fetched.
2024-12-11 22:11:16,790 [INFO] Fetching robots.txt from https://www.gray-nicolls.co.uk/robots.txt
2024-12-11 22:11:17,055 [INFO] Fetching robots.txt from https://open.spotify.com/robots.txt
2024-12-11 22:11:17,698 [INFO] Fetching robots.txt from https://www.bbc.com/robots.txt
2024-12-11 22:11:17,980 [INFO] Collected 10 URLs after filtering.
2024-12-11 22:11:17,981 [INFO] Scraping content from collected URLs...
2024-12-11 22:11:18,621 [INFO] Timeout occurred while fetching https://x.com/robots.txt
2024-12-11 22:11:18,623 [INFO] Skipping https://x.com/babarazam258?lang=en as robots.txt could not be fetched.
2024-12-11 22:11:18,623 [INFO] Fetching robots.txt from https://www.facebook.com/robots.txt
2024-12-11 22:11:19,319 [INFO] Article at https://www.icc-cricket.com/rankings/59429/babar-azam is too short; skipping.
2024-12-11 22:11:21,548 [INFO] Scraping not allowed for https://www.facebook.com/MBabarAzamPakistan/posts/honored-to-have-my-bat-among-legends-at-the-mcg-long-room/976491941175906/ as per robots.txt.
2024-12-11 22:11:24,595 [INFO] Fetching robots.txt from https://apnews.com/robots.txt
2024-12-11 22:11:24,702 [INFO] Article 'Babar Azam resigns as Pakistan captain from limited-overs cricket' added to valid articles.
2024-12-11 22:11:24,702 [INFO] Article 'Babar Azam Profile - ICC Ranking, Age, Career Info & Stats' added to valid articles.
2024-12-11 22:11:24,703 [INFO] No content retrieved or article skipped.
2024-12-11 22:11:24,703 [INFO] Article 'Babar Azam Profile - Cricket Player Pakistan' added to valid articles.
2024-12-11 22:11:24,703 [INFO] Article 'News, Photos, Stats, Ranking, Records - NDTV Sports' added to valid articles.
2024-12-11 22:11:24,704 [INFO] Article 'A Journey of Inspiration Dinner: Babar Azam and Mohammad Rizwan – A Continuous Charity' added to valid articles.
2024-12-11 22:11:56,764 [INFO] Data written to output.json.
2024-12-11 22:11:56,777 [INFO] Timeout occurred while fetching https://apnews.com/robots.txt
2024-12-11 22:11:56,778 [INFO] Skipping https://apnews.com/article/cricket-pakistan-babar-azhar-62f027c0644c434a6ff1450400f2125a as robots.txt could not be fetched.
2024-12-11 22:11:56,779 [INFO] Fetching robots.txt from https://www.gray-nicolls.com.au/robots.txt
2024-12-11 22:11:57,136 [INFO] Fetching robots.txt from https://www.quora.com/robots.txt
2024-12-11 22:11:57,651 [INFO] Scraping not allowed for https://www.quora.com/Why-are-Pakistanis-rating-Babar-Azam-as-the-world-s-best-batsman-and-king as per robots.txt.
2024-12-11 22:11:57,652 [INFO] Fetching robots.txt from https://www.icc-cricket.com/robots.txt
2024-12-11 22:11:57,788 [INFO] Fetching robots.txt from https://sports.ndtv.com/robots.txt
2024-12-11 22:11:58,509 [INFO] Fetching robots.txt from https://www.aljazeera.com/robots.txt
2024-12-11 22:11:59,421 [INFO] Fetching robots.txt from https://acceducate.org/robots.txt
2024-12-11 22:12:00,216 [INFO] Fetching robots.txt from https://www.thehindu.com/robots.txt
2024-12-11 22:12:02,242 [INFO] Fetching robots.txt from https://africa.espn.com/robots.txt
2024-12-11 22:12:02,388 [INFO] Fetching robots.txt from https://www.hindustantimes.com/robots.txt
2024-12-11 22:12:02,623 [INFO] Fetching robots.txt from https://arynews.tv/robots.txt
2024-12-11 22:12:02,685 [INFO] Fetching robots.txt from https://timesofindia.indiatimes.com/robots.txt
2024-12-11 22:12:03,417 [INFO] Fetching robots.txt from https://www.livemint.com/robots.txt
2024-12-11 22:12:04,401 [INFO] Fetching robots.txt from https://indianexpress.com/robots.txt
2024-12-11 22:12:04,916 [INFO] Non-200 response from https://indianexpress.com/robots.txt: 403
2024-12-11 22:12:04,916 [INFO] Skipping https://indianexpress.com/article/sports/cricket/babar-azam-defamation-notice-journalist-match-fixing-t20-world-cup-2024-9412139/ as robots.txt could not be fetched.
2024-12-11 22:12:04,917 [INFO] Fetching robots.txt from https://www.barrons.com/robots.txt
2024-12-11 22:12:05,696 [INFO] Non-200 response from https://www.barrons.com/robots.txt: 403
2024-12-11 22:12:05,697 [INFO] Skipping https://www.barrons.com/news/dropped-the-rise-and-fall-of-pakistan-batting-maestro-babar-azam-1427ea7c as robots.txt could not be fetched.
2024-12-11 22:12:05,698 [INFO] Fetching robots.txt from https://www.gray-nicolls.co.uk/robots.txt
2024-12-11 22:12:05,951 [INFO] Fetching robots.txt from https://open.spotify.com/robots.txt
2024-12-11 22:12:06,939 [INFO] Fetching robots.txt from https://www.bbc.com/robots.txt
2024-12-11 22:12:07,155 [INFO] Collected 10 URLs after filtering.
2024-12-11 22:12:07,156 [INFO] Scraping content from collected URLs...
2024-12-11 22:12:08,491 [INFO] Article at https://www.icc-cricket.com/rankings/59429/babar-azam is too short; skipping.
2024-12-11 22:12:13,564 [INFO] Article 'Babar Azam resigns as Pakistan captain from limited-overs cricket' added to valid articles.
2024-12-11 22:12:13,564 [INFO] Article 'Babar Azam Players Edition Bat' added to valid articles.
2024-12-11 22:12:13,565 [INFO] No content retrieved or article skipped.
2024-12-11 22:12:13,565 [INFO] Article ''Babar Azam needs to score three match-winning hundreds otherwise...': Shoaib Akhtar's 'Champions Trophy' ultimatum' added to valid articles.
2024-12-11 22:12:13,566 [INFO] Article 'Babar Azam Profile - ICC Ranking, Age, Career Info & Stats' added to valid articles.
2024-12-11 22:12:13,566 [INFO] Article 'Babar Azam Profile - Cricket Player Pakistan' added to valid articles.
2024-12-11 22:12:35,330 [INFO] Data written to output.json.
2024-12-11 22:20:22,037 [INFO] Scrape request received: Query='Fast Nuces', Num URLs=5
2024-12-11 22:20:24,115 [INFO] Fetching robots.txt from https://www.nu.edu.pk/robots.txt
2024-12-11 22:20:24,655 [INFO] Non-200 response from https://www.nu.edu.pk/robots.txt: 404
2024-12-11 22:20:24,656 [INFO] Skipping https://www.nu.edu.pk/ as robots.txt could not be fetched.
2024-12-11 22:20:24,656 [INFO] Fetching robots.txt from http://isb.nu.edu.pk/robots.txt
2024-12-11 22:20:25,008 [INFO] Non-200 response from http://isb.nu.edu.pk/robots.txt: 404
2024-12-11 22:20:25,009 [INFO] Skipping http://isb.nu.edu.pk/ as robots.txt could not be fetched.
2024-12-11 22:20:25,010 [INFO] Fetching robots.txt from https://lhr.nu.edu.pk/robots.txt
2024-12-11 22:20:25,875 [INFO] Non-200 response from https://lhr.nu.edu.pk/robots.txt: 404
2024-12-11 22:20:25,876 [INFO] Skipping https://lhr.nu.edu.pk/ as robots.txt could not be fetched.
2024-12-11 22:20:25,876 [INFO] Fetching robots.txt from https://khi.nu.edu.pk/robots.txt
2024-12-11 22:20:27,415 [INFO] Fetching robots.txt from https://www.facebook.com/robots.txt
2024-12-11 22:20:27,905 [INFO] Scraping not allowed for https://www.facebook.com/groups/2506986672753736/ as per robots.txt.
2024-12-11 22:20:27,905 [INFO] Fetching robots.txt from https://www.quora.com/robots.txt
2024-12-11 22:20:28,486 [INFO] Scraping not allowed for https://www.quora.com/How-do-I-get-a-good-GPA-in-FAST-NUCES as per robots.txt.
2024-12-11 22:20:28,487 [INFO] Fetching robots.txt from https://www.facebook.com/robots.txt
2024-12-11 22:20:29,164 [INFO] Scraping not allowed for https://www.facebook.com/groups/2506986672753736/posts/6532625943523102/ as per robots.txt.
2024-12-11 22:20:31,217 [INFO] Fetching robots.txt from https://www.quora.com/robots.txt
2024-12-11 22:20:31,915 [INFO] Scraping not allowed for https://www.quora.com/Why-do-people-complain-about-FAST-NUCES-social-environment-I-mean-it-feels-the-same-as-any-other-university as per robots.txt.
2024-12-11 22:20:31,916 [INFO] Fetching robots.txt from https://nu.insigniails.com/robots.txt
2024-12-11 22:20:32,672 [INFO] Non-200 response from https://nu.insigniails.com/robots.txt: 404
2024-12-11 22:20:32,673 [INFO] Skipping https://nu.insigniails.com/library/Home as robots.txt could not be fetched.
2024-12-11 22:20:32,674 [INFO] Fetching robots.txt from https://imaginecup.microsoft.com/robots.txt
2024-12-11 22:20:38,620 [INFO] Timeout occurred while fetching https://imaginecup.microsoft.com/robots.txt
2024-12-11 22:20:38,621 [INFO] Skipping https://imaginecup.microsoft.com/en-us/Team/7889342e-69c0-48bc-8b87-dad4512a8881 as robots.txt could not be fetched.
2024-12-11 22:20:38,622 [INFO] Fetching robots.txt from http://pwr.nu.edu.pk/robots.txt
2024-12-11 22:20:39,118 [INFO] Fetching robots.txt from http://www.nu.edu.pk/robots.txt
2024-12-11 22:20:39,839 [INFO] Non-200 response from http://www.nu.edu.pk/robots.txt: 404
2024-12-11 22:20:39,841 [INFO] Skipping http://www.nu.edu.pk/Career as robots.txt could not be fetched.
2024-12-11 22:20:39,842 [INFO] Fetching robots.txt from https://cfd.nu.edu.pk/robots.txt
2024-12-11 22:20:41,188 [INFO] Fetching robots.txt from https://github.com/robots.txt
2024-12-11 22:20:44,106 [INFO] Fetching robots.txt from https://m.facebook.com/robots.txt
2024-12-11 22:20:45,029 [INFO] Scraping not allowed for https://m.facebook.com/groups/2506986672753736/permalink/6575282525924110/ as per robots.txt.
2024-12-11 22:20:45,030 [INFO] Fetching robots.txt from https://chromewebstore.google.com/robots.txt
2024-12-11 22:20:46,308 [INFO] Non-200 response from https://chromewebstore.google.com/robots.txt: 404
2024-12-11 22:20:46,309 [INFO] Skipping https://chromewebstore.google.com/detail/flexer-feedback-submitter/eefoegmehkeabdoccnglipkcagncddia?hl=en as robots.txt could not be fetched.
2024-12-11 22:20:46,310 [INFO] Fetching robots.txt from https://www.edufi.tech/robots.txt
2024-12-11 22:20:51,197 [INFO] No more results from Google.
2024-12-11 22:20:51,198 [INFO] Collected 5 URLs after filtering.
2024-12-11 22:20:51,198 [INFO] Scraping content from collected URLs...
2024-12-11 22:20:53,132 [INFO] Article at https://github.com/Syed007Hassan/Fast-Material-CS-SE is too short; skipping.
2024-12-11 22:20:54,261 [INFO] Article at https://khi.nu.edu.pk/ is too short; skipping.
2024-12-11 22:20:54,750 [INFO] Article 'FAST NUCES' added to valid articles.
2024-12-11 22:20:54,751 [INFO] No content retrieved or article skipped.
2024-12-11 22:20:54,751 [INFO] Article 'NUCES Peshawar' added to valid articles.
2024-12-11 22:20:54,751 [INFO] No content retrieved or article skipped.
2024-12-11 22:20:54,752 [INFO] Article 'EduFi and FAST (NUCES) Unite in an Ambition of Providing Affordable Education in Pakistan with a Signature MOU – EduFi' added to valid articles.
2024-12-11 22:22:59,600 [INFO] Generated summary with 275 words.
2024-12-11 22:22:59,601 [WARNING] Generated summary is too short (275 words). Attempting to regenerate.
2024-12-11 22:24:52,968 [INFO] Regenerated summary with 275 words.
2024-12-11 22:24:52,970 [ERROR] Regenerated summary is still too short (275 words).
2024-12-11 22:24:52,974 [INFO] Data written to output.json.
2024-12-11 22:24:53,030 [INFO] Scrape request received: Query='Babar Azam', Num URLs=5
2024-12-11 22:24:54,039 [INFO] Fetching robots.txt from https://www.espncricinfo.com/robots.txt
2024-12-11 22:24:54,912 [INFO] Fetching robots.txt from https://www.cricbuzz.com/robots.txt
2024-12-11 22:24:55,289 [INFO] Fetching robots.txt from https://www.facebook.com/robots.txt
2024-12-11 22:24:55,751 [INFO] Scraping not allowed for https://www.facebook.com/MBabarAzamPakistan/ as per robots.txt.
2024-12-11 22:24:55,752 [INFO] Fetching robots.txt from https://x.com/robots.txt
2024-12-11 22:25:01,631 [INFO] Timeout occurred while fetching https://x.com/robots.txt
2024-12-11 22:25:01,633 [INFO] Skipping https://x.com/babarazam258?lang=en as robots.txt could not be fetched.
2024-12-11 22:25:01,634 [INFO] Fetching robots.txt from https://www.facebook.com/robots.txt
2024-12-11 22:25:02,089 [INFO] Scraping not allowed for https://www.facebook.com/MBabarAzamPakistan/posts/honored-to-have-my-bat-among-legends-at-the-mcg-long-room/976491941175906/ as per robots.txt.
2024-12-11 22:25:04,187 [INFO] Fetching robots.txt from https://apnews.com/robots.txt
2024-12-11 22:25:04,274 [INFO] Fetching robots.txt from https://www.gray-nicolls.com.au/robots.txt
2024-12-11 22:25:04,547 [INFO] Fetching robots.txt from https://www.quora.com/robots.txt
2024-12-11 22:25:05,055 [INFO] Scraping not allowed for https://www.quora.com/Why-are-Pakistanis-rating-Babar-Azam-as-the-world-s-best-batsman-and-king as per robots.txt.
2024-12-11 22:25:05,057 [INFO] Fetching robots.txt from https://www.icc-cricket.com/robots.txt
2024-12-11 22:25:05,223 [INFO] Fetching robots.txt from https://sports.ndtv.com/robots.txt
2024-12-11 22:25:05,805 [INFO] Fetching robots.txt from https://www.aljazeera.com/robots.txt
2024-12-11 22:25:06,711 [INFO] Fetching robots.txt from https://acceducate.org/robots.txt
2024-12-11 22:25:07,040 [INFO] Fetching robots.txt from https://www.thehindu.com/robots.txt
2024-12-11 22:25:09,058 [INFO] Fetching robots.txt from https://africa.espn.com/robots.txt
2024-12-11 22:25:09,249 [INFO] Fetching robots.txt from https://www.hindustantimes.com/robots.txt
2024-12-11 22:25:09,500 [INFO] Fetching robots.txt from https://arynews.tv/robots.txt
2024-12-11 22:25:10,815 [INFO] Fetching robots.txt from https://timesofindia.indiatimes.com/robots.txt
2024-12-11 22:25:11,470 [INFO] Fetching robots.txt from https://www.livemint.com/robots.txt
2024-12-11 22:25:12,497 [INFO] Fetching robots.txt from https://indianexpress.com/robots.txt
2024-12-11 22:25:12,928 [INFO] Non-200 response from https://indianexpress.com/robots.txt: 403
2024-12-11 22:25:12,929 [INFO] Skipping https://indianexpress.com/article/sports/cricket/babar-azam-defamation-notice-journalist-match-fixing-t20-world-cup-2024-9412139/ as robots.txt could not be fetched.
2024-12-11 22:25:12,930 [INFO] Fetching robots.txt from https://www.barrons.com/robots.txt
2024-12-11 22:25:14,105 [INFO] Non-200 response from https://www.barrons.com/robots.txt: 403
2024-12-11 22:25:14,106 [INFO] Skipping https://www.barrons.com/news/dropped-the-rise-and-fall-of-pakistan-batting-maestro-babar-azam-1427ea7c as robots.txt could not be fetched.
2024-12-11 22:25:14,108 [INFO] Fetching robots.txt from https://www.gray-nicolls.co.uk/robots.txt
2024-12-11 22:25:14,343 [INFO] Fetching robots.txt from https://open.spotify.com/robots.txt
2024-12-11 22:25:14,950 [INFO] Fetching robots.txt from https://www.bbc.com/robots.txt
2024-12-11 22:25:15,175 [INFO] Collected 10 URLs after filtering.
2024-12-11 22:25:15,175 [INFO] Scraping content from collected URLs...
2024-12-11 22:25:16,223 [INFO] Article at https://www.icc-cricket.com/rankings/59429/babar-azam is too short; skipping.
2024-12-11 22:25:19,337 [INFO] Article 'Babar Azam resigns as Pakistan captain from limited-overs cricket' added to valid articles.
2024-12-11 22:25:19,338 [INFO] Article 'Babar Azam Profile - ICC Ranking, Age, Career Info & Stats' added to valid articles.
2024-12-11 22:25:19,338 [INFO] No content retrieved or article skipped.
2024-12-11 22:25:19,339 [INFO] Article 'Babar Azam Players Edition Bat' added to valid articles.
2024-12-11 22:25:19,339 [INFO] Article 'Babar Azam to miss remainder of England series as Pakistan gives out-of-form star batter a rest' added to valid articles.
2024-12-11 22:25:19,340 [INFO] Article 'Babar Azam Profile - Cricket Player Pakistan' added to valid articles.
2024-12-11 22:26:54,555 [INFO] Generated summary with 311 words.
2024-12-11 22:26:54,557 [INFO] Data written to output.json.
2024-12-11 22:26:54,566 [INFO] Scrape request received: Query='Babar Azam', Num URLs=5
2024-12-11 22:26:55,603 [INFO] Fetching robots.txt from https://www.espncricinfo.com/robots.txt
2024-12-11 22:26:56,479 [INFO] Fetching robots.txt from https://www.cricbuzz.com/robots.txt
2024-12-11 22:26:56,966 [INFO] Fetching robots.txt from https://www.facebook.com/robots.txt
2024-12-11 22:26:57,433 [INFO] Scraping not allowed for https://www.facebook.com/MBabarAzamPakistan/ as per robots.txt.
2024-12-11 22:26:57,434 [INFO] Fetching robots.txt from https://x.com/robots.txt
2024-12-11 22:27:02,633 [INFO] Timeout occurred while fetching https://x.com/robots.txt
2024-12-11 22:27:02,634 [INFO] Skipping https://x.com/babarazam258?lang=en as robots.txt could not be fetched.
2024-12-11 22:27:02,635 [INFO] Fetching robots.txt from https://www.facebook.com/robots.txt
2024-12-11 22:27:03,144 [INFO] Scraping not allowed for https://www.facebook.com/MBabarAzamPakistan/posts/honored-to-have-my-bat-among-legends-at-the-mcg-long-room/976491941175906/ as per robots.txt.
2024-12-11 22:27:05,084 [INFO] Fetching robots.txt from https://apnews.com/robots.txt
2024-12-11 22:27:05,166 [INFO] Fetching robots.txt from https://www.gray-nicolls.com.au/robots.txt
2024-12-11 22:27:05,414 [INFO] Fetching robots.txt from https://www.quora.com/robots.txt
2024-12-11 22:27:05,910 [INFO] Scraping not allowed for https://www.quora.com/Why-are-Pakistanis-rating-Babar-Azam-as-the-world-s-best-batsman-and-king as per robots.txt.
2024-12-11 22:27:05,910 [INFO] Fetching robots.txt from https://www.icc-cricket.com/robots.txt
2024-12-11 22:27:06,060 [INFO] Fetching robots.txt from https://sports.ndtv.com/robots.txt
2024-12-11 22:27:07,036 [INFO] Fetching robots.txt from https://www.aljazeera.com/robots.txt
2024-12-11 22:27:08,037 [INFO] Fetching robots.txt from https://acceducate.org/robots.txt
2024-12-11 22:27:08,385 [INFO] Fetching robots.txt from https://www.thehindu.com/robots.txt
2024-12-11 22:27:10,652 [INFO] Fetching robots.txt from https://africa.espn.com/robots.txt
2024-12-11 22:27:10,834 [INFO] Fetching robots.txt from https://www.hindustantimes.com/robots.txt
2024-12-11 22:27:11,039 [INFO] Fetching robots.txt from https://arynews.tv/robots.txt
2024-12-11 22:27:11,103 [INFO] Fetching robots.txt from https://timesofindia.indiatimes.com/robots.txt
2024-12-11 22:27:11,808 [INFO] Fetching robots.txt from https://www.livemint.com/robots.txt
2024-12-11 22:27:12,832 [INFO] Fetching robots.txt from https://indianexpress.com/robots.txt
2024-12-11 22:27:13,525 [INFO] Non-200 response from https://indianexpress.com/robots.txt: 403
2024-12-11 22:27:13,525 [INFO] Skipping https://indianexpress.com/article/sports/cricket/babar-azam-defamation-notice-journalist-match-fixing-t20-world-cup-2024-9412139/ as robots.txt could not be fetched.
2024-12-11 22:27:13,526 [INFO] Fetching robots.txt from https://www.barrons.com/robots.txt
2024-12-11 22:27:14,410 [INFO] Non-200 response from https://www.barrons.com/robots.txt: 403
2024-12-11 22:27:14,412 [INFO] Skipping https://www.barrons.com/news/dropped-the-rise-and-fall-of-pakistan-batting-maestro-babar-azam-1427ea7c as robots.txt could not be fetched.
2024-12-11 22:27:14,413 [INFO] Fetching robots.txt from https://www.gray-nicolls.co.uk/robots.txt
2024-12-11 22:27:14,741 [INFO] Fetching robots.txt from https://open.spotify.com/robots.txt
2024-12-11 22:27:15,630 [INFO] Fetching robots.txt from https://www.bbc.com/robots.txt
2024-12-11 22:27:16,019 [INFO] Collected 10 URLs after filtering.
2024-12-11 22:27:16,020 [INFO] Scraping content from collected URLs...
2024-12-11 22:27:16,596 [INFO] Article at https://www.icc-cricket.com/rankings/59429/babar-azam is too short; skipping.
2024-12-11 22:27:19,859 [INFO] Article 'Babar Azam resigns as Pakistan captain from limited-overs cricket' added to valid articles.
2024-12-11 22:27:19,860 [INFO] No content retrieved or article skipped.
2024-12-11 22:27:19,860 [INFO] Article 'Babar Azam Profile - ICC Ranking, Age, Career Info & Stats' added to valid articles.
2024-12-11 22:27:19,861 [INFO] Article 'Babar Azam Players Edition Bat' added to valid articles.
2024-12-11 22:27:19,862 [INFO] Article 'Babar Azam Profile - Cricket Player Pakistan' added to valid articles.
2024-12-11 22:27:19,862 [INFO] Article 'News, Photos, Stats, Ranking, Records - NDTV Sports' added to valid articles.
2024-12-11 22:28:53,558 [INFO] Generated summary with 311 words.
2024-12-11 22:28:53,560 [INFO] Data written to output.json.
2024-12-11 22:29:19,225 [INFO] Feedback received for query 'Babar Azam': I am under the water
2024-12-12 00:20:52,952 [INFO] Scrape request received: Query='Imran Khan', Num URLs=5
2024-12-12 00:20:53,927 [INFO] Fetching robots.txt from https://www.bbc.com/robots.txt
2024-12-12 00:20:54,220 [INFO] Fetching robots.txt from https://x.com/robots.txt
2024-12-12 00:20:59,616 [INFO] Timeout occurred while fetching https://x.com/robots.txt
2024-12-12 00:20:59,617 [INFO] Skipping https://x.com/imrankhanpti as robots.txt could not be fetched.
2024-12-12 00:20:59,618 [INFO] Fetching robots.txt from https://ccr.cancer.gov/robots.txt
2024-12-12 00:21:01,091 [INFO] Fetching robots.txt from https://www.icij.org/robots.txt
2024-12-12 00:21:03,085 [INFO] Fetching robots.txt from https://open.spotify.com/robots.txt
2024-12-12 00:21:03,702 [INFO] Fetching robots.txt from https://www.aljazeera.com/robots.txt
2024-12-12 00:21:06,451 [INFO] Fetching robots.txt from https://www.inova.org/robots.txt
2024-12-12 00:21:08,118 [INFO] Fetching robots.txt from https://apnews.com/robots.txt
2024-12-12 00:21:08,657 [INFO] Fetching robots.txt from https://www.du.edu/robots.txt
2024-12-12 00:21:10,822 [INFO] Fetching robots.txt from https://www.espncricinfo.com/robots.txt
2024-12-12 00:21:11,698 [INFO] Fetching robots.txt from https://profiles.ucsf.edu/robots.txt
2024-12-12 00:21:13,930 [INFO] Fetching robots.txt from https://pediatrics.ucsf.edu/robots.txt
2024-12-12 00:21:15,846 [INFO] Fetching robots.txt from https://carnegieendowment.org/robots.txt
2024-12-12 00:21:17,170 [INFO] Fetching robots.txt from https://www.ikca.org.uk/robots.txt
2024-12-12 00:21:17,979 [INFO] Fetching robots.txt from https://www.theguardian.com/robots.txt
2024-12-12 00:21:18,656 [INFO] Fetching robots.txt from https://www.brookings.edu/robots.txt
2024-12-12 00:21:18,718 [INFO] Non-200 response from https://www.brookings.edu/robots.txt: 403
2024-12-12 00:21:18,719 [INFO] Skipping https://www.brookings.edu/articles/imran-khans-incomplete-taliban-narrative/ as robots.txt could not be fetched.
2024-12-12 00:21:18,720 [INFO] Collected 10 URLs after filtering.
2024-12-12 00:21:18,721 [INFO] Scraping content from collected URLs...
2024-12-12 00:21:20,606 [INFO] Article at https://www.aljazeera.com/tag/imran-khan/ is too short; skipping.
2024-12-12 00:21:20,710 [INFO] Article at https://www.inova.org/doctors/imran-a-khan-md is too short; skipping.
2024-12-12 00:21:21,213 [INFO] Article at https://ccr.cancer.gov/staff-directory/imran-khan is too short; skipping.
2024-12-12 00:21:21,226 [INFO] Article at https://open.spotify.com/artist/24BYRlsS8uIO4jA71mJ4Js is too short; skipping.
2024-12-12 00:21:24,494 [INFO] Article at https://profiles.ucsf.edu/imran.khan is too short; skipping.
2024-12-12 00:21:24,497 [INFO] Article 'Imran Khan: The cricket star and former PM who is dividing Pakistan' added to valid articles.
2024-12-12 00:21:24,498 [INFO] Article 'Imran Khan Profile - Cricket Player Pakistan' added to valid articles.
2024-12-12 00:21:24,498 [INFO] No content retrieved or article skipped.
2024-12-12 00:21:24,499 [INFO] No content retrieved or article skipped.
2024-12-12 00:21:24,500 [INFO] No content retrieved or article skipped.
2024-12-12 00:21:24,500 [INFO] No content retrieved or article skipped.
2024-12-12 00:21:24,501 [INFO] Article 'Pakistan’s Imran Khan gets bail in a graft case but will stay behind bars on other charges' added to valid articles.
2024-12-12 00:21:24,501 [INFO] Article 'Alumnus Imran Khan Creates Opportunity Through Scholarship Gift' added to valid articles.
2024-12-12 00:21:24,502 [INFO] Article 'Prime Minister Imran Khan promised ‘new Pakistan’ but members of his inner circle secretly moved millions offshore' added to valid articles.
2024-12-12 00:21:40,230 [INFO] Data written to output.json.
2024-12-12 02:09:26,917 [ERROR] Form data requires "python-multipart" to be installed. 
You can install "python-multipart" with: 

pip install python-multipart

2024-12-12 02:11:55,795 [WARNING] (trapped) error reading bcrypt version
Traceback (most recent call last):
  File "E:\Fyp\myenv\Lib\site-packages\passlib\handlers\bcrypt.py", line 620, in _load_backend_mixin
    version = _bcrypt.__about__.__version__
              ^^^^^^^^^^^^^^^^^
AttributeError: module 'bcrypt' has no attribute '__about__'
2024-12-12 02:11:56,463 [INFO] New user registered: m@gmail.com
2024-12-12 02:13:33,428 [INFO] User logged in: m@gmail.com
2024-12-12 02:13:45,206 [INFO] User logged in: m@gmail.com
2024-12-12 02:15:08,467 [WARNING] (trapped) error reading bcrypt version
Traceback (most recent call last):
  File "E:\Fyp\myenv\Lib\site-packages\passlib\handlers\bcrypt.py", line 620, in _load_backend_mixin
    version = _bcrypt.__about__.__version__
              ^^^^^^^^^^^^^^^^^
AttributeError: module 'bcrypt' has no attribute '__about__'
2024-12-12 02:15:09,012 [INFO] New user registered: hamza@gmail.com
2024-12-12 02:17:13,716 [INFO] User logged in: hamza@gmail.com
2024-12-12 02:32:25,115 [WARNING] (trapped) error reading bcrypt version
Traceback (most recent call last):
  File "E:\Fyp\myenv\Lib\site-packages\passlib\handlers\bcrypt.py", line 620, in _load_backend_mixin
    version = _bcrypt.__about__.__version__
              ^^^^^^^^^^^^^^^^^
AttributeError: module 'bcrypt' has no attribute '__about__'
2024-12-12 02:32:33,701 [INFO] User logged in: m@gmail.com
2024-12-12 02:34:38,859 [INFO] User logged in: m@gmail.com
2024-12-12 03:13:58,675 [INFO] User logged in: m@gmail.com
2024-12-12 03:17:29,308 [INFO] User logged in: m@gmail.com
2024-12-12 03:19:05,751 [INFO] User logged in: m@gmail.com
2024-12-12 03:19:41,461 [INFO] User logged in: m@gmail.com
2024-12-12 03:20:05,242 [INFO] User logged in: m@gmail.com
2024-12-12 03:21:19,976 [INFO] User logged in: m@gmail.com
2024-12-12 03:22:44,895 [INFO] User logged in: m@gmail.com
2024-12-12 03:22:59,700 [INFO] User logged in: m@gmail.com
2024-12-12 03:23:41,106 [INFO] User logged in: m@gmail.com
2024-12-12 03:24:38,415 [INFO] User logged in: m@gmail.com
2024-12-12 03:34:32,072 [INFO] User logged in: m@gmail.com
2024-12-12 03:34:57,024 [INFO] User logged in: m@gmail.com
2024-12-12 03:35:36,723 [INFO] User logged in: m@gmail.com
2024-12-12 03:37:25,258 [WARNING] (trapped) error reading bcrypt version
Traceback (most recent call last):
  File "E:\Fyp\myenv\Lib\site-packages\passlib\handlers\bcrypt.py", line 620, in _load_backend_mixin
    version = _bcrypt.__about__.__version__
              ^^^^^^^^^^^^^^^^^
AttributeError: module 'bcrypt' has no attribute '__about__'
2024-12-12 03:37:25,532 [INFO] User logged in: m@gmail.com
2024-12-12 03:38:16,317 [INFO] User logged in: m@gmail.com
2024-12-12 03:40:04,835 [INFO] User logged in: m@gmail.com
2024-12-12 03:41:30,409 [INFO] User logged in: m@gmail.com
2024-12-12 03:41:51,498 [INFO] User logged in: m@gmail.com
2024-12-12 03:46:33,189 [INFO] User logged in: m@gmail.com
2024-12-12 03:52:20,861 [INFO] User logged in: m@gmail.com
2024-12-12 03:53:00,697 [INFO] User logged in: m@gmail.com
2024-12-12 03:53:31,994 [INFO] User logged in: m@gmail.com
2024-12-12 03:54:29,784 [INFO] User logged in: m@gmail.com
2024-12-12 03:57:22,683 [INFO] User logged in: m@gmail.com
2024-12-12 03:59:48,567 [INFO] User logged in: m@gmail.com
2024-12-12 04:02:26,328 [INFO] User logged in: m@gmail.com
2024-12-12 04:13:35,118 [INFO] User logged in: m@gmail.com
2024-12-12 04:16:04,260 [INFO] User logged in: m@gmail.com
2024-12-12 04:27:04,374 [INFO] User logged in: m@gmail.com
2024-12-12 04:41:18,603 [INFO] User logged in: m@gmail.com
2025-03-19 06:47:35,675 [INFO] Database path: E:\University\FYP\FYP_INFOMORPH\users.db
2025-03-19 06:47:35,704 [INFO] Database engine created successfully
2025-03-19 06:47:35,704 [INFO] Session maker created successfully
2025-03-19 06:47:35,705 [INFO] Base declarative class created successfully
2025-03-19 06:47:35,846 [INFO] BEGIN (implicit)
2025-03-19 06:47:35,847 [INFO] PRAGMA main.table_info("users")
2025-03-19 06:47:35,847 [INFO] [raw sql] ()
2025-03-19 06:47:35,848 [INFO] COMMIT
2025-03-19 06:47:35,848 [INFO] Database tables created successfully
2025-03-19 06:48:01,392 [INFO] Database path: E:\University\FYP\FYP_INFOMORPH\users.db
2025-03-19 06:48:01,400 [INFO] Database engine created successfully
2025-03-19 06:48:01,401 [INFO] Session maker created successfully
2025-03-19 06:48:01,401 [INFO] Base declarative class created successfully
2025-03-19 06:48:01,444 [INFO] BEGIN (implicit)
2025-03-19 06:48:01,445 [INFO] PRAGMA main.table_info("users")
2025-03-19 06:48:01,445 [INFO] [raw sql] ()
2025-03-19 06:48:01,446 [INFO] COMMIT
2025-03-19 06:48:01,446 [INFO] Database tables created successfully
2025-03-19 06:48:11,506 [INFO] Database path: E:\University\FYP\FYP_INFOMORPH\users.db
2025-03-19 06:48:11,515 [INFO] Database engine created successfully
2025-03-19 06:48:11,516 [INFO] Session maker created successfully
2025-03-19 06:48:11,516 [INFO] Base declarative class created successfully
2025-03-19 06:48:11,562 [INFO] BEGIN (implicit)
2025-03-19 06:48:11,563 [INFO] PRAGMA main.table_info("users")
2025-03-19 06:48:11,563 [INFO] [raw sql] ()
2025-03-19 06:48:11,564 [INFO] COMMIT
2025-03-19 06:48:11,564 [INFO] Database tables created successfully
2025-03-19 06:48:51,929 [INFO] BEGIN (implicit)
2025-03-19 06:48:51,932 [INFO] SELECT users.id AS users_id, users.email AS users_email, users.hashed_password AS users_hashed_password 
FROM users 
WHERE users.email = ?
 LIMIT ? OFFSET ?
2025-03-19 06:48:51,932 [INFO] [generated in 0.00100s] ('ahmadmoazam6@gmail.com', 1, 0)
2025-03-19 06:48:51,935 [INFO] ROLLBACK
2025-03-19 06:48:54,427 [INFO] BEGIN (implicit)
2025-03-19 06:48:54,428 [INFO] SELECT users.id AS users_id, users.email AS users_email, users.hashed_password AS users_hashed_password 
FROM users 
WHERE users.email = ?
 LIMIT ? OFFSET ?
2025-03-19 06:48:54,429 [INFO] [cached since 2.497s ago] ('ahmadmoazam6@gmail.com', 1, 0)
2025-03-19 06:48:54,431 [INFO] ROLLBACK
2025-03-19 06:49:22,081 [INFO] Database path: E:\University\FYP\FYP_INFOMORPH\users.db
2025-03-19 06:49:22,093 [INFO] Database engine created successfully
2025-03-19 06:49:22,094 [INFO] Session maker created successfully
2025-03-19 06:49:22,094 [INFO] Base declarative class created successfully
2025-03-19 06:49:22,139 [INFO] BEGIN (implicit)
2025-03-19 06:49:22,140 [INFO] PRAGMA main.table_info("users")
2025-03-19 06:49:22,140 [INFO] [raw sql] ()
2025-03-19 06:49:22,141 [INFO] COMMIT
2025-03-19 06:49:22,142 [INFO] Database tables created successfully
2025-03-19 06:49:26,524 [INFO] BEGIN (implicit)
2025-03-19 06:49:26,526 [INFO] SELECT users.id AS users_id, users.email AS users_email, users.hashed_password AS users_hashed_password 
FROM users 
WHERE users.email = ?
 LIMIT ? OFFSET ?
2025-03-19 06:49:26,527 [INFO] [generated in 0.00081s] ('ahmadmoazam6@gmail.com', 1, 0)
2025-03-19 06:49:26,529 [INFO] ROLLBACK
2025-03-19 06:49:41,246 [INFO] BEGIN (implicit)
2025-03-19 06:49:41,247 [INFO] SELECT users.id AS users_id, users.email AS users_email, users.hashed_password AS users_hashed_password 
FROM users 
WHERE users.email = ?
 LIMIT ? OFFSET ?
2025-03-19 06:49:41,248 [INFO] [cached since 14.72s ago] ('ahmadmoazam6@gmail.com', 1, 0)
2025-03-19 06:49:41,250 [INFO] ROLLBACK
2025-03-19 06:51:02,608 [INFO] Database path: E:\University\FYP\FYP_INFOMORPH\users.db
2025-03-19 06:51:02,617 [INFO] Database engine created successfully
2025-03-19 06:51:02,617 [INFO] Session maker created successfully
2025-03-19 06:51:02,618 [INFO] Base declarative class created successfully
2025-03-19 06:51:02,720 [INFO] BEGIN (implicit)
2025-03-19 06:51:02,721 [INFO] PRAGMA main.table_info("users")
2025-03-19 06:51:02,721 [INFO] [raw sql] ()
2025-03-19 06:51:02,722 [INFO] COMMIT
2025-03-19 06:51:02,722 [INFO] Database tables created successfully
2025-03-19 06:51:19,091 [INFO] BEGIN (implicit)
2025-03-19 06:51:19,093 [INFO] SELECT users.id AS users_id, users.email AS users_email, users.hashed_password AS users_hashed_password 
FROM users 
WHERE users.email = ?
 LIMIT ? OFFSET ?
2025-03-19 06:51:19,094 [INFO] [generated in 0.00089s] ('ahmadmoazam6@gmail.com', 1, 0)
2025-03-19 06:51:19,095 [WARNING] (trapped) error reading bcrypt version
Traceback (most recent call last):
  File "E:\University\FYP\FYP_INFOMORPH\venv\Lib\site-packages\passlib\handlers\bcrypt.py", line 620, in _load_backend_mixin
    version = _bcrypt.__about__.__version__
              ^^^^^^^^^^^^^^^^^
AttributeError: module 'bcrypt' has no attribute '__about__'
2025-03-19 06:51:19,307 [INFO] INSERT INTO users (email, hashed_password) VALUES (?, ?)
2025-03-19 06:51:19,307 [INFO] [generated in 0.00064s] ('ahmadmoazam6@gmail.com', '$2b$12$XFfujPyzFoHYyKV0kwYQfO5nnZDNWestOeHXplEpIr.ViZjivAH8e')
2025-03-19 06:51:19,357 [INFO] COMMIT
2025-03-19 06:51:19,466 [INFO] BEGIN (implicit)
2025-03-19 06:51:19,467 [INFO] SELECT users.id, users.email, users.hashed_password 
FROM users 
WHERE users.id = ?
2025-03-19 06:51:19,468 [INFO] [generated in 0.00056s] (3,)
2025-03-19 06:51:19,716 [INFO] New user registered: ahmadmoazam6@gmail.com
2025-03-19 06:51:19,754 [INFO] ROLLBACK
2025-03-19 16:25:41,981 [INFO] Database path: E:\University\FYP\FYP_INFOMORPH\users.db
2025-03-19 16:25:42,077 [INFO] Database engine created successfully
2025-03-19 16:25:42,078 [INFO] Session maker created successfully
2025-03-19 16:25:42,078 [INFO] Base declarative class created successfully
2025-03-19 16:25:45,346 [INFO] BEGIN (implicit)
2025-03-19 16:25:45,346 [INFO] PRAGMA main.table_info("users")
2025-03-19 16:25:45,346 [INFO] [raw sql] ()
2025-03-19 16:25:45,349 [INFO] COMMIT
2025-03-19 16:25:45,349 [INFO] Database tables created successfully
2025-03-19 16:47:54,370 [INFO] Database configuration will be added later
2025-03-19 16:48:03,606 [INFO] Database configuration will be added later
2025-03-19 21:04:23,630 [INFO] Supabase username and password found in environment variables
2025-03-19 21:04:23,630 [ERROR] Failed to initialize Supabase client: Invalid API key
2025-03-19 21:05:38,981 [INFO] Supabase username and password found in environment variables
2025-03-19 21:05:38,982 [ERROR] Failed to initialize Supabase client: Invalid API key
2025-03-19 21:05:47,892 [INFO] Using Supabase URL: https://supabase.com/dashboard/project/ljrlwlsqivyghpshguee
2025-03-19 21:05:47,893 [INFO] API Key found (masked): your**********************************-key
2025-03-19 21:05:47,893 [INFO] Supabase username and password found in environment variables
2025-03-19 21:05:47,894 [ERROR] Failed to initialize Supabase client: Invalid API key
2025-03-19 21:05:47,894 [WARNING] Using mock Supabase client - database operations will not work
2025-03-19 21:05:48,032 [ERROR] Error getting Supabase client: Invalid API key
2025-03-19 21:05:48,033 [WARNING] Could not authenticate with Supabase at startup
2025-03-19 21:07:07,071 [INFO] Using Supabase URL: https://supabase.com/dashboard/project/ljrlwlsqivyghpshguee
2025-03-19 21:07:07,072 [INFO] API Key found (masked): your**********************************-key
2025-03-19 21:07:07,072 [INFO] Supabase username and password found in environment variables
2025-03-19 21:07:07,072 [ERROR] Failed to initialize Supabase client: Invalid API key
2025-03-19 21:07:07,073 [WARNING] Using mock Supabase client - database operations will not work
2025-03-19 21:07:07,243 [ERROR] Error getting Supabase client: Invalid API key
2025-03-19 21:07:07,244 [WARNING] Could not authenticate with Supabase at startup
2025-03-19 21:10:38,626 [INFO] Using Supabase URL: https://ljrlwlsqivyghpshguee.supabase.co
2025-03-19 21:10:38,626 [INFO] API Key found (masked): eyJh********************************************************************************************************************************************************************************************************K5Tg
2025-03-19 21:10:38,627 [INFO] Supabase username and password found in environment variables
2025-03-19 21:10:39,029 [INFO] Supabase client initialized successfully
2025-03-19 21:10:39,354 [INFO] Successfully created Supabase client
2025-03-19 21:10:40,593 [INFO] HTTP Request: GET https://ljrlwlsqivyghpshguee.supabase.co/rest/v1/Users?select=count&limit=1 "HTTP/2 200 OK"
2025-03-19 21:10:40,596 [INFO] Successfully connected to Supabase
2025-03-19 21:10:40,596 [INFO] Successfully connected to Supabase at startup
2025-03-19 21:15:26,734 [INFO] Using Supabase URL: https://ljrlwlsqivyghpshguee.supabase.co
2025-03-19 21:15:26,735 [INFO] API Key found (masked): eyJh********************************************************************************************************************************************************************************************************K5Tg
2025-03-19 21:15:26,735 [INFO] Supabase username and password found in environment variables
2025-03-19 21:15:26,941 [INFO] Supabase client initialized successfully
2025-03-19 21:15:27,269 [INFO] Successfully created Supabase client
2025-03-19 21:15:28,025 [INFO] HTTP Request: GET https://ljrlwlsqivyghpshguee.supabase.co/rest/v1/Users?select=count&limit=1 "HTTP/2 200 OK"
2025-03-19 21:15:28,029 [INFO] Successfully connected to Supabase
2025-03-19 21:15:28,029 [INFO] Successfully connected to Supabase at startup
2025-03-19 21:15:37,242 [INFO] Using Supabase URL: https://ljrlwlsqivyghpshguee.supabase.co
2025-03-19 21:15:37,243 [INFO] API Key found (masked): eyJh********************************************************************************************************************************************************************************************************K5Tg
2025-03-19 21:15:37,243 [INFO] Supabase username and password found in environment variables
2025-03-19 21:15:37,446 [INFO] Supabase client initialized successfully
2025-03-19 21:15:37,754 [INFO] Successfully created Supabase client
2025-03-19 21:15:38,221 [INFO] HTTP Request: GET https://ljrlwlsqivyghpshguee.supabase.co/rest/v1/Users?select=count&limit=1 "HTTP/2 200 OK"
2025-03-19 21:15:38,224 [INFO] Successfully connected to Supabase
2025-03-19 21:15:38,224 [INFO] Successfully connected to Supabase at startup
2025-03-19 21:15:46,885 [INFO] Using Supabase URL: https://ljrlwlsqivyghpshguee.supabase.co
2025-03-19 21:15:46,886 [INFO] API Key found (masked): eyJh********************************************************************************************************************************************************************************************************K5Tg
2025-03-19 21:15:46,886 [INFO] Supabase username and password found in environment variables
2025-03-19 21:15:47,109 [INFO] Supabase client initialized successfully
2025-03-19 21:15:47,423 [INFO] Successfully created Supabase client
2025-03-19 21:15:47,878 [INFO] HTTP Request: GET https://ljrlwlsqivyghpshguee.supabase.co/rest/v1/Users?select=count&limit=1 "HTTP/2 200 OK"
2025-03-19 21:15:47,881 [INFO] Successfully connected to Supabase
2025-03-19 21:15:47,881 [INFO] Successfully connected to Supabase at startup
2025-03-19 21:21:17,224 [INFO] Using Supabase URL: https://ljrlwlsqivyghpshguee.supabase.co
2025-03-19 21:21:17,225 [INFO] API Key found (masked): eyJh********************************************************************************************************************************************************************************************************K5Tg
2025-03-19 21:21:17,226 [INFO] Supabase username and password found in environment variables
2025-03-19 21:21:17,438 [INFO] Supabase client initialized successfully
2025-03-19 21:21:17,758 [INFO] Successfully created Supabase client
2025-03-19 21:21:19,026 [INFO] HTTP Request: GET https://ljrlwlsqivyghpshguee.supabase.co/rest/v1/Users?select=count&limit=1 "HTTP/2 200 OK"
2025-03-19 21:21:19,028 [INFO] Successfully connected to Supabase
2025-03-19 21:21:19,029 [INFO] Successfully connected to Supabase at startup
2025-03-19 21:21:31,043 [INFO] Using Supabase URL: https://ljrlwlsqivyghpshguee.supabase.co
2025-03-19 21:21:31,043 [INFO] API Key found (masked): eyJh********************************************************************************************************************************************************************************************************K5Tg
2025-03-19 21:21:31,044 [INFO] Supabase username and password found in environment variables
2025-03-19 21:21:31,244 [INFO] Supabase client initialized successfully
2025-03-19 21:21:31,559 [INFO] Successfully created Supabase client
2025-03-19 21:21:32,428 [INFO] HTTP Request: GET https://ljrlwlsqivyghpshguee.supabase.co/rest/v1/Users?select=count&limit=1 "HTTP/2 200 OK"
2025-03-19 21:21:32,430 [INFO] Successfully connected to Supabase
2025-03-19 21:21:32,431 [INFO] Successfully connected to Supabase at startup
2025-03-19 21:41:57,613 [INFO] HTTP Request: GET https://ljrlwlsqivyghpshguee.supabase.co/rest/v1/Users?select=%2A&email=eq.ahmadmoazam6%40gmail.com "HTTP/2 400 Bad Request"
2025-03-19 21:41:57,614 [ERROR] Error getting user by email: {'code': '42703', 'details': None, 'hint': None, 'message': 'column Users.email does not exist'}
2025-03-19 21:41:58,251 [INFO] HTTP Request: POST https://ljrlwlsqivyghpshguee.supabase.co/rest/v1/Users "HTTP/2 400 Bad Request"
2025-03-19 21:41:58,251 [ERROR] Error creating user: {'code': 'PGRST204', 'details': None, 'hint': None, 'message': "Could not find the 'email' column of 'Users' in the schema cache"}
2025-03-19 21:41:58,252 [ERROR] Signup error: 500: Failed to create user
2025-03-19 21:56:31,552 [INFO] HTTP Request: GET https://ljrlwlsqivyghpshguee.supabase.co/rest/v1/Users?select=%2A&email=eq.ahmadmoazam6%40gmail.com "HTTP/2 400 Bad Request"
2025-03-19 21:56:31,553 [ERROR] Error getting user by email: {'code': '42703', 'details': None, 'hint': None, 'message': 'column Users.email does not exist'}
2025-03-19 21:56:31,792 [INFO] HTTP Request: POST https://ljrlwlsqivyghpshguee.supabase.co/rest/v1/Users "HTTP/2 400 Bad Request"
2025-03-19 21:56:31,798 [ERROR] Error creating user: {'code': 'PGRST204', 'details': None, 'hint': None, 'message': "Could not find the 'email' column of 'Users' in the schema cache"}
2025-03-19 21:56:31,798 [ERROR] Signup error: 500: Failed to create user
2025-03-19 22:03:07,074 [INFO] HTTP Request: GET https://ljrlwlsqivyghpshguee.supabase.co/rest/v1/Users?select=%2A&email=eq.ahmadmoazam6%40gmail.com "HTTP/2 400 Bad Request"
2025-03-19 22:03:07,075 [ERROR] Error getting user by email: {'code': '42703', 'details': None, 'hint': None, 'message': 'column Users.email does not exist'}
2025-03-19 22:03:07,307 [INFO] HTTP Request: POST https://ljrlwlsqivyghpshguee.supabase.co/rest/v1/Users "HTTP/2 400 Bad Request"
2025-03-19 22:03:07,308 [ERROR] Error creating user: {'code': 'PGRST204', 'details': None, 'hint': None, 'message': "Could not find the 'email' column of 'Users' in the schema cache"}
2025-03-19 22:03:07,309 [ERROR] Signup error: 500: Failed to create user
2025-03-19 22:07:35,662 [INFO] HTTP Request: GET https://ljrlwlsqivyghpshguee.supabase.co/rest/v1/Users?select=%2A&email=eq.ahmadmoazam6%40gmail.com "HTTP/2 200 OK"
2025-03-19 22:07:35,909 [INFO] HTTP Request: POST https://ljrlwlsqivyghpshguee.supabase.co/rest/v1/Users "HTTP/2 401 Unauthorized"
2025-03-19 22:07:35,910 [ERROR] Error creating user: {'code': '42501', 'details': None, 'hint': None, 'message': 'new row violates row-level security policy for table "Users"'}
2025-03-19 22:07:35,911 [ERROR] Signup error: 500: Failed to create user
2025-03-19 22:07:51,931 [INFO] HTTP Request: GET https://ljrlwlsqivyghpshguee.supabase.co/rest/v1/Users?select=%2A&email=eq.ahmadmoazam6%40gmail.com "HTTP/2 200 OK"
2025-03-19 22:07:52,165 [INFO] HTTP Request: POST https://ljrlwlsqivyghpshguee.supabase.co/rest/v1/Users "HTTP/2 401 Unauthorized"
2025-03-19 22:07:52,166 [ERROR] Error creating user: {'code': '42501', 'details': None, 'hint': None, 'message': 'new row violates row-level security policy for table "Users"'}
2025-03-19 22:07:52,166 [ERROR] Signup error: 500: Failed to create user
2025-03-19 22:09:10,051 [INFO] Using Supabase URL: https://ljrlwlsqivyghpshguee.supabase.co
2025-03-19 22:09:10,052 [INFO] API Key found (masked): eyJh********************************************************************************************************************************************************************************************************K5Tg
2025-03-19 22:09:10,053 [INFO] Supabase username and password found in environment variables
2025-03-19 22:09:10,258 [INFO] Supabase client initialized successfully
2025-03-19 22:09:10,565 [INFO] Successfully created Supabase client
2025-03-19 22:09:11,049 [INFO] HTTP Request: GET https://ljrlwlsqivyghpshguee.supabase.co/rest/v1/Users?select=count&limit=1 "HTTP/2 200 OK"
2025-03-19 22:09:11,052 [INFO] Successfully connected to Supabase
2025-03-19 22:09:11,053 [INFO] Successfully connected to Supabase at startup
2025-03-19 22:10:02,923 [INFO] Using Supabase URL: https://ljrlwlsqivyghpshguee.supabase.co
2025-03-19 22:10:02,924 [INFO] API Key found (masked): eyJh********************************************************************************************************************************************************************************************************K5Tg
2025-03-19 22:10:02,925 [INFO] Supabase username and password found in environment variables
2025-03-19 22:10:03,130 [INFO] Supabase client initialized successfully
2025-03-19 22:10:03,466 [INFO] Successfully created Supabase client
2025-03-19 22:10:04,627 [INFO] HTTP Request: GET https://ljrlwlsqivyghpshguee.supabase.co/rest/v1/Users?select=count&limit=1 "HTTP/2 200 OK"
2025-03-19 22:10:04,630 [INFO] Successfully connected to Supabase
2025-03-19 22:10:04,630 [INFO] Successfully connected to Supabase at startup
2025-03-19 22:10:24,352 [INFO] HTTP Request: GET https://ljrlwlsqivyghpshguee.supabase.co/rest/v1/Users?select=%2A&email=eq.ahmadmoazam6%40gmail.com "HTTP/2 200 OK"
2025-03-19 22:10:24,580 [INFO] HTTP Request: GET https://ljrlwlsqivyghpshguee.supabase.co/rest/v1/Users?select=%2A&email=eq.ahmadmoazam6%40gmail.com "HTTP/2 200 OK"
2025-03-19 22:10:24,818 [INFO] HTTP Request: POST https://ljrlwlsqivyghpshguee.supabase.co/rest/v1/Users "HTTP/2 401 Unauthorized"
2025-03-19 22:10:24,819 [ERROR] Error creating user: {'code': '42501', 'details': None, 'hint': None, 'message': 'new row violates row-level security policy for table "Users"'}
2025-03-19 22:10:24,820 [ERROR] Signup error: 500: Failed to create user
2025-03-19 22:26:44,639 [INFO] HTTP Request: GET https://ljrlwlsqivyghpshguee.supabase.co/rest/v1/Users?select=%2A&email=eq.ahmadmoazam6%40gmail.com "HTTP/2 200 OK"
2025-03-19 22:26:44,871 [INFO] HTTP Request: GET https://ljrlwlsqivyghpshguee.supabase.co/rest/v1/Users?select=%2A&email=eq.ahmadmoazam6%40gmail.com "HTTP/2 200 OK"
2025-03-19 22:26:45,513 [INFO] HTTP Request: POST https://ljrlwlsqivyghpshguee.supabase.co/rest/v1/Users "HTTP/2 201 Created"
2025-03-19 23:07:15,467 [INFO] Using Supabase URL: https://ljrlwlsqivyghpshguee.supabase.co
2025-03-19 23:07:15,467 [INFO] API Key found (masked): eyJh********************************************************************************************************************************************************************************************************K5Tg
2025-03-19 23:07:15,468 [INFO] Supabase username and password found in environment variables
2025-03-19 23:07:15,890 [INFO] Supabase client initialized successfully
2025-03-19 23:07:16,356 [INFO] Successfully created Supabase client
2025-03-19 23:07:17,553 [INFO] HTTP Request: GET https://ljrlwlsqivyghpshguee.supabase.co/rest/v1/Users?select=count&limit=1 "HTTP/2 200 OK"
2025-03-19 23:07:17,555 [INFO] Successfully connected to Supabase
2025-03-19 23:07:17,556 [INFO] Successfully connected to Supabase at startup
2025-03-19 23:33:49,188 [INFO] Using Supabase URL: https://ljrlwlsqivyghpshguee.supabase.co
2025-03-19 23:33:49,188 [INFO] API Key found (masked): eyJh********************************************************************************************************************************************************************************************************K5Tg
2025-03-19 23:33:49,189 [INFO] Supabase username and password found in environment variables
2025-03-19 23:33:49,394 [INFO] Supabase client initialized successfully
2025-03-19 23:33:49,703 [INFO] Successfully created Supabase client
2025-03-19 23:33:50,880 [INFO] HTTP Request: GET https://ljrlwlsqivyghpshguee.supabase.co/rest/v1/Users?select=count&limit=1 "HTTP/2 200 OK"
2025-03-19 23:33:50,883 [INFO] Successfully connected to Supabase
2025-03-19 23:33:50,883 [INFO] Successfully connected to Supabase at startup
2025-03-19 23:42:13,347 [INFO] Using Supabase URL: https://ljrlwlsqivyghpshguee.supabase.co
2025-03-19 23:42:13,348 [INFO] API Key found (masked): eyJh********************************************************************************************************************************************************************************************************K5Tg
2025-03-19 23:42:13,348 [INFO] Supabase username and password found in environment variables
2025-03-19 23:42:13,553 [INFO] Supabase client initialized successfully
2025-03-19 23:42:13,861 [INFO] Successfully created Supabase client
2025-03-19 23:42:14,337 [INFO] HTTP Request: GET https://ljrlwlsqivyghpshguee.supabase.co/rest/v1/Users?select=count&limit=1 "HTTP/2 200 OK"
2025-03-19 23:42:14,340 [INFO] Successfully connected to Supabase
2025-03-19 23:42:14,340 [INFO] Successfully connected to Supabase at startup
2025-03-19 23:44:05,349 [INFO] Using Supabase URL: https://ljrlwlsqivyghpshguee.supabase.co
2025-03-19 23:44:05,349 [INFO] API Key found (masked): eyJh********************************************************************************************************************************************************************************************************K5Tg
2025-03-19 23:44:05,350 [INFO] Supabase username and password found in environment variables
2025-03-19 23:44:05,560 [INFO] Supabase client initialized successfully
2025-03-19 23:44:05,889 [INFO] Successfully created Supabase client
2025-03-19 23:44:07,045 [INFO] HTTP Request: GET https://ljrlwlsqivyghpshguee.supabase.co/rest/v1/Users?select=count&limit=1 "HTTP/2 200 OK"
2025-03-19 23:44:07,048 [INFO] Successfully connected to Supabase
2025-03-19 23:44:07,049 [INFO] Successfully connected to Supabase at startup
2025-03-19 23:44:17,011 [INFO] Using Supabase URL: https://ljrlwlsqivyghpshguee.supabase.co
2025-03-19 23:44:17,012 [INFO] API Key found (masked): eyJh********************************************************************************************************************************************************************************************************K5Tg
2025-03-19 23:44:17,012 [INFO] Supabase username and password found in environment variables
2025-03-19 23:44:17,215 [INFO] Supabase client initialized successfully
2025-03-19 23:44:17,523 [INFO] Successfully created Supabase client
2025-03-19 23:44:17,975 [INFO] HTTP Request: GET https://ljrlwlsqivyghpshguee.supabase.co/rest/v1/Users?select=count&limit=1 "HTTP/2 200 OK"
2025-03-19 23:44:17,978 [INFO] Successfully connected to Supabase
2025-03-19 23:44:17,978 [INFO] Successfully connected to Supabase at startup
2025-03-19 23:51:05,974 [INFO] Using Supabase URL: https://ljrlwlsqivyghpshguee.supabase.co
2025-03-19 23:51:05,975 [INFO] API Key found (masked): eyJh********************************************************************************************************************************************************************************************************K5Tg
2025-03-19 23:51:05,975 [INFO] Supabase username and password found in environment variables
2025-03-19 23:51:06,180 [INFO] Supabase client initialized successfully
2025-03-19 23:51:06,503 [INFO] Successfully created Supabase client
2025-03-19 23:51:06,989 [INFO] HTTP Request: GET https://ljrlwlsqivyghpshguee.supabase.co/rest/v1/Users?select=count&limit=1 "HTTP/2 200 OK"
2025-03-19 23:51:06,991 [INFO] Successfully connected to Supabase
2025-03-19 23:51:06,992 [INFO] Successfully connected to Supabase at startup
2025-03-20 05:10:51,964 [INFO] Using Supabase URL: https://ljrlwlsqivyghpshguee.supabase.co
2025-03-20 05:10:51,965 [INFO] API Key found (masked): eyJh********************************************************************************************************************************************************************************************************K5Tg
2025-03-20 05:10:51,965 [INFO] Supabase username and password found in environment variables
2025-03-20 05:10:52,568 [INFO] Supabase client initialized successfully
2025-03-20 05:10:53,962 [INFO] Successfully created Supabase client
2025-03-20 05:10:55,147 [INFO] HTTP Request: GET https://ljrlwlsqivyghpshguee.supabase.co/rest/v1/Users?select=count&limit=1 "HTTP/2 200 OK"
2025-03-20 05:10:55,150 [INFO] Successfully connected to Supabase
2025-03-20 05:10:55,150 [INFO] Successfully connected to Supabase at startup
2025-03-20 05:14:35,229 [INFO] Using Supabase URL: https://ljrlwlsqivyghpshguee.supabase.co
2025-03-20 05:14:35,230 [INFO] API Key found (masked): eyJh********************************************************************************************************************************************************************************************************K5Tg
2025-03-20 05:14:35,230 [INFO] Supabase username and password found in environment variables
2025-03-20 05:14:35,437 [INFO] Supabase client initialized successfully
2025-03-20 05:14:35,748 [INFO] Successfully created Supabase client
2025-03-20 05:14:36,911 [INFO] HTTP Request: GET https://ljrlwlsqivyghpshguee.supabase.co/rest/v1/Users?select=count&limit=1 "HTTP/2 200 OK"
2025-03-20 05:14:36,914 [INFO] Successfully connected to Supabase
2025-03-20 05:14:36,915 [INFO] Successfully connected to Supabase at startup
2025-03-20 05:22:14,910 [INFO] Using Supabase URL: https://ljrlwlsqivyghpshguee.supabase.co
2025-03-20 05:22:14,911 [INFO] API Key found (masked): eyJh********************************************************************************************************************************************************************************************************K5Tg
2025-03-20 05:22:14,911 [INFO] Supabase username and password found in environment variables
2025-03-20 05:22:15,113 [INFO] Supabase client initialized successfully
2025-03-20 05:22:15,431 [INFO] Successfully created Supabase client
2025-03-20 05:22:16,309 [INFO] HTTP Request: GET https://ljrlwlsqivyghpshguee.supabase.co/rest/v1/Users?select=count&limit=1 "HTTP/2 200 OK"
2025-03-20 05:22:16,312 [INFO] Successfully connected to Supabase
2025-03-20 05:22:16,312 [INFO] Successfully connected to Supabase at startup
2025-03-20 06:36:51,682 [INFO] Using Supabase URL: https://ljrlwlsqivyghpshguee.supabase.co
2025-03-20 06:36:51,683 [INFO] API Key found (masked): eyJh********************************************************************************************************************************************************************************************************K5Tg
2025-03-20 06:36:51,683 [INFO] Supabase username and password found in environment variables
2025-03-20 06:36:52,524 [INFO] Supabase client initialized successfully
2025-03-20 06:36:53,028 [INFO] Successfully created Supabase client
2025-03-20 06:36:54,181 [INFO] HTTP Request: GET https://ljrlwlsqivyghpshguee.supabase.co/rest/v1/Users?select=count&limit=1 "HTTP/2 200 OK"
2025-03-20 06:36:54,184 [INFO] Successfully connected to Supabase
2025-03-20 06:36:54,184 [INFO] Successfully connected to Supabase at startup
2025-03-20 06:40:41,069 [ERROR] No Supabase API key found
2025-03-20 06:40:41,090 [INFO] Supabase username and password found in environment variables
2025-03-20 06:40:41,090 [ERROR] Failed to initialize Supabase client: supabase_url is required
2025-03-20 06:40:41,091 [WARNING] Using mock Supabase client - database operations will not work
2025-03-20 06:40:41,227 [ERROR] Missing Supabase URL or key
2025-03-20 06:40:41,228 [WARNING] Could not authenticate with Supabase at startup
2025-03-20 07:30:27,741 [INFO] Scrape request received: Query='wow', Num URLs=5
2025-03-20 07:30:27,742 [ERROR] Scraping failed: collect_and_scrape() got an unexpected keyword argument 'input_language'
2025-03-20 08:33:18,757 [ERROR] No Supabase API key found
2025-03-20 08:33:18,758 [INFO] Supabase username and password found in environment variables
2025-03-20 08:33:18,758 [ERROR] Failed to initialize Supabase client: supabase_url is required
2025-03-20 08:33:18,759 [WARNING] Using mock Supabase client - database operations will not work
2025-03-20 08:33:19,848 [ERROR] Missing Supabase URL or key
2025-03-20 08:33:19,849 [WARNING] Could not authenticate with Supabase at startup
2025-03-20 08:33:38,272 [ERROR] No Supabase API key found
2025-03-20 08:33:38,273 [INFO] Supabase username and password found in environment variables
2025-03-20 08:33:38,274 [ERROR] Failed to initialize Supabase client: supabase_url is required
2025-03-20 08:33:38,274 [WARNING] Using mock Supabase client - database operations will not work
2025-03-20 08:33:38,416 [ERROR] Missing Supabase URL or key
2025-03-20 08:33:38,417 [WARNING] Could not authenticate with Supabase at startup
2025-03-20 08:35:15,826 [ERROR] No Supabase API key found
2025-03-20 08:35:15,827 [INFO] Supabase username and password found in environment variables
2025-03-20 08:35:15,827 [ERROR] Failed to initialize Supabase client: supabase_url is required
2025-03-20 08:35:15,828 [WARNING] Using mock Supabase client - database operations will not work
2025-03-20 08:35:15,970 [ERROR] Missing Supabase URL or key
2025-03-20 08:35:15,971 [WARNING] Could not authenticate with Supabase at startup
2025-03-20 08:35:48,511 [ERROR] No Supabase API key found
2025-03-20 08:35:48,512 [INFO] Supabase username and password found in environment variables
2025-03-20 08:35:48,512 [ERROR] Failed to initialize Supabase client: supabase_url is required
2025-03-20 08:35:48,512 [WARNING] Using mock Supabase client - database operations will not work
2025-03-20 08:35:48,633 [ERROR] Missing Supabase URL or key
2025-03-20 08:35:48,634 [WARNING] Could not authenticate with Supabase at startup
2025-03-20 08:36:50,838 [ERROR] No Supabase API key found
2025-03-20 08:36:50,843 [INFO] Supabase username and password found in environment variables
2025-03-20 08:36:50,859 [ERROR] Failed to initialize Supabase client: supabase_url is required
2025-03-20 08:36:50,860 [WARNING] Using mock Supabase client - database operations will not work
2025-03-20 08:36:50,992 [ERROR] Missing Supabase URL or key
2025-03-20 08:36:50,992 [WARNING] Could not authenticate with Supabase at startup
2025-03-20 08:37:00,562 [ERROR] No Supabase API key found
2025-03-20 08:37:00,562 [INFO] Supabase username and password found in environment variables
2025-03-20 08:37:00,563 [ERROR] Failed to initialize Supabase client: supabase_url is required
2025-03-20 08:37:00,572 [WARNING] Using mock Supabase client - database operations will not work
2025-03-20 08:37:00,753 [ERROR] Missing Supabase URL or key
2025-03-20 08:37:00,773 [WARNING] Could not authenticate with Supabase at startup
2025-03-20 08:37:46,545 [ERROR] No Supabase API key found
2025-03-20 08:37:46,553 [INFO] Supabase username and password found in environment variables
2025-03-20 08:37:46,553 [ERROR] Failed to initialize Supabase client: supabase_url is required
2025-03-20 08:37:46,561 [WARNING] Using mock Supabase client - database operations will not work
2025-03-20 08:37:46,684 [ERROR] Missing Supabase URL or key
2025-03-20 08:37:46,684 [WARNING] Could not authenticate with Supabase at startup
2025-03-20 08:37:57,842 [ERROR] No Supabase API key found
2025-03-20 08:37:57,843 [INFO] Supabase username and password found in environment variables
2025-03-20 08:37:57,843 [ERROR] Failed to initialize Supabase client: supabase_url is required
2025-03-20 08:37:57,844 [WARNING] Using mock Supabase client - database operations will not work
2025-03-20 08:37:57,970 [ERROR] Missing Supabase URL or key
2025-03-20 08:37:57,971 [WARNING] Could not authenticate with Supabase at startup
2025-03-20 08:41:58,645 [ERROR] No Supabase API key found
2025-03-20 08:41:58,646 [INFO] Supabase username and password found in environment variables
2025-03-20 08:41:58,666 [ERROR] Failed to initialize Supabase client: supabase_url is required
2025-03-20 08:41:58,667 [WARNING] Using mock Supabase client - database operations will not work
2025-03-20 08:41:58,792 [ERROR] Missing Supabase URL or key
2025-03-20 08:41:58,793 [WARNING] Could not authenticate with Supabase at startup
2025-03-20 08:44:33,352 [ERROR] No Supabase API key found
2025-03-20 08:44:33,353 [INFO] Supabase username and password found in environment variables
2025-03-20 08:44:33,354 [ERROR] Failed to initialize Supabase client: supabase_url is required
2025-03-20 08:44:33,354 [WARNING] Using mock Supabase client - database operations will not work
2025-03-20 08:44:33,480 [ERROR] Missing Supabase URL or key
2025-03-20 08:44:33,480 [WARNING] Could not authenticate with Supabase at startup
2025-03-20 09:00:28,315 [INFO] Using Supabase URL: https://ljrlwlsqivyghpshguee.supabase.co
2025-03-20 09:00:28,315 [INFO] API Key found (masked): eyJh********************************************************************************************************************************************************************************************************K5Tg
2025-03-20 09:00:28,316 [INFO] Supabase username and password found in environment variables
2025-03-20 09:00:28,942 [INFO] Supabase client initialized successfully
2025-03-20 09:00:29,073 [ERROR] Missing Supabase URL or key
2025-03-20 09:00:29,073 [WARNING] Could not authenticate with Supabase at startup
2025-03-20 09:02:09,055 [WARNING] Python-dotenv could not parse statement starting at line 1
2025-03-20 09:02:09,056 [WARNING] Python-dotenv could not parse statement starting at line 2
2025-03-20 09:02:09,057 [INFO] Using Supabase URL: https://ljrlwlsqivyghpshguee.supabase.co
2025-03-20 09:02:09,057 [INFO] API Key found (masked): eyJh********************************************************************************************************************************************************************************************************K5Tg
2025-03-20 09:02:09,057 [INFO] Supabase username and password found in environment variables
2025-03-20 09:02:09,262 [INFO] Supabase client initialized successfully
2025-03-20 09:02:09,389 [WARNING] Python-dotenv could not parse statement starting at line 1
2025-03-20 09:02:09,389 [WARNING] Python-dotenv could not parse statement starting at line 2
2025-03-20 09:02:09,393 [ERROR] Missing Supabase URL or key
2025-03-20 09:02:09,393 [WARNING] Could not authenticate with Supabase at startup
2025-03-20 09:03:38,943 [INFO] Using Supabase URL: https://ljrlwlsqivyghpshguee.supabase.co
2025-03-20 09:03:38,943 [INFO] API Key found (masked): eyJh********************************************************************************************************************************************************************************************************K5Tg
2025-03-20 09:03:38,944 [INFO] Supabase username and password found in environment variables
2025-03-20 09:03:39,161 [INFO] Supabase client initialized successfully
2025-03-20 09:03:39,290 [ERROR] Missing Supabase URL or key
2025-03-20 09:03:39,290 [WARNING] Could not authenticate with Supabase at startup
2025-03-20 09:03:49,844 [INFO] Using Supabase URL: https://ljrlwlsqivyghpshguee.supabase.co
2025-03-20 09:03:49,845 [INFO] API Key found (masked): eyJh********************************************************************************************************************************************************************************************************K5Tg
2025-03-20 09:03:49,845 [INFO] Supabase username and password found in environment variables
2025-03-20 09:03:50,051 [INFO] Supabase client initialized successfully
2025-03-20 09:03:50,179 [ERROR] Missing Supabase URL or key
2025-03-20 09:03:50,180 [WARNING] Could not authenticate with Supabase at startup
2025-03-20 09:04:01,193 [INFO] Using Supabase URL: https://ljrlwlsqivyghpshguee.supabase.co
2025-03-20 09:04:01,193 [INFO] API Key found (masked): eyJh********************************************************************************************************************************************************************************************************K5Tg
2025-03-20 09:04:01,194 [INFO] Supabase username and password found in environment variables
2025-03-20 09:04:01,396 [INFO] Supabase client initialized successfully
2025-03-20 09:04:01,519 [ERROR] Missing Supabase URL or key
2025-03-20 09:04:01,520 [WARNING] Could not authenticate with Supabase at startup
2025-03-20 09:04:11,771 [INFO] Using Supabase URL: https://ljrlwlsqivyghpshguee.supabase.co
2025-03-20 09:04:11,771 [INFO] API Key found (masked): eyJh********************************************************************************************************************************************************************************************************K5Tg
2025-03-20 09:04:11,771 [INFO] Supabase username and password found in environment variables
2025-03-20 09:04:11,972 [INFO] Supabase client initialized successfully
2025-03-20 09:04:12,099 [ERROR] Missing Supabase URL or key
2025-03-20 09:04:12,099 [WARNING] Could not authenticate with Supabase at startup
2025-03-20 10:58:41,488 [INFO] Scrape request received: Query='valorant', Num URLs=5
2025-03-20 10:58:41,489 [ERROR] Scraping failed: collect_and_scrape() got an unexpected keyword argument 'input_language'
2025-03-21 08:10:58,954 [INFO] Using Supabase URL: https://ljrlwlsqivyghpshguee.supabase.co
2025-03-21 08:10:58,955 [INFO] API Key found (masked): eyJh********************************************************************************************************************************************************************************************************K5Tg
2025-03-21 08:10:58,956 [INFO] Supabase username and password found in environment variables
2025-03-21 08:10:59,429 [INFO] Supabase client initialized successfully
2025-03-21 08:10:59,710 [ERROR] Missing Supabase URL or key
2025-03-21 08:10:59,712 [WARNING] Could not authenticate with Supabase at startup
2025-03-21 08:12:46,227 [INFO] Configuration loaded successfully
2025-03-21 08:12:46,861 [INFO] Gemini model initialized successfully
2025-03-21 08:12:47,248 [INFO] Using Supabase URL: https://ljrlwlsqivyghpshguee.supabase.co
2025-03-21 08:12:47,248 [INFO] API Key found (masked): eyJh********************************************************************************************************************************************************************************************************K5Tg
2025-03-21 08:12:47,249 [INFO] Supabase username and password found in environment variables
2025-03-21 08:12:47,723 [INFO] Supabase client initialized successfully
2025-03-21 08:12:47,770 [ERROR] Missing Supabase URL or key
2025-03-21 08:12:47,771 [WARNING] Could not authenticate with Supabase at startup
2025-03-21 10:30:48,995 [INFO] Configuration loaded successfully
2025-03-21 10:30:49,933 [INFO] Gemini model initialized successfully
2025-03-21 10:30:51,167 [INFO] Using Supabase URL: https://ljrlwlsqivyghpshguee.supabase.co
2025-03-21 10:30:51,168 [INFO] API Key found (masked): eyJh********************************************************************************************************************************************************************************************************K5Tg
2025-03-21 10:30:51,169 [INFO] Supabase username and password found in environment variables
2025-03-21 10:30:51,689 [INFO] Supabase client initialized successfully
2025-03-21 10:30:52,011 [INFO] Successfully created Supabase client
2025-03-21 10:30:52,569 [INFO] HTTP Request: GET https://ljrlwlsqivyghpshguee.supabase.co/rest/v1/Users?select=count&limit=1 "HTTP/2 200 OK"
2025-03-21 10:30:52,575 [INFO] Successfully connected to Supabase
2025-03-21 10:30:52,576 [INFO] Successfully connected to Supabase at startup
2025-03-21 10:30:58,505 [INFO] Scrape request received: Query='bitcoin', Num URLs=10
2025-03-21 10:30:58,506 [INFO] Starting collection process for query: 'bitcoin'
2025-03-21 10:30:58,506 [INFO] Desired article count: 10
2025-03-21 10:31:00,092 [INFO] Google Search API returned 10 URLs
2025-03-21 10:31:00,093 [INFO] Blocked domain detected: www.reddit.com
2025-03-21 10:31:00,094 [INFO] Blocked domain detected: en.wikipedia.org
2025-03-21 10:31:00,095 [INFO] Filtered 2 blocked domains
2025-03-21 10:31:00,095 [INFO] Fetching robots.txt from https://bitcoin.org/robots.txt
2025-03-21 10:31:00,669 [INFO] Fetching robots.txt from https://www.bitcoin.com/robots.txt
2025-03-21 10:31:01,604 [INFO] Fetching robots.txt from https://coinmarketcap.com/robots.txt
2025-03-21 10:31:01,826 [INFO] Fetching robots.txt from https://www.ussc.gov/robots.txt
2025-03-21 10:31:03,307 [INFO] Fetching robots.txt from https://finance.yahoo.com/robots.txt
2025-03-21 10:31:04,215 [INFO] Fetching robots.txt from https://www.whitehouse.gov/robots.txt
2025-03-21 10:31:04,757 [INFO] Fetching robots.txt from https://ccaf.io/robots.txt
2025-03-21 10:31:05,353 [INFO] Non-200 response from https://ccaf.io/robots.txt: 404
2025-03-21 10:31:05,355 [INFO] Skipping https://ccaf.io/cbnsi/cbeci as robots.txt could not be fetched.
2025-03-21 10:31:05,356 [INFO] Fetching robots.txt from https://www.whitehouse.gov/robots.txt
2025-03-21 10:31:05,803 [INFO] Collected 8 unique URLs so far
2025-03-21 10:31:08,320 [INFO] Google Search API returned 10 URLs
2025-03-21 10:31:08,322 [INFO] Filtered 0 blocked domains
2025-03-21 10:31:08,322 [INFO] Fetching robots.txt from https://www.whitehouse.gov/robots.txt
2025-03-21 10:31:08,789 [INFO] Fetching robots.txt from https://www.cmegroup.com/robots.txt
2025-03-21 10:31:14,256 [INFO] Timeout occurred while fetching https://www.cmegroup.com/robots.txt
2025-03-21 10:31:14,258 [INFO] Skipping https://www.cmegroup.com/markets/cryptocurrencies/bitcoin/bitcoin.html as robots.txt could not be fetched.
2025-03-21 10:31:14,258 [INFO] Fetching robots.txt from https://bitcoincore.org/robots.txt
2025-03-21 10:31:15,215 [INFO] Fetching robots.txt from https://en.bitcoin.it/robots.txt
2025-03-21 10:31:15,579 [INFO] Fetching robots.txt from https://digiconomist.net/robots.txt
2025-03-21 10:31:17,098 [INFO] Fetching robots.txt from https://play.google.com/robots.txt
2025-03-21 10:31:17,462 [INFO] Fetching robots.txt from https://www.investopedia.com/robots.txt
2025-03-21 10:31:17,913 [INFO] Fetching robots.txt from https://www.cftc.gov/robots.txt
2025-03-21 10:31:18,934 [INFO] Fetching robots.txt from https://www.coinbase.com/robots.txt
2025-03-21 10:31:19,318 [INFO] Fetching robots.txt from https://www.congress.gov/robots.txt
2025-03-21 10:31:19,389 [INFO] Non-200 response from https://www.congress.gov/robots.txt: 403
2025-03-21 10:31:19,389 [INFO] Skipping https://www.congress.gov/bill/118th-congress/senate-bill/4912/text as robots.txt could not be fetched.
2025-03-21 10:31:19,391 [INFO] Collected 17 unique URLs so far
2025-03-21 10:31:21,991 [INFO] Google Search API returned 10 URLs
2025-03-21 10:31:21,993 [INFO] Blocked domain detected: x.com
2025-03-21 10:31:21,994 [INFO] Filtered 1 blocked domains
2025-03-21 10:31:21,994 [INFO] Fetching robots.txt from https://www.usenix.org/robots.txt
2025-03-21 10:31:23,272 [INFO] Fetching robots.txt from https://le.utah.gov/robots.txt
2025-03-21 10:31:29,263 [INFO] Timeout occurred while fetching https://le.utah.gov/robots.txt
2025-03-21 10:31:29,264 [INFO] Skipping https://le.utah.gov/~2025/bills/static/HB0230.html as robots.txt could not be fetched.
2025-03-21 10:31:29,265 [INFO] Fetching robots.txt from https://oksenate.gov/robots.txt
2025-03-21 10:31:30,160 [INFO] Fetching robots.txt from https://www.fidelitycharitable.org/robots.txt
2025-03-21 10:31:33,578 [INFO] Fetching robots.txt from https://www.santamonica.gov/robots.txt
2025-03-21 10:31:34,399 [INFO] Non-200 response from https://www.santamonica.gov/robots.txt: 404
2025-03-21 10:31:34,400 [INFO] Skipping https://www.santamonica.gov/programs/bitcoin-office as robots.txt could not be fetched.
2025-03-21 10:31:34,401 [INFO] Fetching robots.txt from https://www.blockchain.com/robots.txt
2025-03-21 10:31:35,292 [INFO] Fetching robots.txt from https://www.coindesk.com/robots.txt
2025-03-21 10:31:35,633 [INFO] Fetching robots.txt from https://www.binance.com/robots.txt
2025-03-21 10:31:35,984 [INFO] Fetching robots.txt from https://b.tc/robots.txt
2025-03-21 10:31:37,164 [INFO] Non-200 response from https://b.tc/robots.txt: 404
2025-03-21 10:31:37,167 [INFO] Skipping https://b.tc/conference/ as robots.txt could not be fetched.
2025-03-21 10:31:37,168 [INFO] Collected 26 unique URLs so far
2025-03-21 10:31:37,168 [INFO] Limited URL collection to 20
2025-03-21 10:31:37,169 [INFO] Scraping content from 20 collected URLs...
2025-03-21 10:31:37,176 [ERROR] Error processing task: name 'clean_url' is not defined
2025-03-21 10:31:37,177 [ERROR] Error processing task: name 'clean_url' is not defined
2025-03-21 10:31:37,178 [ERROR] Error processing task: name 'clean_url' is not defined
2025-03-21 10:31:37,179 [ERROR] Error processing task: name 'clean_url' is not defined
2025-03-21 10:31:37,179 [ERROR] Error processing task: name 'clean_url' is not defined
2025-03-21 10:31:37,180 [ERROR] Error processing task: name 'clean_url' is not defined
2025-03-21 10:31:37,181 [ERROR] Error processing task: name 'clean_url' is not defined
2025-03-21 10:31:37,181 [ERROR] Error processing task: name 'clean_url' is not defined
2025-03-21 10:31:37,182 [ERROR] Error processing task: name 'clean_url' is not defined
2025-03-21 10:31:37,182 [ERROR] Error processing task: name 'clean_url' is not defined
2025-03-21 10:31:37,182 [ERROR] Error processing task: name 'clean_url' is not defined
2025-03-21 10:31:37,183 [ERROR] Error processing task: name 'clean_url' is not defined
2025-03-21 10:31:37,183 [ERROR] Error processing task: name 'clean_url' is not defined
2025-03-21 10:31:37,184 [ERROR] Error processing task: name 'clean_url' is not defined
2025-03-21 10:31:37,185 [ERROR] Error processing task: name 'clean_url' is not defined
2025-03-21 10:31:37,185 [ERROR] Error processing task: name 'clean_url' is not defined
2025-03-21 10:31:37,186 [ERROR] Error processing task: name 'clean_url' is not defined
2025-03-21 10:31:37,186 [ERROR] Error processing task: name 'clean_url' is not defined
2025-03-21 10:31:37,186 [ERROR] Error processing task: name 'clean_url' is not defined
2025-03-21 10:31:37,187 [ERROR] Error processing task: name 'clean_url' is not defined
2025-03-21 10:31:37,188 [ERROR] No valid articles were collected.
2025-03-21 10:31:37,188 [ERROR] Scraping failed: No valid articles found after scraping.
2025-03-21 10:35:39,042 [INFO] Configuration loaded successfully
2025-03-21 10:35:39,965 [INFO] Gemini model initialized successfully
2025-03-21 10:35:41,280 [INFO] Using Supabase URL: https://ljrlwlsqivyghpshguee.supabase.co
2025-03-21 10:35:41,282 [INFO] API Key found (masked): eyJh********************************************************************************************************************************************************************************************************K5Tg
2025-03-21 10:35:41,283 [INFO] Supabase username and password found in environment variables
2025-03-21 10:35:41,664 [INFO] Supabase client initialized successfully
2025-03-21 10:35:42,043 [INFO] Successfully created Supabase client
2025-03-21 10:35:43,201 [INFO] HTTP Request: GET https://ljrlwlsqivyghpshguee.supabase.co/rest/v1/Users?select=count&limit=1 "HTTP/2 200 OK"
2025-03-21 10:35:43,206 [INFO] Successfully connected to Supabase
2025-03-21 10:35:43,207 [INFO] Successfully connected to Supabase at startup
2025-03-21 10:36:06,371 [INFO] Scrape request received: Query='Computer Science', Num URLs=10
2025-03-21 10:36:06,372 [INFO] Starting collection process for query: 'Computer Science'
2025-03-21 10:36:06,373 [INFO] Desired article count: 10
2025-03-21 10:36:07,944 [INFO] Google Search API returned 10 URLs
2025-03-21 10:36:07,944 [INFO] Blocked domain detected: en.wikipedia.org
2025-03-21 10:36:07,945 [INFO] Blocked domain detected: www.reddit.com
2025-03-21 10:36:07,946 [INFO] Filtered 2 blocked domains
2025-03-21 10:36:07,946 [INFO] Fetching robots.txt from https://undergrad.cs.umd.edu/robots.txt
2025-03-21 10:36:08,969 [INFO] Fetching robots.txt from https://www.mtu.edu/robots.txt
2025-03-21 10:36:10,951 [INFO] Fetching robots.txt from https://cs.utdallas.edu/robots.txt
2025-03-21 10:36:12,481 [INFO] Non-200 response from https://cs.utdallas.edu/robots.txt: 404
2025-03-21 10:36:12,483 [INFO] Skipping https://cs.utdallas.edu/ as robots.txt could not be fetched.
2025-03-21 10:36:12,484 [INFO] Fetching robots.txt from https://www.khanacademy.org/robots.txt
2025-03-21 10:36:12,981 [INFO] Fetching robots.txt from https://cs.brown.edu/robots.txt
2025-03-21 10:36:13,707 [ERROR] Error fetching robots.txt from https://cs.brown.edu/robots.txt: Cannot connect to host cs.brown.edu:443 ssl:True [SSLCertVerificationError: (1, '[SSL: CERTIFICATE_VERIFY_FAILED] certificate verify failed: unable to get local issuer certificate (_ssl.c:1000)')]
2025-03-21 10:36:13,710 [INFO] Skipping https://cs.brown.edu/ as robots.txt could not be fetched.
2025-03-21 10:36:13,711 [INFO] Fetching robots.txt from https://www.hmc.edu/robots.txt
2025-03-21 10:36:15,038 [INFO] Fetching robots.txt from https://compsci.rpi.edu/robots.txt
2025-03-21 10:36:15,364 [INFO] Fetching robots.txt from https://pll.harvard.edu/robots.txt
2025-03-21 10:36:15,838 [INFO] Collected 8 unique URLs so far
2025-03-21 10:36:18,438 [INFO] Google Search API returned 10 URLs
2025-03-21 10:36:18,448 [INFO] Filtered 0 blocked domains
2025-03-21 10:36:18,449 [INFO] Fetching robots.txt from https://www.albany.edu/robots.txt
2025-03-21 10:36:19,532 [INFO] Fetching robots.txt from https://compsci.colostate.edu/robots.txt
2025-03-21 10:36:20,697 [INFO] Fetching robots.txt from https://computerscience.uchicago.edu/robots.txt
2025-03-21 10:36:21,980 [INFO] Fetching robots.txt from https://www.doe.virginia.gov/robots.txt
2025-03-21 10:36:22,734 [INFO] Non-200 response from https://www.doe.virginia.gov/robots.txt: 403
2025-03-21 10:36:22,736 [INFO] Skipping https://www.doe.virginia.gov/teaching-learning-assessment/instruction/computer-science as robots.txt could not be fetched.
2025-03-21 10:36:22,737 [INFO] Fetching robots.txt from https://csteachers.org/robots.txt
2025-03-21 10:36:23,726 [INFO] Non-200 response from https://csteachers.org/robots.txt: 403
2025-03-21 10:36:23,727 [INFO] Skipping https://csteachers.org/ as robots.txt could not be fetched.
2025-03-21 10:36:23,728 [INFO] Fetching robots.txt from https://www.wpi.edu/robots.txt
2025-03-21 10:36:27,604 [INFO] Fetching robots.txt from https://cs.indiana.edu/robots.txt
2025-03-21 10:36:28,883 [INFO] Fetching robots.txt from https://cse.ucsd.edu/robots.txt
2025-03-21 10:36:30,424 [INFO] Fetching robots.txt from https://www.smith.edu/robots.txt
2025-03-21 10:36:31,636 [INFO] Fetching robots.txt from https://education.mn.gov/robots.txt
2025-03-21 10:36:32,932 [INFO] Scraping not allowed for https://education.mn.gov/MDE/dse/stds/ComputerScience/ as per robots.txt.
2025-03-21 10:36:32,933 [INFO] Collected 17 unique URLs so far
2025-03-21 10:36:35,463 [INFO] Google Search API returned 10 URLs
2025-03-21 10:36:35,466 [INFO] Filtered 0 blocked domains
2025-03-21 10:36:35,467 [INFO] Fetching robots.txt from https://www.cs.stanford.edu/robots.txt
2025-03-21 10:36:36,109 [INFO] Fetching robots.txt from https://www.cs.ucsb.edu/robots.txt
2025-03-21 10:36:37,043 [INFO] Fetching robots.txt from https://siebelschool.illinois.edu/robots.txt
2025-03-21 10:36:38,606 [INFO] Fetching robots.txt from https://www.cs.cornell.edu/robots.txt
2025-03-21 10:36:40,289 [INFO] Fetching robots.txt from https://www.cs.jhu.edu/robots.txt
2025-03-21 10:36:42,253 [INFO] Fetching robots.txt from https://cs.mst.edu/robots.txt
2025-03-21 10:36:44,276 [INFO] Non-200 response from https://cs.mst.edu/robots.txt: 404
2025-03-21 10:36:44,279 [INFO] Skipping https://cs.mst.edu/ as robots.txt could not be fetched.
2025-03-21 10:36:44,280 [INFO] Fetching robots.txt from https://www.msoe.edu/robots.txt
2025-03-21 10:36:45,247 [INFO] Fetching robots.txt from https://www.wellesley.edu/robots.txt
2025-03-21 10:36:45,797 [INFO] Fetching robots.txt from https://cse.umn.edu/robots.txt
2025-03-21 10:36:48,304 [INFO] Fetching robots.txt from http://www.ou.edu/robots.txt
2025-03-21 10:36:50,481 [INFO] Collected 27 unique URLs so far
2025-03-21 10:36:50,483 [INFO] Limited URL collection to 20
2025-03-21 10:36:50,483 [INFO] Scraping content from 20 collected URLs...
2025-03-21 10:37:17,483 [INFO] newspaper3k extracted low-quality content from https://cs.utdallas.edu/, trying BeautifulSoup
2025-03-21 10:37:17,530 [INFO] Failed to extract meaningful content from https://cs.utdallas.edu/
2025-03-21 10:37:17,602 [INFO] newspaper3k extracted low-quality content from https://www.hmc.edu/cs/, trying BeautifulSoup
2025-03-21 10:37:17,636 [INFO] Failed to extract meaningful content from https://www.hmc.edu/cs/
2025-03-21 10:37:17,956 [INFO] newspaper3k extracted low-quality content from https://compsci.colostate.edu/, trying BeautifulSoup
2025-03-21 10:37:19,304 [INFO] newspaper3k extracted low-quality content from https://www.cs.ucsb.edu/, trying BeautifulSoup
2025-03-21 10:37:19,614 [INFO] newspaper3k extracted low-quality content from https://cs.indiana.edu/index.html, trying BeautifulSoup
2025-03-21 10:37:19,673 [INFO] Failed to extract meaningful content from https://cs.indiana.edu/index.html
2025-03-21 10:37:20,170 [INFO] newspaper3k extracted low-quality content from https://compsci.rpi.edu/, trying BeautifulSoup
2025-03-21 10:37:20,188 [INFO] Failed to extract meaningful content from https://compsci.rpi.edu/
2025-03-21 10:37:20,226 [INFO] newspaper3k extracted low-quality content from https://www.khanacademy.org/computing/computer-science, trying BeautifulSoup
2025-03-21 10:37:20,232 [INFO] Failed to extract meaningful content from https://www.khanacademy.org/computing/computer-science
2025-03-21 10:37:21,045 [INFO] newspaper3k extracted low-quality content from https://computerscience.uchicago.edu/, trying BeautifulSoup
2025-03-21 10:37:21,190 [INFO] Failed to extract meaningful content from https://computerscience.uchicago.edu/
2025-03-21 10:37:21,459 [INFO] newspaper3k extracted low-quality content from https://undergrad.cs.umd.edu/what-computer-science, trying BeautifulSoup
2025-03-21 10:37:21,479 [INFO] Failed to extract meaningful content from https://undergrad.cs.umd.edu/what-computer-science
2025-03-21 10:37:21,798 [ERROR] Access denied to https://www.doe.virginia.gov/teaching-learning-assessment/instruction/computer-science: HTTP 403 Forbidden.
2025-03-21 10:37:22,295 [INFO] newspaper3k extracted low-quality content from https://pll.harvard.edu/course/cs50-introduction-computer-science, trying BeautifulSoup
2025-03-21 10:37:22,359 [INFO] Article at https://pll.harvard.edu/course/cs50-introduction-computer-science has insufficient content after processing.
2025-03-21 10:37:22,548 [INFO] newspaper3k extracted low-quality content from https://cse.ucsd.edu/, trying BeautifulSoup
2025-03-21 10:37:22,624 [INFO] Failed to extract meaningful content from https://cse.ucsd.edu/
2025-03-21 10:37:23,028 [INFO] newspaper3k extracted low-quality content from https://siebelschool.illinois.edu/, trying BeautifulSoup
2025-03-21 10:37:24,101 [INFO] newspaper3k extracted low-quality content from https://cs.brown.edu/, trying BeautifulSoup
2025-03-21 10:37:24,138 [INFO] Failed to extract meaningful content from https://cs.brown.edu/
2025-03-21 10:37:25,406 [INFO] newspaper3k extracted low-quality content from https://csteachers.org/, trying BeautifulSoup
2025-03-21 10:37:26,670 [INFO] newspaper3k extracted low-quality content from https://www.albany.edu/computer-science, trying BeautifulSoup
2025-03-21 10:37:26,737 [INFO] Failed to extract meaningful content from https://www.albany.edu/computer-science
2025-03-21 10:37:27,233 [INFO] newspaper3k extracted low-quality content from https://www.cs.stanford.edu/, trying BeautifulSoup
2025-03-21 10:37:29,490 [INFO] newspaper3k extracted low-quality content from https://www.wpi.edu/academics/departments/computer-science, trying BeautifulSoup
2025-03-21 10:37:29,899 [INFO] Article 'CSU – Department of Computer Science at Colorado State University' added to valid articles.
2025-03-21 10:37:29,900 [INFO] Article 'UCSB Computer Science' added to valid articles.
2025-03-21 10:37:29,900 [INFO] Article 'Home' added to valid articles.
2025-03-21 10:37:29,900 [INFO] Article 'Computer Science' added to valid articles.
2025-03-21 10:37:29,901 [INFO] Article 'Computer Science Teachers Association Connect, Grow, & Share With CS Teachers-' added to valid articles.
2025-03-21 10:37:29,901 [INFO] Article skipped due to missing content or duplicate title.
2025-03-21 10:37:29,901 [INFO] Article 'What is Computer Science?' added to valid articles.
2025-03-21 10:37:29,902 [INFO] Article 'Worcester Polytechnic Institute' added to valid articles.
2025-03-21 10:37:29,956 [INFO] Formatted content for summarization with 7688 words
2025-03-21 10:37:29,973 [INFO] Summarizing chunk 1/15
2025-03-21 10:37:31,907 [INFO] Summarizing chunk 2/15
2025-03-21 10:37:32,964 [INFO] Summarizing chunk 3/15
2025-03-21 10:37:33,844 [INFO] Summarizing chunk 4/15
2025-03-21 10:37:35,076 [INFO] Summarizing chunk 5/15
2025-03-21 10:37:36,307 [INFO] Summarizing chunk 6/15
2025-03-21 10:37:37,388 [INFO] Summarizing chunk 7/15
2025-03-21 10:37:38,606 [INFO] Summarizing chunk 8/15
2025-03-21 10:37:39,514 [WARNING] Gemini generated a short summary (9 words), using fallback
2025-03-21 10:37:39,514 [INFO] Using extractive summarization fallback
2025-03-21 10:37:39,515 [INFO] Summarizing chunk 9/15
2025-03-21 10:37:40,652 [INFO] Summarizing chunk 10/15
2025-03-21 10:37:41,706 [INFO] Summarizing chunk 11/15
2025-03-21 10:37:42,581 [INFO] Summarizing chunk 12/15
2025-03-21 10:37:43,718 [INFO] Summarizing chunk 13/15
2025-03-21 10:37:44,845 [INFO] Summarizing chunk 14/15
2025-03-21 10:37:45,920 [INFO] Summarizing chunk 15/15
2025-03-21 10:37:49,104 [WARNING] Gemini generated a short summary (215 words), using fallback
2025-03-21 10:37:49,105 [INFO] Using extractive summarization fallback
2025-03-21 10:37:49,108 [INFO] Summarization completed in 19.14 seconds
2025-03-21 10:37:49,109 [INFO] Generated summary with 355 words.
2025-03-21 10:37:49,796 [INFO] HTTP Request: POST https://api.elevenlabs.io/v1/text-to-speech/JBFqnCBsd6RMkjVDRZzb/stream "HTTP/1.1 401 Unauthorized"
2025-03-21 10:37:49,800 [ERROR] Text-to-speech conversion failed: status_code: 401, body: {'detail': {'status': 'quota_exceeded', 'message': 'This request exceeds your quota of 10000. You have 31 credits remaining, while 2709 credits are required for this request.'}}
2025-03-21 10:37:49,802 [INFO] Data written to output.json.
2025-03-21 10:37:50,674 [INFO] HTTP Request: POST https://ljrlwlsqivyghpshguee.supabase.co/rest/v1/Queries "HTTP/2 201 Created"
2025-03-21 10:38:58,837 [INFO] Configuration loaded successfully
2025-03-21 10:38:59,700 [INFO] Gemini model initialized successfully
2025-03-21 10:39:00,804 [INFO] Using Supabase URL: https://ljrlwlsqivyghpshguee.supabase.co
2025-03-21 10:39:00,806 [INFO] API Key found (masked): eyJh********************************************************************************************************************************************************************************************************K5Tg
2025-03-21 10:39:00,807 [INFO] Supabase username and password found in environment variables
2025-03-21 10:39:01,219 [INFO] Supabase client initialized successfully
2025-03-21 10:39:01,526 [INFO] Successfully created Supabase client
2025-03-21 10:39:02,162 [INFO] HTTP Request: GET https://ljrlwlsqivyghpshguee.supabase.co/rest/v1/Users?select=count&limit=1 "HTTP/2 200 OK"
2025-03-21 10:39:02,171 [INFO] Successfully connected to Supabase
2025-03-21 10:39:02,173 [INFO] Successfully connected to Supabase at startup
2025-03-21 10:39:02,727 [INFO] Scrape request received: Query='bitcoin', Num URLs=10
2025-03-21 10:39:02,728 [INFO] Starting collection process for query: 'bitcoin'
2025-03-21 10:39:02,728 [INFO] Desired article count: 10
2025-03-21 10:39:04,256 [INFO] Google Search API returned 10 URLs
2025-03-21 10:39:04,257 [INFO] Blocked domain detected: www.reddit.com
2025-03-21 10:39:04,258 [INFO] Blocked domain detected: en.wikipedia.org
2025-03-21 10:39:04,259 [INFO] Filtered 2 blocked domains
2025-03-21 10:39:04,259 [INFO] Fetching robots.txt from https://bitcoin.org/robots.txt
2025-03-21 10:39:04,576 [INFO] Fetching robots.txt from https://www.bitcoin.com/robots.txt
2025-03-21 10:39:04,649 [INFO] Fetching robots.txt from https://coinmarketcap.com/robots.txt
2025-03-21 10:39:04,854 [INFO] Fetching robots.txt from https://www.ussc.gov/robots.txt
2025-03-21 10:39:06,377 [INFO] Fetching robots.txt from https://finance.yahoo.com/robots.txt
2025-03-21 10:39:07,284 [INFO] Fetching robots.txt from https://www.whitehouse.gov/robots.txt
2025-03-21 10:39:08,061 [INFO] Fetching robots.txt from https://ccaf.io/robots.txt
2025-03-21 10:39:08,353 [INFO] Non-200 response from https://ccaf.io/robots.txt: 404
2025-03-21 10:39:08,354 [INFO] Skipping https://ccaf.io/cbnsi/cbeci as robots.txt could not be fetched.
2025-03-21 10:39:08,354 [INFO] Fetching robots.txt from https://www.whitehouse.gov/robots.txt
2025-03-21 10:39:08,777 [INFO] Collected 8 unique URLs so far
2025-03-21 10:39:11,316 [INFO] Google Search API returned 10 URLs
2025-03-21 10:39:11,317 [INFO] Filtered 0 blocked domains
2025-03-21 10:39:11,317 [INFO] Fetching robots.txt from https://github.com/robots.txt
2025-03-21 10:39:11,890 [INFO] Fetching robots.txt from https://www.cmegroup.com/robots.txt
2025-03-21 10:39:17,249 [INFO] Timeout occurred while fetching https://www.cmegroup.com/robots.txt
2025-03-21 10:39:17,250 [INFO] Skipping https://www.cmegroup.com/markets/cryptocurrencies/bitcoin/bitcoin.html as robots.txt could not be fetched.
2025-03-21 10:39:17,251 [INFO] Fetching robots.txt from https://bitcoincore.org/robots.txt
2025-03-21 10:39:17,973 [INFO] Fetching robots.txt from https://en.bitcoin.it/robots.txt
2025-03-21 10:39:18,042 [INFO] Fetching robots.txt from https://digiconomist.net/robots.txt
2025-03-21 10:39:19,068 [INFO] Fetching robots.txt from https://play.google.com/robots.txt
2025-03-21 10:39:19,444 [INFO] Fetching robots.txt from https://www.investopedia.com/robots.txt
2025-03-21 10:39:19,889 [INFO] Fetching robots.txt from https://www.cftc.gov/robots.txt
2025-03-21 10:39:20,909 [INFO] Fetching robots.txt from https://www.coinbase.com/robots.txt
2025-03-21 10:39:21,347 [INFO] Fetching robots.txt from https://www.congress.gov/robots.txt
2025-03-21 10:39:21,420 [INFO] Non-200 response from https://www.congress.gov/robots.txt: 403
2025-03-21 10:39:21,421 [INFO] Skipping https://www.congress.gov/bill/118th-congress/senate-bill/4912/text as robots.txt could not be fetched.
2025-03-21 10:39:21,422 [INFO] Collected 18 unique URLs so far
2025-03-21 10:39:24,173 [INFO] Google Search API returned 10 URLs
2025-03-21 10:39:24,175 [INFO] Blocked domain detected: x.com
2025-03-21 10:39:24,175 [INFO] Filtered 1 blocked domains
2025-03-21 10:39:24,175 [INFO] Fetching robots.txt from https://le.utah.gov/robots.txt
2025-03-21 10:39:29,252 [INFO] Timeout occurred while fetching https://le.utah.gov/robots.txt
2025-03-21 10:39:29,253 [INFO] Skipping https://le.utah.gov/~2025/bills/static/HB0230.html as robots.txt could not be fetched.
2025-03-21 10:39:29,253 [INFO] Fetching robots.txt from https://oksenate.gov/robots.txt
2025-03-21 10:39:29,890 [INFO] Fetching robots.txt from https://www.congress.gov/robots.txt
2025-03-21 10:39:29,933 [INFO] Non-200 response from https://www.congress.gov/robots.txt: 403
2025-03-21 10:39:29,934 [INFO] Skipping https://www.congress.gov/bill/118th-congress/senate-bill/4912/text as robots.txt could not be fetched.
2025-03-21 10:39:29,934 [INFO] Fetching robots.txt from https://www.cftc.gov/robots.txt
2025-03-21 10:39:30,928 [INFO] Fetching robots.txt from https://www.fidelitycharitable.org/robots.txt
2025-03-21 10:39:33,679 [INFO] Fetching robots.txt from https://www.tradingview.com/robots.txt
2025-03-21 10:39:34,125 [INFO] Fetching robots.txt from https://www.santamonica.gov/robots.txt
2025-03-21 10:39:34,927 [INFO] Non-200 response from https://www.santamonica.gov/robots.txt: 404
2025-03-21 10:39:34,928 [INFO] Skipping https://www.santamonica.gov/programs/bitcoin-office as robots.txt could not be fetched.
2025-03-21 10:39:34,929 [INFO] Fetching robots.txt from https://www.blockchain.com/robots.txt
2025-03-21 10:39:35,016 [INFO] Fetching robots.txt from https://nymag.com/robots.txt
2025-03-21 10:39:35,490 [INFO] Collected 25 unique URLs so far
2025-03-21 10:39:35,491 [INFO] Limited URL collection to 20
2025-03-21 10:39:35,492 [INFO] Scraping content from 20 collected URLs...
2025-03-21 10:39:39,783 [INFO] newspaper3k extracted low-quality content from https://ccaf.io/cbnsi/cbeci, trying BeautifulSoup
2025-03-21 10:39:39,808 [INFO] Failed to extract meaningful content from https://ccaf.io/cbnsi/cbeci
2025-03-21 10:39:39,877 [INFO] newspaper3k extracted low-quality content from https://bitcoincore.org/, trying BeautifulSoup
2025-03-21 10:39:39,987 [INFO] Failed to extract meaningful content from https://bitcoincore.org/
2025-03-21 10:39:40,760 [INFO] newspaper3k extracted low-quality content from https://bitcoin.org/, trying BeautifulSoup
2025-03-21 10:39:40,793 [INFO] Failed to extract meaningful content from https://bitcoin.org/
2025-03-21 10:39:42,153 [INFO] Article at https://oksenate.gov/press-releases/deevers-introduces-bitcoin-freedom-act-bring-oklahomas-economy-future has insufficient content after processing.
2025-03-21 10:39:44,376 [ERROR] Decoding error for https://www.cftc.gov/sites/default/files/2019-12/oceo_bitcoinbasics0218.pdf: 'utf-8' codec can't decode byte 0xe2 in position 10: invalid continuation byte
2025-03-21 10:39:45,430 [ERROR] Decoding error for https://www.ussc.gov/sites/default/files/pdf/training/annual-national-training-seminar/2018/Emerging_Tech_Bitcoin_Crypto.pdf: 'utf-8' codec can't decode byte 0xe2 in position 10: invalid continuation byte
2025-03-21 10:39:45,768 [ERROR] Access denied to https://www.coinbase.com/: HTTP 403 Forbidden.
2025-03-21 10:39:46,899 [WARNING] Error fetching article at https://finance.yahoo.com/quote/BTC-USD/: 400, message='Got more than 8190 bytes (23488) when reading Header value is too long.', url='https://finance.yahoo.com/quote/BTC-USD/'. Retrying in 1.5s (1/3)...
2025-03-21 10:39:47,135 [INFO] newspaper3k extracted low-quality content from https://digiconomist.net/bitcoin-energy-consumption/, trying BeautifulSoup
2025-03-21 10:39:47,691 [INFO] newspaper3k extracted low-quality content from https://www.bitcoin.com/, trying BeautifulSoup
2025-03-21 10:39:47,840 [ERROR] Access denied to https://www.congress.gov/bill/118th-congress/senate-bill/4912/text: HTTP 403 Forbidden.
2025-03-21 10:39:49,427 [INFO] Article at https://play.google.com/store/apps/details?id=de.schildbach.wallet&hl=en_US has insufficient content after processing.
2025-03-21 10:39:50,322 [WARNING] Error fetching article at https://finance.yahoo.com/quote/BTC-USD/: 400, message='Got more than 8190 bytes (15550) when reading Header value is too long.', url='https://finance.yahoo.com/quote/BTC-USD/'. Retrying in 3.0s (2/3)...
2025-03-21 10:39:52,266 [WARNING] Error fetching article at https://le.utah.gov/~2025/bills/static/HB0230.html: . Retrying in 1.5s (1/3)...
2025-03-21 10:39:54,912 [ERROR] Max retries reached for https://finance.yahoo.com/quote/BTC-USD/: 400, message='Got more than 8190 bytes (23488) when reading Header value is too long.', url='https://finance.yahoo.com/quote/BTC-USD/'
2025-03-21 10:40:09,271 [WARNING] Error fetching article at https://le.utah.gov/~2025/bills/static/HB0230.html: . Retrying in 3.0s (2/3)...
2025-03-21 10:40:28,266 [ERROR] Max retries reached for https://le.utah.gov/~2025/bills/static/HB0230.html: 
2025-03-21 10:40:28,270 [INFO] Article 'Bitcoin price today, BTC to USD live price, marketcap and chart' added to valid articles.
2025-03-21 10:40:28,271 [INFO] Article 'Bitcoin Overview' added to valid articles.
2025-03-21 10:40:28,273 [INFO] Article 'ESTABLISHMENT OF THE STRATEGIC BITCOIN RESERVE AND UNITED STATES DIGITAL ASSET STOCKPILE' added to valid articles.
2025-03-21 10:40:28,274 [INFO] Article 'What Is Bitcoin? How To Buy, Mine, and Use It' added to valid articles.
2025-03-21 10:40:28,275 [INFO] Article 'Bitcoin Wiki' added to valid articles.
2025-03-21 10:40:28,275 [INFO] Article 'Fact Sheet: President Donald J. Trump Establishes the Strategic Bitcoin Reserve and U.S. Digital Asset Stockpile' added to valid articles.
2025-03-21 10:40:28,276 [INFO] Article 'Bitcoin Energy Consumption Index' added to valid articles.
2025-03-21 10:40:28,277 [INFO] Article 'Buy Bitcoin & cryptocurrency' added to valid articles.
2025-03-21 10:40:28,277 [INFO] Article 'bitcoin/bitcoin: Bitcoin Core integration/staging tree' added to valid articles.
2025-03-21 10:40:28,315 [INFO] Formatted content for summarization with 8933 words
2025-03-21 10:40:28,336 [INFO] Summarizing chunk 1/15
2025-03-21 10:40:30,367 [INFO] Summarizing chunk 2/15
2025-03-21 10:40:31,314 [INFO] Summarizing chunk 3/15
2025-03-21 10:40:32,306 [INFO] Summarizing chunk 4/15
2025-03-21 10:40:33,463 [INFO] Summarizing chunk 5/15
2025-03-21 10:40:34,727 [INFO] Summarizing chunk 6/15
2025-03-21 10:40:35,655 [INFO] Summarizing chunk 7/15
2025-03-21 10:40:36,766 [INFO] Summarizing chunk 8/15
2025-03-21 10:40:37,851 [INFO] Summarizing chunk 9/15
2025-03-21 10:40:38,965 [INFO] Summarizing chunk 10/15
2025-03-21 10:40:40,004 [INFO] Summarizing chunk 11/15
2025-03-21 10:40:40,979 [INFO] Summarizing chunk 12/15
2025-03-21 10:40:42,213 [INFO] Summarizing chunk 13/15
2025-03-21 10:40:43,367 [INFO] Summarizing chunk 14/15
2025-03-21 10:40:44,390 [INFO] Summarizing chunk 15/15
2025-03-21 10:40:47,562 [WARNING] Gemini generated a short summary (287 words), using fallback
2025-03-21 10:40:47,562 [INFO] Using extractive summarization fallback
2025-03-21 10:40:47,564 [INFO] Summarization completed in 19.23 seconds
2025-03-21 10:40:47,565 [INFO] Generated summary with 330 words.
2025-03-21 10:40:51,877 [INFO] HTTP Request: POST https://api.elevenlabs.io/v1/text-to-speech/JBFqnCBsd6RMkjVDRZzb/stream "HTTP/1.1 200 OK"
2025-03-21 10:41:21,526 [INFO] Audio has been downloaded and saved as output_audio.mp3
2025-03-21 10:41:22,499 [INFO] Audio speed increased and saved as output_audio_fast.mp3
2025-03-21 10:41:22,501 [INFO] Data written to output.json.
2025-03-21 10:41:23,767 [INFO] HTTP Request: POST https://ljrlwlsqivyghpshguee.supabase.co/rest/v1/Queries "HTTP/2 201 Created"
2025-03-21 10:46:36,679 [INFO] Configuration loaded successfully
2025-03-21 10:46:37,554 [INFO] Gemini model initialized successfully
2025-03-21 10:46:38,781 [INFO] Using Supabase URL: https://ljrlwlsqivyghpshguee.supabase.co
2025-03-21 10:46:38,782 [INFO] API Key found (masked): eyJh********************************************************************************************************************************************************************************************************K5Tg
2025-03-21 10:46:38,783 [INFO] Supabase username and password found in environment variables
2025-03-21 10:46:39,194 [INFO] Supabase client initialized successfully
2025-03-21 10:46:39,554 [INFO] Successfully created Supabase client
2025-03-21 10:46:40,402 [INFO] HTTP Request: GET https://ljrlwlsqivyghpshguee.supabase.co/rest/v1/Users?select=count&limit=1 "HTTP/2 200 OK"
2025-03-21 10:46:40,408 [INFO] Successfully connected to Supabase
2025-03-21 10:46:40,409 [INFO] Successfully connected to Supabase at startup
2025-03-21 10:46:53,352 [INFO] Scrape request received: Query='Computer Science', Num URLs=10
2025-03-21 10:46:53,353 [INFO] Starting collection process for query: 'Computer Science'
2025-03-21 10:46:53,353 [INFO] Desired article count: 10
2025-03-21 10:46:54,941 [INFO] Google Search API returned 10 URLs
2025-03-21 10:46:54,943 [INFO] Blocked domain detected: en.wikipedia.org
2025-03-21 10:46:54,944 [INFO] Blocked domain detected: www.reddit.com
2025-03-21 10:46:54,945 [INFO] Filtered 2 blocked domains
2025-03-21 10:46:54,945 [INFO] Fetching robots.txt from https://undergrad.cs.umd.edu/robots.txt
2025-03-21 10:46:55,641 [INFO] Fetching robots.txt from https://www.mtu.edu/robots.txt
2025-03-21 10:46:57,589 [INFO] Fetching robots.txt from https://cs.utdallas.edu/robots.txt
2025-03-21 10:46:58,816 [INFO] Non-200 response from https://cs.utdallas.edu/robots.txt: 404
2025-03-21 10:46:58,818 [INFO] Skipping https://cs.utdallas.edu/ as robots.txt could not be fetched.
2025-03-21 10:46:58,819 [INFO] Fetching robots.txt from https://www.khanacademy.org/robots.txt
2025-03-21 10:46:59,272 [INFO] Fetching robots.txt from https://cs.brown.edu/robots.txt
2025-03-21 10:47:00,089 [ERROR] Error fetching robots.txt from https://cs.brown.edu/robots.txt: Cannot connect to host cs.brown.edu:443 ssl:True [SSLCertVerificationError: (1, '[SSL: CERTIFICATE_VERIFY_FAILED] certificate verify failed: unable to get local issuer certificate (_ssl.c:1000)')]
2025-03-21 10:47:00,091 [INFO] Skipping https://cs.brown.edu/ as robots.txt could not be fetched.
2025-03-21 10:47:00,091 [INFO] Fetching robots.txt from https://www.hmc.edu/robots.txt
2025-03-21 10:47:01,020 [INFO] Fetching robots.txt from https://compsci.rpi.edu/robots.txt
2025-03-21 10:47:01,726 [INFO] Fetching robots.txt from https://pll.harvard.edu/robots.txt
2025-03-21 10:47:02,072 [INFO] Collected 8 unique URLs so far
2025-03-21 10:47:04,769 [INFO] Google Search API returned 10 URLs
2025-03-21 10:47:04,770 [INFO] Filtered 0 blocked domains
2025-03-21 10:47:04,771 [INFO] Fetching robots.txt from https://www.albany.edu/robots.txt
2025-03-21 10:47:05,783 [INFO] Fetching robots.txt from https://compsci.colostate.edu/robots.txt
2025-03-21 10:47:06,691 [INFO] Fetching robots.txt from https://computerscience.uchicago.edu/robots.txt
2025-03-21 10:47:07,936 [INFO] Fetching robots.txt from https://www.doe.virginia.gov/robots.txt
2025-03-21 10:47:08,620 [INFO] Non-200 response from https://www.doe.virginia.gov/robots.txt: 403
2025-03-21 10:47:08,622 [INFO] Skipping https://www.doe.virginia.gov/teaching-learning-assessment/instruction/computer-science as robots.txt could not be fetched.
2025-03-21 10:47:08,623 [INFO] Fetching robots.txt from https://csteachers.org/robots.txt
2025-03-21 10:47:09,066 [INFO] Fetching robots.txt from https://www.wpi.edu/robots.txt
2025-03-21 10:47:11,178 [INFO] Fetching robots.txt from https://cs.indiana.edu/robots.txt
2025-03-21 10:47:12,031 [INFO] Fetching robots.txt from https://cse.ucsd.edu/robots.txt
2025-03-21 10:47:13,149 [INFO] Fetching robots.txt from https://www.smith.edu/robots.txt
2025-03-21 10:47:14,128 [INFO] Fetching robots.txt from https://education.mn.gov/robots.txt
2025-03-21 10:47:15,372 [INFO] Scraping not allowed for https://education.mn.gov/MDE/dse/stds/ComputerScience/ as per robots.txt.
2025-03-21 10:47:15,374 [INFO] Collected 17 unique URLs so far
2025-03-21 10:47:17,948 [INFO] Google Search API returned 10 URLs
2025-03-21 10:47:17,949 [INFO] Filtered 0 blocked domains
2025-03-21 10:47:17,950 [INFO] Fetching robots.txt from https://www.cs.stanford.edu/robots.txt
2025-03-21 10:47:18,113 [INFO] Fetching robots.txt from https://www.cs.ucsb.edu/robots.txt
2025-03-21 10:47:19,135 [INFO] Fetching robots.txt from https://siebelschool.illinois.edu/robots.txt
2025-03-21 10:47:20,714 [INFO] Fetching robots.txt from https://www.cs.cornell.edu/robots.txt
2025-03-21 10:47:22,154 [INFO] Fetching robots.txt from https://www.cs.jhu.edu/robots.txt
2025-03-21 10:47:23,006 [INFO] Fetching robots.txt from https://cs.mst.edu/robots.txt
2025-03-21 10:47:24,757 [INFO] Non-200 response from https://cs.mst.edu/robots.txt: 404
2025-03-21 10:47:24,758 [INFO] Skipping https://cs.mst.edu/ as robots.txt could not be fetched.
2025-03-21 10:47:24,758 [INFO] Fetching robots.txt from https://www.msoe.edu/robots.txt
2025-03-21 10:47:25,493 [INFO] Fetching robots.txt from https://www.wellesley.edu/robots.txt
2025-03-21 10:47:26,053 [INFO] Fetching robots.txt from https://cse.umn.edu/robots.txt
2025-03-21 10:47:27,344 [INFO] Fetching robots.txt from http://www.ou.edu/robots.txt
2025-03-21 10:47:29,339 [INFO] Collected 27 unique URLs so far
2025-03-21 10:47:29,339 [INFO] Limited URL collection to 20
2025-03-21 10:47:29,340 [INFO] Scraping content from 20 collected URLs...
2025-03-21 10:47:57,302 [INFO] newspaper3k extracted low-quality content from https://cs.utdallas.edu/, trying BeautifulSoup
2025-03-21 10:47:57,405 [INFO] Failed to extract meaningful content from https://cs.utdallas.edu/
2025-03-21 10:47:57,626 [INFO] newspaper3k extracted low-quality content from https://www.hmc.edu/cs/, trying BeautifulSoup
2025-03-21 10:47:57,699 [INFO] Failed to extract meaningful content from https://www.hmc.edu/cs/
2025-03-21 10:47:58,151 [INFO] newspaper3k extracted low-quality content from https://compsci.colostate.edu/, trying BeautifulSoup
2025-03-21 10:47:59,963 [INFO] newspaper3k extracted low-quality content from https://www.cs.ucsb.edu/, trying BeautifulSoup
2025-03-21 10:48:00,340 [INFO] newspaper3k extracted low-quality content from https://cs.indiana.edu/index.html, trying BeautifulSoup
2025-03-21 10:48:00,395 [INFO] Failed to extract meaningful content from https://cs.indiana.edu/index.html
2025-03-21 10:48:00,909 [INFO] newspaper3k extracted low-quality content from https://www.khanacademy.org/computing/computer-science, trying BeautifulSoup
2025-03-21 10:48:00,915 [INFO] Failed to extract meaningful content from https://www.khanacademy.org/computing/computer-science
2025-03-21 10:48:01,037 [INFO] newspaper3k extracted low-quality content from https://compsci.rpi.edu/, trying BeautifulSoup
2025-03-21 10:48:01,064 [INFO] Failed to extract meaningful content from https://compsci.rpi.edu/
2025-03-21 10:48:01,716 [INFO] newspaper3k extracted low-quality content from https://computerscience.uchicago.edu/, trying BeautifulSoup
2025-03-21 10:48:01,994 [INFO] Failed to extract meaningful content from https://computerscience.uchicago.edu/
2025-03-21 10:48:02,306 [INFO] newspaper3k extracted low-quality content from https://undergrad.cs.umd.edu/what-computer-science, trying BeautifulSoup
2025-03-21 10:48:02,335 [INFO] Failed to extract meaningful content from https://undergrad.cs.umd.edu/what-computer-science
2025-03-21 10:48:02,778 [ERROR] Access denied to https://www.doe.virginia.gov/teaching-learning-assessment/instruction/computer-science: HTTP 403 Forbidden.
2025-03-21 10:48:03,317 [INFO] newspaper3k extracted low-quality content from https://pll.harvard.edu/course/cs50-introduction-computer-science, trying BeautifulSoup
2025-03-21 10:48:03,417 [INFO] Article at https://pll.harvard.edu/course/cs50-introduction-computer-science has insufficient content after processing.
2025-03-21 10:48:03,586 [INFO] newspaper3k extracted low-quality content from https://cse.ucsd.edu/, trying BeautifulSoup
2025-03-21 10:48:03,672 [INFO] Failed to extract meaningful content from https://cse.ucsd.edu/
2025-03-21 10:48:04,022 [INFO] newspaper3k extracted low-quality content from https://siebelschool.illinois.edu/, trying BeautifulSoup
2025-03-21 10:48:06,940 [INFO] newspaper3k extracted low-quality content from https://csteachers.org/, trying BeautifulSoup
2025-03-21 10:48:07,206 [INFO] newspaper3k extracted low-quality content from https://cs.brown.edu/, trying BeautifulSoup
2025-03-21 10:48:07,243 [INFO] Failed to extract meaningful content from https://cs.brown.edu/
2025-03-21 10:48:08,450 [INFO] newspaper3k extracted low-quality content from https://www.cs.stanford.edu/, trying BeautifulSoup
2025-03-21 10:48:08,773 [INFO] newspaper3k extracted low-quality content from https://www.albany.edu/computer-science, trying BeautifulSoup
2025-03-21 10:48:08,853 [INFO] Failed to extract meaningful content from https://www.albany.edu/computer-science
2025-03-21 10:48:11,076 [INFO] newspaper3k extracted low-quality content from https://www.wpi.edu/academics/departments/computer-science, trying BeautifulSoup
2025-03-21 10:48:11,521 [INFO] Article 'CSU – Department of Computer Science at Colorado State University' added to valid articles.
2025-03-21 10:48:11,523 [INFO] Article 'UCSB Computer Science' added to valid articles.
2025-03-21 10:48:11,524 [INFO] Article 'Home' added to valid articles.
2025-03-21 10:48:11,525 [INFO] Article 'Computer Science' added to valid articles.
2025-03-21 10:48:11,526 [INFO] Article 'Computer Science Teachers Association Connect, Grow, & Share With CS Teachers-' added to valid articles.
2025-03-21 10:48:11,527 [INFO] Article skipped due to missing content or duplicate title.
2025-03-21 10:48:11,528 [INFO] Article 'What is Computer Science?' added to valid articles.
2025-03-21 10:48:11,529 [INFO] Article 'Worcester Polytechnic Institute' added to valid articles.
2025-03-21 10:48:11,597 [INFO] Formatted content for summarization with 7688 words
2025-03-21 10:48:11,617 [INFO] Summarizing chunk 1/15
2025-03-21 10:48:13,426 [INFO] Summarizing chunk 2/15
2025-03-21 10:48:14,474 [INFO] Summarizing chunk 3/15
2025-03-21 10:48:15,392 [INFO] Summarizing chunk 4/15
2025-03-21 10:48:16,648 [INFO] Summarizing chunk 5/15
2025-03-21 10:48:17,744 [INFO] Summarizing chunk 6/15
2025-03-21 10:48:19,076 [INFO] Summarizing chunk 7/15
2025-03-21 10:48:20,363 [INFO] Summarizing chunk 8/15
2025-03-21 10:48:21,266 [WARNING] Gemini generated a short summary (9 words), using fallback
2025-03-21 10:48:21,267 [INFO] Using extractive summarization fallback
2025-03-21 10:48:21,268 [INFO] Summarizing chunk 9/15
2025-03-21 10:48:22,323 [INFO] Summarizing chunk 10/15
2025-03-21 10:48:23,286 [WARNING] Gemini generated a short summary (15 words), using fallback
2025-03-21 10:48:23,287 [INFO] Using extractive summarization fallback
2025-03-21 10:48:23,288 [INFO] Summarizing chunk 11/15
2025-03-21 10:48:24,158 [INFO] Summarizing chunk 12/15
2025-03-21 10:48:25,337 [INFO] Summarizing chunk 13/15
2025-03-21 10:48:26,549 [INFO] Summarizing chunk 14/15
2025-03-21 10:48:27,619 [INFO] Summarizing chunk 15/15
2025-03-21 10:48:30,756 [WARNING] Gemini generated a short summary (179 words), using fallback
2025-03-21 10:48:30,757 [INFO] Using extractive summarization fallback
2025-03-21 10:48:30,760 [INFO] Summarization completed in 19.14 seconds
2025-03-21 10:48:30,762 [INFO] Generated summary with 296 words.
2025-03-21 10:48:30,762 [WARNING] Generated summary is too short (296 words). Attempting to regenerate.
2025-03-21 10:48:31,077 [ERROR] Error in Gemini summarization: 429 Resource has been exhausted (e.g. check quota).
2025-03-21 10:48:31,078 [INFO] Falling back to extractive summarization
2025-03-21 10:48:31,079 [INFO] Using extractive summarization fallback
2025-03-21 10:48:31,081 [INFO] Regenerated summary with 238 words.
2025-03-21 10:48:31,081 [WARNING] Summary remains short (296 words), returning as is.
2025-03-21 10:48:34,947 [INFO] HTTP Request: POST https://api.elevenlabs.io/v1/text-to-speech/JBFqnCBsd6RMkjVDRZzb/stream "HTTP/1.1 200 OK"
2025-03-21 10:49:03,064 [INFO] Audio has been downloaded and saved as output_audio.mp3
2025-03-21 10:49:04,364 [INFO] Audio speed increased and saved as output_audio_fast.mp3
2025-03-21 10:49:04,366 [INFO] Data written to output.json.
2025-03-21 10:49:05,406 [INFO] HTTP Request: POST https://ljrlwlsqivyghpshguee.supabase.co/rest/v1/Queries "HTTP/2 201 Created"
2025-03-21 10:51:24,662 [INFO] Configuration loaded successfully
2025-03-21 10:51:25,798 [INFO] Gemini model initialized successfully
2025-03-21 10:51:26,745 [INFO] Using Supabase URL: https://ljrlwlsqivyghpshguee.supabase.co
2025-03-21 10:51:26,746 [INFO] API Key found (masked): eyJh********************************************************************************************************************************************************************************************************K5Tg
2025-03-21 10:51:26,747 [INFO] Supabase username and password found in environment variables
2025-03-21 10:51:27,077 [INFO] Supabase client initialized successfully
2025-03-21 10:51:27,374 [INFO] Successfully created Supabase client
2025-03-21 10:51:28,195 [INFO] HTTP Request: GET https://ljrlwlsqivyghpshguee.supabase.co/rest/v1/Users?select=count&limit=1 "HTTP/2 200 OK"
2025-03-21 10:51:28,201 [INFO] Successfully connected to Supabase
2025-03-21 10:51:28,202 [INFO] Successfully connected to Supabase at startup
2025-03-21 10:51:30,225 [INFO] Configuration loaded successfully
2025-03-21 10:51:31,279 [INFO] Gemini model initialized successfully
2025-03-21 10:51:32,535 [INFO] Using Supabase URL: https://ljrlwlsqivyghpshguee.supabase.co
2025-03-21 10:51:32,535 [INFO] API Key found (masked): eyJh********************************************************************************************************************************************************************************************************K5Tg
2025-03-21 10:51:32,537 [INFO] Supabase username and password found in environment variables
2025-03-21 10:51:32,874 [INFO] Supabase client initialized successfully
2025-03-21 10:51:33,337 [INFO] Successfully created Supabase client
2025-03-21 10:51:34,184 [INFO] HTTP Request: GET https://ljrlwlsqivyghpshguee.supabase.co/rest/v1/Users?select=count&limit=1 "HTTP/2 200 OK"
2025-03-21 10:51:34,192 [INFO] Successfully connected to Supabase
2025-03-21 10:51:34,193 [INFO] Successfully connected to Supabase at startup
2025-03-21 10:51:38,576 [INFO] Configuration loaded successfully
2025-03-21 10:51:39,437 [INFO] Gemini model initialized successfully
2025-03-21 10:51:40,657 [INFO] Using Supabase URL: https://ljrlwlsqivyghpshguee.supabase.co
2025-03-21 10:51:40,658 [INFO] API Key found (masked): eyJh********************************************************************************************************************************************************************************************************K5Tg
2025-03-21 10:51:40,660 [INFO] Supabase username and password found in environment variables
2025-03-21 10:51:40,980 [INFO] Supabase client initialized successfully
2025-03-21 10:51:41,356 [INFO] Successfully created Supabase client
2025-03-21 10:51:41,873 [INFO] HTTP Request: GET https://ljrlwlsqivyghpshguee.supabase.co/rest/v1/Users?select=count&limit=1 "HTTP/2 200 OK"
2025-03-21 10:51:41,880 [INFO] Successfully connected to Supabase
2025-03-21 10:51:41,881 [INFO] Successfully connected to Supabase at startup
2025-03-21 10:51:52,131 [INFO] Configuration loaded successfully
2025-03-21 10:51:52,869 [INFO] Gemini model initialized successfully
2025-03-21 10:51:53,736 [INFO] Using Supabase URL: https://ljrlwlsqivyghpshguee.supabase.co
2025-03-21 10:51:53,737 [INFO] API Key found (masked): eyJh********************************************************************************************************************************************************************************************************K5Tg
2025-03-21 10:51:53,738 [INFO] Supabase username and password found in environment variables
2025-03-21 10:51:54,084 [INFO] Supabase client initialized successfully
2025-03-21 10:51:54,373 [INFO] Successfully created Supabase client
2025-03-21 10:51:54,882 [INFO] HTTP Request: GET https://ljrlwlsqivyghpshguee.supabase.co/rest/v1/Users?select=count&limit=1 "HTTP/2 200 OK"
2025-03-21 10:51:54,889 [INFO] Successfully connected to Supabase
2025-03-21 10:51:54,890 [INFO] Successfully connected to Supabase at startup
2025-03-21 10:51:57,012 [INFO] Configuration loaded successfully
2025-03-21 10:51:57,898 [INFO] Gemini model initialized successfully
2025-03-21 10:51:59,043 [INFO] Using Supabase URL: https://ljrlwlsqivyghpshguee.supabase.co
2025-03-21 10:51:59,045 [INFO] API Key found (masked): eyJh********************************************************************************************************************************************************************************************************K5Tg
2025-03-21 10:51:59,046 [INFO] Supabase username and password found in environment variables
2025-03-21 10:51:59,385 [INFO] Supabase client initialized successfully
2025-03-21 10:51:59,704 [INFO] Successfully created Supabase client
2025-03-21 10:52:00,211 [INFO] HTTP Request: GET https://ljrlwlsqivyghpshguee.supabase.co/rest/v1/Users?select=count&limit=1 "HTTP/2 200 OK"
2025-03-21 10:52:00,219 [INFO] Successfully connected to Supabase
2025-03-21 10:52:00,220 [INFO] Successfully connected to Supabase at startup
2025-03-21 10:52:10,596 [INFO] Scrape request received: Query='Imran Khan', Num URLs=10
2025-03-21 10:52:10,597 [INFO] Starting collection process for query: 'Imran Khan'
2025-03-21 10:52:10,598 [INFO] Desired article count: 10
2025-03-21 10:52:12,243 [INFO] Google Search API returned 10 URLs
2025-03-21 10:52:12,244 [INFO] Blocked domain detected: en.wikipedia.org
2025-03-21 10:52:12,245 [INFO] Blocked domain detected: en.wikipedia.org
2025-03-21 10:52:12,246 [INFO] Blocked domain detected: www.instagram.com
2025-03-21 10:52:12,247 [INFO] Blocked domain detected: x.com
2025-03-21 10:52:12,247 [INFO] Blocked domain detected: x.com
2025-03-21 10:52:12,248 [INFO] Filtered 5 blocked domains
2025-03-21 10:52:12,249 [INFO] Fetching robots.txt from https://www.espncricinfo.com/robots.txt
2025-03-21 10:52:12,489 [INFO] Fetching robots.txt from https://time.com/robots.txt
2025-03-21 10:52:12,827 [INFO] Fetching robots.txt from https://www.bbc.com/robots.txt
2025-03-21 10:52:13,005 [INFO] Fetching robots.txt from https://www.inova.org/robots.txt
2025-03-21 10:52:14,299 [INFO] Fetching robots.txt from https://www.icij.org/robots.txt
2025-03-21 10:52:14,593 [INFO] Collected 5 unique URLs so far
2025-03-21 10:52:17,161 [INFO] Google Search API returned 10 URLs
2025-03-21 10:52:17,165 [INFO] Filtered 0 blocked domains
2025-03-21 10:52:17,166 [INFO] Fetching robots.txt from https://health.ucdavis.edu/robots.txt
2025-03-21 10:52:18,965 [ERROR] Error fetching robots.txt from https://health.ucdavis.edu/robots.txt: Cannot connect to host health.ucdavis.edu:443 ssl:default [[SSL: UNSAFE_LEGACY_RENEGOTIATION_DISABLED] unsafe legacy renegotiation disabled (_ssl.c:1000)]
2025-03-21 10:52:18,966 [INFO] Skipping https://health.ucdavis.edu/pathology/our_team/faculty/khanI.html as robots.txt could not be fetched.
2025-03-21 10:52:18,966 [INFO] Fetching robots.txt from http://sherman.house.gov/robots.txt
2025-03-21 10:52:19,750 [INFO] Non-200 response from http://sherman.house.gov/robots.txt: 403
2025-03-21 10:52:19,750 [INFO] Skipping http://sherman.house.gov/media-center/press-releases/sherman-reacts-to-the-arrest-of-former-pakistan-pm-imran-khan as robots.txt could not be fetched.
2025-03-21 10:52:19,751 [INFO] Fetching robots.txt from https://open.spotify.com/robots.txt
2025-03-21 10:52:20,638 [INFO] Fetching robots.txt from https://www.britannica.com/robots.txt
2025-03-21 10:52:21,344 [INFO] Fetching robots.txt from https://ccr.cancer.gov/robots.txt
2025-03-21 10:52:22,927 [INFO] Fetching robots.txt from http://sherman.house.gov/robots.txt
2025-03-21 10:52:23,222 [INFO] Non-200 response from http://sherman.house.gov/robots.txt: 403
2025-03-21 10:52:23,223 [INFO] Skipping http://sherman.house.gov/media-center/press-releases/congressman-sherman-statement-on-conviction-of-former-pm-imran-khan as robots.txt could not be fetched.
2025-03-21 10:52:23,224 [INFO] Fetching robots.txt from https://www.theguardian.com/robots.txt
2025-03-21 10:52:24,307 [INFO] Fetching robots.txt from https://carnegieendowment.org/robots.txt
2025-03-21 10:52:25,401 [INFO] Fetching robots.txt from https://www.du.edu/robots.txt
2025-03-21 10:52:26,604 [INFO] Fetching robots.txt from https://pediatrics.ucsf.edu/robots.txt
2025-03-21 10:52:28,297 [INFO] Collected 15 unique URLs so far
2025-03-21 10:52:30,841 [INFO] Google Search API returned 10 URLs
2025-03-21 10:52:30,843 [INFO] Blocked domain detected: www.nytimes.com
2025-03-21 10:52:30,844 [INFO] Filtered 1 blocked domains
2025-03-21 10:52:30,844 [INFO] Fetching robots.txt from https://health.ucdavis.edu/robots.txt
2025-03-21 10:52:31,831 [ERROR] Error fetching robots.txt from https://health.ucdavis.edu/robots.txt: Cannot connect to host health.ucdavis.edu:443 ssl:default [[SSL: UNSAFE_LEGACY_RENEGOTIATION_DISABLED] unsafe legacy renegotiation disabled (_ssl.c:1000)]
2025-03-21 10:52:31,834 [INFO] Skipping https://health.ucdavis.edu/pathology/our_team/faculty/khanI.html as robots.txt could not be fetched.
2025-03-21 10:52:31,835 [INFO] Fetching robots.txt from https://www.npr.org/robots.txt
2025-03-21 10:52:32,378 [INFO] Fetching robots.txt from http://sherman.house.gov/robots.txt
2025-03-21 10:52:32,778 [INFO] Non-200 response from http://sherman.house.gov/robots.txt: 403
2025-03-21 10:52:32,781 [INFO] Skipping http://sherman.house.gov/media-center/press-releases/congressman-sherman-statement-on-conviction-of-former-pm-imran-khan as robots.txt could not be fetched.
2025-03-21 10:52:32,781 [INFO] Fetching robots.txt from https://carle.org/robots.txt
2025-03-21 10:52:34,290 [INFO] Fetching robots.txt from https://apnews.com/robots.txt
2025-03-21 10:52:34,383 [INFO] Fetching robots.txt from https://www.reuters.com/robots.txt
2025-03-21 10:52:34,601 [INFO] Fetching robots.txt from https://www.mdh.org/robots.txt
2025-03-21 10:52:38,334 [INFO] Fetching robots.txt from https://www.alvarezandmarsal.com/robots.txt
2025-03-21 10:52:38,808 [INFO] Non-200 response from https://www.alvarezandmarsal.com/robots.txt: 403
2025-03-21 10:52:38,809 [INFO] Skipping https://www.alvarezandmarsal.com/our-people/imran-khan as robots.txt could not be fetched.
2025-03-21 10:52:38,809 [INFO] Fetching robots.txt from https://www.ikandp.co.uk/robots.txt
2025-03-21 10:52:39,215 [INFO] Collected 22 unique URLs so far
2025-03-21 10:52:39,215 [INFO] Limited URL collection to 20
2025-03-21 10:52:39,215 [INFO] Scraping content from 20 collected URLs...
2025-03-21 10:52:41,387 [WARNING] Error fetching article at https://health.ucdavis.edu/pathology/our_team/faculty/khanI.html: Cannot connect to host health.ucdavis.edu:443 ssl:default [[SSL: UNSAFE_LEGACY_RENEGOTIATION_DISABLED] unsafe legacy renegotiation disabled (_ssl.c:1000)]. Retrying in 1.5s (1/3)...
2025-03-21 10:52:42,522 [INFO] newspaper3k extracted low-quality content from https://ccr.cancer.gov/staff-directory/imran-khan, trying BeautifulSoup
2025-03-21 10:52:42,627 [INFO] Failed to extract meaningful content from https://ccr.cancer.gov/staff-directory/imran-khan
2025-03-21 10:52:43,581 [INFO] newspaper3k extracted low-quality content from http://sherman.house.gov/media-center/press-releases/congressman-sherman-statement-on-conviction-of-former-pm-imran-khan, trying BeautifulSoup
2025-03-21 10:52:43,642 [INFO] Failed to extract meaningful content from http://sherman.house.gov/media-center/press-releases/congressman-sherman-statement-on-conviction-of-former-pm-imran-khan
2025-03-21 10:52:43,814 [ERROR] Access denied to https://www.espncricinfo.com/cricketers/imran-khan-40560: HTTP 403 Forbidden.
2025-03-21 10:52:44,896 [INFO] newspaper3k extracted low-quality content from https://www.inova.org/doctors/imran-a-khan-md, trying BeautifulSoup
2025-03-21 10:52:44,975 [INFO] Failed to extract meaningful content from https://www.inova.org/doctors/imran-a-khan-md
2025-03-21 10:52:45,248 [INFO] newspaper3k extracted low-quality content from https://www.mdh.org/find-a-provider/imran-khan-md/, trying BeautifulSoup
2025-03-21 10:52:45,319 [INFO] Failed to extract meaningful content from https://www.mdh.org/find-a-provider/imran-khan-md/
2025-03-21 10:52:45,628 [INFO] newspaper3k extracted low-quality content from http://sherman.house.gov/media-center/press-releases/sherman-reacts-to-the-arrest-of-former-pakistan-pm-imran-khan, trying BeautifulSoup
2025-03-21 10:52:45,673 [INFO] Failed to extract meaningful content from http://sherman.house.gov/media-center/press-releases/sherman-reacts-to-the-arrest-of-former-pakistan-pm-imran-khan
2025-03-21 10:52:46,963 [INFO] newspaper3k extracted low-quality content from https://open.spotify.com/artist/24BYRlsS8uIO4jA71mJ4Js, trying BeautifulSoup
2025-03-21 10:52:46,972 [INFO] Failed to extract meaningful content from https://open.spotify.com/artist/24BYRlsS8uIO4jA71mJ4Js
2025-03-21 10:52:49,146 [INFO] newspaper3k extracted low-quality content from https://carle.org/find-a-doctor/1979, trying BeautifulSoup
2025-03-21 10:52:49,278 [INFO] Failed to extract meaningful content from https://carle.org/find-a-doctor/1979
2025-03-21 10:52:53,218 [WARNING] Error fetching article at https://health.ucdavis.edu/pathology/our_team/faculty/khanI.html: Cannot connect to host health.ucdavis.edu:443 ssl:default [[SSL: UNSAFE_LEGACY_RENEGOTIATION_DISABLED] unsafe legacy renegotiation disabled (_ssl.c:1000)]. Retrying in 3.0s (2/3)...
2025-03-21 10:52:56,813 [ERROR] Max retries reached for https://health.ucdavis.edu/pathology/our_team/faculty/khanI.html: Cannot connect to host health.ucdavis.edu:443 ssl:default [[SSL: UNSAFE_LEGACY_RENEGOTIATION_DISABLED] unsafe legacy renegotiation disabled (_ssl.c:1000)]
2025-03-21 10:52:56,819 [INFO] Article 'Imran Khan: The cricket star and former PM who is dividing Pakistan' added to valid articles.
2025-03-21 10:52:56,820 [INFO] Article 'Department of Pediatrics' added to valid articles.
2025-03-21 10:52:56,820 [INFO] Article 'Pakistan’s Imran Khan handed 14-year jail term in land graft case' added to valid articles.
2025-03-21 10:52:56,821 [INFO] Article 'Imran Khan, former prime minister of Pakistan, arrested following court conviction' added to valid articles.
2025-03-21 10:52:56,821 [INFO] Article 'Imran Khan criticised for defence of Pakistan blasphemy laws' added to valid articles.
2025-03-21 10:52:56,822 [INFO] Article 'Prime Minister Imran Khan promised ‘new Pakistan’ but members of his inner circle secretly moved millions offshore' added to valid articles.
2025-03-21 10:52:56,822 [INFO] Article 'From Prison, Imran Khan Reminds Us to Pay Attention To Pakistan' added to valid articles.
2025-03-21 10:52:56,823 [INFO] Article 'Pakistan’s former premier Imran Khan and wife convicted of marriage law violation in a fourth case' added to valid articles.
2025-03-21 10:52:56,823 [INFO] Article 'Pakistan, Biography, Cricketer, Prime Minister, & PTI' added to valid articles.
2025-03-21 10:52:56,824 [INFO] Article 'Why Imran Khan Isn’t Going Away' added to valid articles.
2025-03-21 10:52:56,904 [INFO] Formatted content for summarization with 12446 words
2025-03-21 10:52:56,938 [INFO] Summarizing chunk 1/22
2025-03-21 10:52:58,779 [INFO] Summarizing chunk 2/22
2025-03-21 10:53:00,164 [INFO] Summarizing chunk 3/22
2025-03-21 10:53:01,761 [INFO] Summarizing chunk 4/22
2025-03-21 10:53:03,162 [INFO] Summarizing chunk 5/22
2025-03-21 10:53:04,254 [INFO] Summarizing chunk 6/22
2025-03-21 10:53:05,560 [INFO] Summarizing chunk 7/22
2025-03-21 10:53:06,650 [INFO] Summarizing chunk 8/22
2025-03-21 10:53:07,935 [INFO] Summarizing chunk 9/22
2025-03-21 10:53:09,086 [INFO] Summarizing chunk 10/22
2025-03-21 10:53:10,366 [INFO] Summarizing chunk 11/22
2025-03-21 10:53:11,698 [INFO] Summarizing chunk 12/22
2025-03-21 10:53:12,923 [INFO] Summarizing chunk 13/22
2025-03-21 10:53:14,090 [INFO] Summarizing chunk 14/22
2025-03-21 10:53:15,372 [INFO] Summarizing chunk 15/22
2025-03-21 10:53:16,571 [INFO] Summarizing chunk 16/22
2025-03-21 10:53:17,928 [INFO] Summarizing chunk 17/22
2025-03-21 10:53:19,132 [INFO] Summarizing chunk 18/22
2025-03-21 10:53:20,352 [INFO] Summarizing chunk 19/22
2025-03-21 10:53:21,599 [INFO] Summarizing chunk 20/22
2025-03-21 10:53:22,712 [INFO] Summarizing chunk 21/22
2025-03-21 10:53:23,982 [INFO] Summarizing chunk 22/22
2025-03-21 10:53:27,142 [WARNING] Gemini generated a short summary (202 words), using fallback
2025-03-21 10:53:27,143 [INFO] Using extractive summarization fallback
2025-03-21 10:53:27,146 [INFO] Summarization completed in 30.21 seconds
2025-03-21 10:53:27,147 [INFO] Generated summary with 334 words.
2025-03-21 10:53:31,454 [INFO] HTTP Request: POST https://api.elevenlabs.io/v1/text-to-speech/JBFqnCBsd6RMkjVDRZzb/stream "HTTP/1.1 200 OK"
2025-03-21 10:54:01,147 [INFO] Audio has been downloaded and saved as output_audio.mp3
2025-03-21 10:54:03,221 [INFO] Audio speed increased and saved as output_audio_fast.mp3
2025-03-21 10:54:03,226 [INFO] Data written to output.json.
2025-03-21 10:54:03,939 [INFO] HTTP Request: POST https://ljrlwlsqivyghpshguee.supabase.co/rest/v1/Queries "HTTP/2 201 Created"
2025-03-21 11:08:28,121 [INFO] Configuration loaded successfully.
2025-03-21 11:08:28,896 [INFO] Gemini model initialized successfully
2025-03-21 11:08:54,239 [INFO] Configuration loaded successfully.
2025-03-21 11:08:54,919 [INFO] Gemini model initialized successfully
2025-03-21 11:12:17,846 [INFO] Configuration loaded successfully.
2025-03-21 11:12:18,522 [INFO] Gemini model initialized successfully
2025-03-21 11:12:19,447 [INFO] Using Supabase URL: https://ljrlwlsqivyghpshguee.supabase.co
2025-03-21 11:12:19,448 [INFO] API Key found (masked): eyJh********************************************************************************************************************************************************************************************************K5Tg
2025-03-21 11:12:19,450 [INFO] Supabase username and password found in environment variables
2025-03-21 11:12:19,701 [INFO] Supabase client initialized successfully
2025-03-21 11:12:19,922 [INFO] Successfully created Supabase client
2025-03-21 11:12:21,094 [INFO] HTTP Request: GET https://ljrlwlsqivyghpshguee.supabase.co/rest/v1/Users?select=count&limit=1 "HTTP/2 200 OK"
2025-03-21 11:12:21,099 [INFO] Successfully connected to Supabase
2025-03-21 11:12:21,099 [INFO] Successfully connected to Supabase at startup
2025-03-21 11:12:23,305 [INFO] Configuration loaded successfully.
2025-03-21 11:12:23,968 [INFO] Gemini model initialized successfully
2025-03-21 11:12:25,089 [INFO] Using Supabase URL: https://ljrlwlsqivyghpshguee.supabase.co
2025-03-21 11:12:25,091 [INFO] API Key found (masked): eyJh********************************************************************************************************************************************************************************************************K5Tg
2025-03-21 11:12:25,093 [INFO] Supabase username and password found in environment variables
2025-03-21 11:12:25,330 [INFO] Supabase client initialized successfully
2025-03-21 11:12:25,620 [INFO] Successfully created Supabase client
2025-03-21 11:12:26,499 [INFO] HTTP Request: GET https://ljrlwlsqivyghpshguee.supabase.co/rest/v1/Users?select=count&limit=1 "HTTP/2 200 OK"
2025-03-21 11:12:26,505 [INFO] Successfully connected to Supabase
2025-03-21 11:12:26,506 [INFO] Successfully connected to Supabase at startup
2025-03-21 11:12:49,021 [INFO] Scrape request received: Query='bitcoin', Num URLs=10
2025-03-21 11:12:49,021 [INFO] Starting collection process for query: 'bitcoin'
2025-03-21 11:12:49,022 [INFO] Desired article count: 10
2025-03-21 11:12:50,613 [INFO] Google Search API returned 10 URLs
2025-03-21 11:12:50,614 [INFO] Blocked domain detected: www.reddit.com
2025-03-21 11:12:50,615 [INFO] Blocked domain detected: en.wikipedia.org
2025-03-21 11:12:50,616 [INFO] Filtered 2 blocked domains
2025-03-21 11:12:50,616 [INFO] Fetching robots.txt from https://bitcoin.org/robots.txt
2025-03-21 11:12:50,706 [INFO] Fetching robots.txt from https://www.bitcoin.com/robots.txt
2025-03-21 11:12:50,845 [INFO] Fetching robots.txt from https://coinmarketcap.com/robots.txt
2025-03-21 11:12:51,018 [INFO] Fetching robots.txt from https://www.ussc.gov/robots.txt
2025-03-21 11:12:52,478 [INFO] Fetching robots.txt from https://www.whitehouse.gov/robots.txt
2025-03-21 11:12:53,220 [INFO] Fetching robots.txt from https://ccaf.io/robots.txt
2025-03-21 11:12:53,644 [INFO] Non-200 response from https://ccaf.io/robots.txt: 404
2025-03-21 11:12:53,646 [INFO] Skipping https://ccaf.io/cbnsi/cbeci as robots.txt could not be fetched.
2025-03-21 11:12:53,646 [INFO] Fetching robots.txt from https://finance.yahoo.com/robots.txt
2025-03-21 11:12:54,505 [INFO] Fetching robots.txt from https://www.whitehouse.gov/robots.txt
2025-03-21 11:12:54,942 [INFO] Collected 8 unique URLs so far
2025-03-21 11:12:57,549 [INFO] Google Search API returned 10 URLs
2025-03-21 11:12:57,550 [INFO] Filtered 0 blocked domains
2025-03-21 11:12:57,551 [INFO] Fetching robots.txt from https://github.com/robots.txt
2025-03-21 11:12:57,990 [INFO] Fetching robots.txt from https://www.cmegroup.com/robots.txt
2025-03-21 11:13:03,259 [INFO] Timeout occurred while fetching https://www.cmegroup.com/robots.txt
2025-03-21 11:13:03,260 [INFO] Skipping https://www.cmegroup.com/markets/cryptocurrencies/bitcoin/bitcoin.html as robots.txt could not be fetched.
2025-03-21 11:13:03,261 [INFO] Fetching robots.txt from https://bitcoincore.org/robots.txt
2025-03-21 11:13:04,131 [INFO] Fetching robots.txt from https://en.bitcoin.it/robots.txt
2025-03-21 11:13:04,204 [INFO] Fetching robots.txt from https://digiconomist.net/robots.txt
2025-03-21 11:13:05,249 [INFO] Fetching robots.txt from https://play.google.com/robots.txt
2025-03-21 11:13:05,616 [INFO] Fetching robots.txt from https://www.investopedia.com/robots.txt
2025-03-21 11:13:06,050 [INFO] Fetching robots.txt from https://www.cftc.gov/robots.txt
2025-03-21 11:13:07,107 [INFO] Fetching robots.txt from https://www.coinbase.com/robots.txt
2025-03-21 11:13:07,507 [INFO] Fetching robots.txt from https://www.congress.gov/robots.txt
2025-03-21 11:13:07,571 [INFO] Non-200 response from https://www.congress.gov/robots.txt: 403
2025-03-21 11:13:07,572 [INFO] Skipping https://www.congress.gov/bill/118th-congress/senate-bill/4912/text as robots.txt could not be fetched.
2025-03-21 11:13:07,572 [INFO] Collected 18 unique URLs so far
2025-03-21 11:13:10,155 [INFO] Google Search API returned 10 URLs
2025-03-21 11:13:10,156 [INFO] Blocked domain detected: x.com
2025-03-21 11:13:10,157 [INFO] Filtered 1 blocked domains
2025-03-21 11:13:10,158 [INFO] Fetching robots.txt from https://www.usenix.org/robots.txt
2025-03-21 11:13:11,255 [INFO] Fetching robots.txt from https://le.utah.gov/robots.txt
2025-03-21 11:13:16,258 [INFO] Timeout occurred while fetching https://le.utah.gov/robots.txt
2025-03-21 11:13:16,259 [INFO] Skipping https://le.utah.gov/~2025/bills/static/HB0230.html as robots.txt could not be fetched.
2025-03-21 11:13:16,260 [INFO] Fetching robots.txt from https://oksenate.gov/robots.txt
2025-03-21 11:13:17,151 [INFO] Fetching robots.txt from https://www.fidelitycharitable.org/robots.txt
2025-03-21 11:13:19,954 [INFO] Fetching robots.txt from https://www.santamonica.gov/robots.txt
2025-03-21 11:13:20,759 [INFO] Non-200 response from https://www.santamonica.gov/robots.txt: 404
2025-03-21 11:13:20,760 [INFO] Skipping https://www.santamonica.gov/programs/bitcoin-office as robots.txt could not be fetched.
2025-03-21 11:13:20,761 [INFO] Fetching robots.txt from https://www.blockchain.com/robots.txt
2025-03-21 11:13:21,942 [INFO] Fetching robots.txt from https://www.coindesk.com/robots.txt
2025-03-21 11:13:22,296 [INFO] Fetching robots.txt from https://www.binance.com/robots.txt
2025-03-21 11:13:22,671 [INFO] Fetching robots.txt from https://b.tc/robots.txt
2025-03-21 11:13:24,384 [INFO] Non-200 response from https://b.tc/robots.txt: 404
2025-03-21 11:13:24,385 [INFO] Skipping https://b.tc/conference/ as robots.txt could not be fetched.
2025-03-21 11:13:24,385 [INFO] Collected 27 unique URLs so far
2025-03-21 11:13:24,385 [INFO] Limited URL collection to 20
2025-03-21 11:13:24,385 [INFO] Scraping content from 20 collected URLs...
2025-03-21 11:13:25,882 [INFO] newspaper3k extracted low-quality content from https://digiconomist.net/bitcoin-energy-consumption/, trying BeautifulSoup
2025-03-21 11:13:26,623 [ERROR] Decoding error for https://www.cftc.gov/sites/default/files/2019-12/oceo_bitcoinbasics0218.pdf: 'utf-8' codec can't decode byte 0xe2 in position 10: invalid continuation byte
2025-03-21 11:13:27,431 [ERROR] Access denied to https://www.coinbase.com/: HTTP 403 Forbidden.
2025-03-21 11:13:28,897 [INFO] Article at https://play.google.com/store/apps/details?id=de.schildbach.wallet&hl=en_US has insufficient content after processing.
2025-03-21 11:13:29,936 [INFO] newspaper3k extracted low-quality content from https://www.bitcoin.com/, trying BeautifulSoup
2025-03-21 11:13:30,053 [ERROR] Access denied to https://www.congress.gov/bill/118th-congress/senate-bill/4912/text: HTTP 403 Forbidden.
2025-03-21 11:13:30,436 [INFO] newspaper3k extracted low-quality content from https://ccaf.io/cbnsi/cbeci, trying BeautifulSoup
2025-03-21 11:13:30,446 [INFO] Failed to extract meaningful content from https://ccaf.io/cbnsi/cbeci
2025-03-21 11:13:31,570 [INFO] newspaper3k extracted low-quality content from https://bitcoincore.org/, trying BeautifulSoup
2025-03-21 11:13:31,617 [INFO] Failed to extract meaningful content from https://bitcoincore.org/
2025-03-21 11:13:32,643 [WARNING] Error fetching article at https://finance.yahoo.com/quote/BTC-USD/: 400, message='Got more than 8190 bytes (23488) when reading Header value is too long.', url='https://finance.yahoo.com/quote/BTC-USD/'. Retrying in 1.5s (1/3)...
2025-03-21 11:13:34,784 [ERROR] Decoding error for https://www.usenix.org/system/files/conference/nsdi16/nsdi16-paper-eyal.pdf: 'utf-8' codec can't decode byte 0xe2 in position 10: invalid continuation byte
2025-03-21 11:13:35,502 [INFO] newspaper3k extracted low-quality content from https://bitcoin.org/, trying BeautifulSoup
2025-03-21 11:13:35,521 [INFO] Failed to extract meaningful content from https://bitcoin.org/
2025-03-21 11:13:36,882 [WARNING] Error fetching article at https://finance.yahoo.com/quote/BTC-USD/: 400, message='Got more than 8190 bytes (22051) when reading Header value is too long.', url='https://finance.yahoo.com/quote/BTC-USD/'. Retrying in 3.0s (2/3)...
2025-03-21 11:13:38,769 [ERROR] Decoding error for https://www.ussc.gov/sites/default/files/pdf/training/annual-national-training-seminar/2018/Emerging_Tech_Bitcoin_Crypto.pdf: 'utf-8' codec can't decode byte 0xe2 in position 10: invalid continuation byte
2025-03-21 11:13:40,260 [WARNING] Error fetching article at https://le.utah.gov/~2025/bills/static/HB0230.html: . Retrying in 1.5s (1/3)...
2025-03-21 11:13:41,438 [ERROR] Max retries reached for https://finance.yahoo.com/quote/BTC-USD/: 400, message='Got more than 8190 bytes (23488) when reading Header value is too long.', url='https://finance.yahoo.com/quote/BTC-USD/'
2025-03-21 11:13:57,247 [WARNING] Error fetching article at https://le.utah.gov/~2025/bills/static/HB0230.html: . Retrying in 3.0s (2/3)...
2025-03-21 11:14:16,259 [ERROR] Max retries reached for https://le.utah.gov/~2025/bills/static/HB0230.html: 
2025-03-21 11:14:16,261 [INFO] Article 'Bitcoin Energy Consumption Index' added to valid articles.
2025-03-21 11:14:16,262 [INFO] Article 'ESTABLISHMENT OF THE STRATEGIC BITCOIN RESERVE AND UNITED STATES DIGITAL ASSET STOCKPILE' added to valid articles.
2025-03-21 11:14:16,263 [INFO] Article 'bitcoin/bitcoin: Bitcoin Core integration/staging tree' added to valid articles.
2025-03-21 11:14:16,263 [INFO] Article 'Bitcoin Overview' added to valid articles.
2025-03-21 11:14:16,263 [INFO] Article 'Buy Bitcoin & cryptocurrency' added to valid articles.
2025-03-21 11:14:16,264 [INFO] Article 'What Is Bitcoin? How To Buy, Mine, and Use It' added to valid articles.
2025-03-21 11:14:16,265 [INFO] Article 'Bitcoin price today, BTC to USD live price, marketcap and chart' added to valid articles.
2025-03-21 11:14:16,265 [INFO] Article 'Bitcoin Wiki' added to valid articles.
2025-03-21 11:14:16,265 [INFO] Article 'Fact Sheet: President Donald J. Trump Establishes the Strategic Bitcoin Reserve and U.S. Digital Asset Stockpile' added to valid articles.
2025-03-21 11:14:16,318 [INFO] Formatted content for summarization with 8933 words
2025-03-21 11:14:16,332 [INFO] Summarizing chunk 1/16
2025-03-21 11:14:17,954 [INFO] Summarizing chunk 2/16
2025-03-21 11:14:18,744 [INFO] Summarizing chunk 3/16
2025-03-21 11:14:19,536 [INFO] Summarizing chunk 4/16
2025-03-21 11:14:20,270 [INFO] Summarizing chunk 5/16
2025-03-21 11:14:21,010 [INFO] Summarizing chunk 6/16
2025-03-21 11:14:21,751 [INFO] Summarizing chunk 7/16
2025-03-21 11:14:22,293 [INFO] Summarizing chunk 8/16
2025-03-21 11:14:23,041 [INFO] Summarizing chunk 9/16
2025-03-21 11:14:23,826 [WARNING] Gemini generated a short summary (0 words), using fallback
2025-03-21 11:14:23,827 [INFO] Using extractive summarization fallback
2025-03-21 11:14:23,828 [INFO] Summarizing chunk 10/16
2025-03-21 11:14:24,609 [INFO] Summarizing chunk 11/16
2025-03-21 11:14:25,206 [INFO] Summarizing chunk 12/16
2025-03-21 11:14:25,876 [INFO] Summarizing chunk 13/16
2025-03-21 11:14:26,899 [INFO] Summarizing chunk 14/16
2025-03-21 11:14:27,649 [INFO] Summarizing chunk 15/16
2025-03-21 11:14:28,311 [INFO] Summarizing chunk 16/16
2025-03-21 11:14:29,093 [ERROR] Error in Gemini summarization: 429 Resource has been exhausted (e.g. check quota).
2025-03-21 11:14:29,094 [INFO] Falling back to extractive summarization
2025-03-21 11:14:29,095 [INFO] Using extractive summarization fallback
2025-03-21 11:14:29,096 [INFO] Summarization completed in 12.77 seconds
2025-03-21 11:14:29,097 [INFO] Generated summary with 247 words.
2025-03-21 11:14:29,097 [WARNING] Generated summary is too short (247 words). Attempting to regenerate.
2025-03-21 11:14:29,098 [ERROR] Regeneration of summary failed: summarize_with_gemini() got an unexpected keyword argument 'article_count'
2025-03-21 11:14:33,221 [INFO] HTTP Request: POST https://api.elevenlabs.io/v1/text-to-speech/JBFqnCBsd6RMkjVDRZzb/stream "HTTP/1.1 200 OK"
2025-03-21 11:14:56,168 [INFO] Audio has been downloaded and saved as output_audio.mp3
2025-03-21 11:14:59,452 [INFO] Audio speed increased and saved as output_audio_fast.mp3
2025-03-21 11:14:59,453 [ERROR] Failed to write output to file: name 'output_file' is not defined
2025-03-21 11:15:00,740 [INFO] HTTP Request: POST https://ljrlwlsqivyghpshguee.supabase.co/rest/v1/Queries "HTTP/2 201 Created"
2025-03-21 11:17:07,904 [INFO] Configuration loaded successfully.
2025-03-21 11:17:08,512 [INFO] Gemini model initialized successfully
2025-03-21 12:04:30,326 [INFO] Configuration loaded successfully
2025-03-21 12:04:31,596 [INFO] Gemini model initialized successfully
2025-03-21 12:04:33,281 [INFO] Using Supabase URL: https://ljrlwlsqivyghpshguee.supabase.co
2025-03-21 12:04:33,283 [INFO] API Key found (masked): eyJh********************************************************************************************************************************************************************************************************K5Tg
2025-03-21 12:04:33,287 [INFO] Supabase username and password found in environment variables
2025-03-21 12:04:33,981 [INFO] Supabase client initialized successfully
2025-03-21 12:04:34,448 [INFO] Successfully created Supabase client
2025-03-21 12:04:35,789 [INFO] HTTP Request: GET https://ljrlwlsqivyghpshguee.supabase.co/rest/v1/Users?select=count&limit=1 "HTTP/2 200 OK"
2025-03-21 12:04:35,811 [INFO] Successfully connected to Supabase
2025-03-21 12:04:35,816 [INFO] Successfully connected to Supabase at startup
2025-03-21 12:04:49,182 [INFO] Configuration loaded successfully
2025-03-21 12:04:50,488 [INFO] Gemini model initialized successfully
2025-03-21 12:04:52,093 [INFO] Using Supabase URL: https://ljrlwlsqivyghpshguee.supabase.co
2025-03-21 12:04:52,094 [INFO] API Key found (masked): eyJh********************************************************************************************************************************************************************************************************K5Tg
2025-03-21 12:04:52,096 [INFO] Supabase username and password found in environment variables
2025-03-21 12:04:52,502 [INFO] Supabase client initialized successfully
2025-03-21 12:04:52,921 [INFO] Successfully created Supabase client
2025-03-21 12:04:53,650 [INFO] HTTP Request: GET https://ljrlwlsqivyghpshguee.supabase.co/rest/v1/Users?select=count&limit=1 "HTTP/2 200 OK"
2025-03-21 12:04:53,663 [INFO] Successfully connected to Supabase
2025-03-21 12:04:53,664 [INFO] Successfully connected to Supabase at startup
2025-03-21 12:05:20,697 [INFO] Scrape request received: Query='bitcoin', Num URLs=10
2025-03-21 12:05:20,698 [INFO] Starting collection process for query: 'bitcoin'
2025-03-21 12:05:20,699 [INFO] Desired article count: 10
2025-03-21 12:05:22,281 [INFO] Google Search API returned 10 URLs
2025-03-21 12:05:22,283 [INFO] Blocked domain detected: www.reddit.com
2025-03-21 12:05:22,284 [INFO] Blocked domain detected: en.wikipedia.org
2025-03-21 12:05:22,285 [INFO] Filtered 2 blocked domains
2025-03-21 12:05:22,286 [INFO] Fetching robots.txt from https://bitcoin.org/robots.txt
2025-03-21 12:05:22,367 [INFO] Fetching robots.txt from https://www.bitcoin.com/robots.txt
2025-03-21 12:05:22,452 [INFO] Fetching robots.txt from https://coinmarketcap.com/robots.txt
2025-03-21 12:05:23,576 [INFO] Fetching robots.txt from https://www.ussc.gov/robots.txt
2025-03-21 12:05:25,149 [INFO] Fetching robots.txt from https://finance.yahoo.com/robots.txt
2025-03-21 12:05:26,132 [INFO] Fetching robots.txt from https://www.whitehouse.gov/robots.txt
2025-03-21 12:05:26,751 [INFO] Fetching robots.txt from https://ccaf.io/robots.txt
2025-03-21 12:05:27,030 [INFO] Non-200 response from https://ccaf.io/robots.txt: 404
2025-03-21 12:05:27,032 [INFO] Skipping https://ccaf.io/cbnsi/cbeci as robots.txt could not be fetched.
2025-03-21 12:05:27,033 [INFO] Fetching robots.txt from https://www.whitehouse.gov/robots.txt
2025-03-21 12:05:27,637 [INFO] Collected 8 unique URLs so far
2025-03-21 12:05:30,223 [INFO] Google Search API returned 10 URLs
2025-03-21 12:05:30,224 [INFO] Filtered 0 blocked domains
2025-03-21 12:05:30,224 [INFO] Fetching robots.txt from https://github.com/robots.txt
2025-03-21 12:05:30,896 [INFO] Fetching robots.txt from https://www.cmegroup.com/robots.txt
2025-03-21 12:05:36,313 [INFO] Timeout occurred while fetching https://www.cmegroup.com/robots.txt
2025-03-21 12:05:36,315 [INFO] Skipping https://www.cmegroup.com/markets/cryptocurrencies/bitcoin/bitcoin.html as robots.txt could not be fetched.
2025-03-21 12:05:36,320 [INFO] Fetching robots.txt from https://bitcoincore.org/robots.txt
2025-03-21 12:05:37,047 [INFO] Fetching robots.txt from https://en.bitcoin.it/robots.txt
2025-03-21 12:05:37,123 [INFO] Fetching robots.txt from https://digiconomist.net/robots.txt
2025-03-21 12:05:38,240 [INFO] Fetching robots.txt from https://play.google.com/robots.txt
2025-03-21 12:05:38,638 [INFO] Fetching robots.txt from https://www.investopedia.com/robots.txt
2025-03-21 12:05:39,210 [INFO] Fetching robots.txt from https://www.cftc.gov/robots.txt
2025-03-21 12:05:40,269 [INFO] Fetching robots.txt from https://www.coinbase.com/robots.txt
2025-03-21 12:05:40,658 [INFO] Fetching robots.txt from https://www.congress.gov/robots.txt
2025-03-21 12:05:40,743 [INFO] Non-200 response from https://www.congress.gov/robots.txt: 403
2025-03-21 12:05:40,743 [INFO] Skipping https://www.congress.gov/bill/118th-congress/senate-bill/4912/text as robots.txt could not be fetched.
2025-03-21 12:05:40,745 [INFO] Collected 18 unique URLs so far
2025-03-21 12:05:43,449 [INFO] Google Search API returned 10 URLs
2025-03-21 12:05:43,450 [INFO] Blocked domain detected: x.com
2025-03-21 12:05:43,451 [INFO] Filtered 1 blocked domains
2025-03-21 12:05:43,451 [INFO] Fetching robots.txt from https://www.usenix.org/robots.txt
2025-03-21 12:05:44,604 [INFO] Fetching robots.txt from https://le.utah.gov/robots.txt
2025-03-21 12:05:50,328 [INFO] Timeout occurred while fetching https://le.utah.gov/robots.txt
2025-03-21 12:05:50,329 [INFO] Skipping https://le.utah.gov/~2025/bills/static/HB0230.html as robots.txt could not be fetched.
2025-03-21 12:05:50,331 [INFO] Fetching robots.txt from https://oksenate.gov/robots.txt
2025-03-21 12:05:51,301 [INFO] Fetching robots.txt from https://www.fidelitycharitable.org/robots.txt
2025-03-21 12:05:53,355 [INFO] Fetching robots.txt from https://www.santamonica.gov/robots.txt
2025-03-21 12:05:54,236 [INFO] Non-200 response from https://www.santamonica.gov/robots.txt: 404
2025-03-21 12:05:54,237 [INFO] Skipping https://www.santamonica.gov/programs/bitcoin-office as robots.txt could not be fetched.
2025-03-21 12:05:54,238 [INFO] Fetching robots.txt from https://www.blockchain.com/robots.txt
2025-03-21 12:05:54,319 [INFO] Fetching robots.txt from https://www.coindesk.com/robots.txt
2025-03-21 12:05:54,681 [INFO] Fetching robots.txt from https://www.binance.com/robots.txt
2025-03-21 12:05:55,127 [INFO] Fetching robots.txt from https://b.tc/robots.txt
2025-03-21 12:05:56,630 [INFO] Non-200 response from https://b.tc/robots.txt: 404
2025-03-21 12:05:56,632 [INFO] Skipping https://b.tc/conference/ as robots.txt could not be fetched.
2025-03-21 12:05:56,633 [INFO] Collected 27 unique URLs so far
2025-03-21 12:05:56,634 [INFO] Limited URL collection to 20
2025-03-21 12:05:56,635 [INFO] Scraping content from 20 collected URLs...
2025-03-21 12:06:02,457 [INFO] newspaper3k extracted low-quality content from https://bitcoincore.org/, trying BeautifulSoup
2025-03-21 12:06:02,497 [INFO] Failed to extract meaningful content from https://bitcoincore.org/
2025-03-21 12:06:03,672 [INFO] newspaper3k extracted low-quality content from https://ccaf.io/cbnsi/cbeci, trying BeautifulSoup
2025-03-21 12:06:03,699 [INFO] Failed to extract meaningful content from https://ccaf.io/cbnsi/cbeci
2025-03-21 12:06:04,606 [INFO] newspaper3k extracted low-quality content from https://bitcoin.org/, trying BeautifulSoup
2025-03-21 12:06:04,641 [INFO] Failed to extract meaningful content from https://bitcoin.org/
2025-03-21 12:06:04,645 [ERROR] Decoding error for https://www.usenix.org/system/files/conference/nsdi16/nsdi16-paper-eyal.pdf: 'utf-8' codec can't decode byte 0xe2 in position 10: invalid continuation byte
2025-03-21 12:06:07,348 [ERROR] Decoding error for https://www.cftc.gov/sites/default/files/2019-12/oceo_bitcoinbasics0218.pdf: 'utf-8' codec can't decode byte 0xe2 in position 10: invalid continuation byte
2025-03-21 12:06:09,931 [WARNING] Error fetching article at https://finance.yahoo.com/quote/BTC-USD/: 400, message='Got more than 8190 bytes (23488) when reading Header value is too long.', url='https://finance.yahoo.com/quote/BTC-USD/'. Retrying in 1.5s (1/3)...
2025-03-21 12:06:09,971 [ERROR] Access denied to https://www.coinbase.com/: HTTP 403 Forbidden.
2025-03-21 12:06:11,599 [INFO] newspaper3k extracted low-quality content from https://digiconomist.net/bitcoin-energy-consumption/, trying BeautifulSoup
2025-03-21 12:06:13,911 [INFO] newspaper3k extracted low-quality content from https://www.bitcoin.com/, trying BeautifulSoup
2025-03-21 12:06:14,085 [ERROR] Access denied to https://www.congress.gov/bill/118th-congress/senate-bill/4912/text: HTTP 403 Forbidden.
2025-03-21 12:06:15,201 [INFO] Article at https://play.google.com/store/apps/details?id=de.schildbach.wallet&hl=en_US has insufficient content after processing.
2025-03-21 12:06:16,282 [ERROR] Decoding error for https://www.ussc.gov/sites/default/files/pdf/training/annual-national-training-seminar/2018/Emerging_Tech_Bitcoin_Crypto.pdf: 'utf-8' codec can't decode byte 0xe2 in position 10: invalid continuation byte
2025-03-21 12:06:16,764 [WARNING] Error fetching article at https://finance.yahoo.com/quote/BTC-USD/: 400, message='Got more than 8190 bytes (12951) when reading Header value is too long.', url='https://finance.yahoo.com/quote/BTC-USD/'. Retrying in 3.0s (2/3)...
2025-03-21 12:06:20,310 [WARNING] Error fetching article at https://le.utah.gov/~2025/bills/static/HB0230.html: . Retrying in 1.5s (1/3)...
2025-03-21 12:06:21,199 [ERROR] Max retries reached for https://finance.yahoo.com/quote/BTC-USD/: 400, message='Got more than 8190 bytes (22051) when reading Header value is too long.', url='https://finance.yahoo.com/quote/BTC-USD/'
2025-03-21 12:06:37,319 [WARNING] Error fetching article at https://le.utah.gov/~2025/bills/static/HB0230.html: . Retrying in 3.0s (2/3)...
2025-03-21 12:06:56,319 [ERROR] Max retries reached for https://le.utah.gov/~2025/bills/static/HB0230.html: 
2025-03-21 12:06:56,323 [INFO] Article 'Bitcoin price today, BTC to USD live price, marketcap and chart' added to valid articles.
2025-03-21 12:06:56,324 [INFO] Article 'ESTABLISHMENT OF THE STRATEGIC BITCOIN RESERVE AND UNITED STATES DIGITAL ASSET STOCKPILE' added to valid articles.
2025-03-21 12:06:56,325 [INFO] Article 'Bitcoin Overview' added to valid articles.
2025-03-21 12:06:56,326 [INFO] Article 'What Is Bitcoin? How To Buy, Mine, and Use It' added to valid articles.
2025-03-21 12:06:56,327 [INFO] Article 'Bitcoin Wiki' added to valid articles.
2025-03-21 12:06:56,327 [INFO] Article 'Fact Sheet: President Donald J. Trump Establishes the Strategic Bitcoin Reserve and U.S. Digital Asset Stockpile' added to valid articles.
2025-03-21 12:06:56,329 [INFO] Article 'Bitcoin Energy Consumption Index' added to valid articles.
2025-03-21 12:06:56,330 [INFO] Article 'bitcoin/bitcoin: Bitcoin Core integration/staging tree' added to valid articles.
2025-03-21 12:06:56,330 [INFO] Article 'Buy Bitcoin & cryptocurrency' added to valid articles.
2025-03-21 12:06:56,417 [INFO] Formatted content for summarization with 8933 words
2025-03-21 12:06:56,450 [INFO] Summarizing chunk 1/16
2025-03-21 12:06:58,066 [INFO] Summarizing chunk 2/16
2025-03-21 12:06:59,297 [INFO] Summarizing chunk 3/16
2025-03-21 12:07:00,625 [INFO] Summarizing chunk 4/16
2025-03-21 12:07:01,400 [INFO] Summarizing chunk 5/16
2025-03-21 12:07:02,667 [INFO] Summarizing chunk 6/16
2025-03-21 12:07:03,798 [INFO] Summarizing chunk 7/16
2025-03-21 12:07:04,895 [INFO] Summarizing chunk 8/16
2025-03-21 12:07:06,046 [INFO] Summarizing chunk 9/16
2025-03-21 12:07:07,118 [INFO] Summarizing chunk 10/16
2025-03-21 12:07:08,207 [INFO] Summarizing chunk 11/16
2025-03-21 12:07:09,556 [INFO] Summarizing chunk 12/16
2025-03-21 12:07:10,860 [INFO] Summarizing chunk 13/16
2025-03-21 12:07:12,092 [INFO] Summarizing chunk 14/16
2025-03-21 12:07:13,369 [INFO] Summarizing chunk 15/16
2025-03-21 12:07:14,445 [INFO] Summarizing chunk 16/16
2025-03-21 12:07:15,560 [ERROR] Error in Gemini summarization: 429 Resource has been exhausted (e.g. check quota).
2025-03-21 12:07:15,561 [INFO] Falling back to extractive summarization
2025-03-21 12:07:15,562 [INFO] Using extractive summarization fallback
2025-03-21 12:07:15,567 [INFO] Summarization completed in 19.12 seconds
2025-03-21 12:07:15,568 [INFO] Generated summary with 321 words.
2025-03-21 12:07:25,727 [INFO] Final summary translated to ur
2025-03-21 12:07:25,729 [INFO] Truncating text for TTS to 400 words (was 504 words)
2025-03-21 12:07:26,731 [INFO] HTTP Request: POST https://api.elevenlabs.io/v1/text-to-speech/JBFqnCBsd6RMkjVDRZzb/stream "HTTP/1.1 401 Unauthorized"
2025-03-21 12:07:26,734 [ERROR] Text-to-speech conversion failed: status_code: 401, body: {'detail': {'status': 'quota_exceeded', 'message': 'This request exceeds your quota of 10000. You have 31 credits remaining, while 1931 credits are required for this request.'}}
2025-03-21 12:07:26,739 [INFO] Data written to output.json.
2025-03-21 12:07:28,063 [INFO] HTTP Request: POST https://ljrlwlsqivyghpshguee.supabase.co/rest/v1/Queries "HTTP/2 201 Created"
2025-03-21 13:22:21,786 [INFO] Configuration loaded successfully
2025-03-21 13:22:22,910 [INFO] Gemini model initialized successfully
2025-03-21 13:22:24,718 [INFO] Using Supabase URL: https://ljrlwlsqivyghpshguee.supabase.co
2025-03-21 13:22:24,719 [INFO] API Key found (masked): eyJh********************************************************************************************************************************************************************************************************K5Tg
2025-03-21 13:22:24,719 [INFO] Supabase username and password found in environment variables
2025-03-21 13:22:25,172 [INFO] Supabase client initialized successfully
2025-03-21 13:22:25,503 [INFO] Successfully created Supabase client
2025-03-21 13:22:26,838 [INFO] HTTP Request: GET https://ljrlwlsqivyghpshguee.supabase.co/rest/v1/Users?select=count&limit=1 "HTTP/2 200 OK"
2025-03-21 13:22:26,854 [INFO] Successfully connected to Supabase
2025-03-21 13:22:26,856 [INFO] Successfully connected to Supabase at startup
2025-03-21 13:23:03,040 [INFO] Scrape request received: Query='bitcoin', Num URLs=10
2025-03-21 13:23:03,042 [INFO] Starting collection process for query: 'bitcoin'
2025-03-21 13:23:03,043 [INFO] Desired article count: 10
2025-03-21 13:23:04,731 [INFO] Google Search API returned 10 URLs
2025-03-21 13:23:04,733 [INFO] Blocked domain detected: www.reddit.com
2025-03-21 13:23:04,734 [INFO] Blocked domain detected: en.wikipedia.org
2025-03-21 13:23:04,735 [INFO] Filtered 2 blocked domains
2025-03-21 13:23:04,736 [INFO] Fetching robots.txt from https://bitcoin.org/robots.txt
2025-03-21 13:23:04,805 [INFO] Fetching robots.txt from https://coinmarketcap.com/robots.txt
2025-03-21 13:23:05,475 [INFO] Fetching robots.txt from https://www.bitcoin.com/robots.txt
2025-03-21 13:23:05,553 [INFO] Fetching robots.txt from https://www.ussc.gov/robots.txt
2025-03-21 13:23:07,500 [INFO] Fetching robots.txt from https://finance.yahoo.com/robots.txt
2025-03-21 13:23:08,392 [INFO] Fetching robots.txt from https://ccaf.io/robots.txt
2025-03-21 13:23:09,040 [INFO] Non-200 response from https://ccaf.io/robots.txt: 404
2025-03-21 13:23:09,042 [INFO] Skipping https://ccaf.io/cbnsi/cbeci as robots.txt could not be fetched.
2025-03-21 13:23:09,043 [INFO] Fetching robots.txt from https://www.whitehouse.gov/robots.txt
2025-03-21 13:23:09,754 [INFO] Fetching robots.txt from https://github.com/robots.txt
2025-03-21 13:23:10,256 [INFO] Collected 8 unique URLs so far
2025-03-21 13:23:12,924 [INFO] Google Search API returned 10 URLs
2025-03-21 13:23:12,926 [INFO] Filtered 0 blocked domains
2025-03-21 13:23:12,927 [INFO] Fetching robots.txt from https://www.whitehouse.gov/robots.txt
2025-03-21 13:23:13,534 [INFO] Fetching robots.txt from https://www.cmegroup.com/robots.txt
2025-03-21 13:23:19,325 [INFO] Timeout occurred while fetching https://www.cmegroup.com/robots.txt
2025-03-21 13:23:19,326 [INFO] Skipping https://www.cmegroup.com/markets/cryptocurrencies/bitcoin/bitcoin.html as robots.txt could not be fetched.
2025-03-21 13:23:19,327 [INFO] Fetching robots.txt from https://bitcoincore.org/robots.txt
2025-03-21 13:23:20,495 [INFO] Fetching robots.txt from https://en.bitcoin.it/robots.txt
2025-03-21 13:23:20,842 [INFO] Fetching robots.txt from https://digiconomist.net/robots.txt
2025-03-21 13:23:22,445 [INFO] Fetching robots.txt from https://play.google.com/robots.txt
2025-03-21 13:23:22,812 [INFO] Fetching robots.txt from https://www.investopedia.com/robots.txt
2025-03-21 13:23:23,263 [INFO] Fetching robots.txt from https://www.cftc.gov/robots.txt
2025-03-21 13:23:24,288 [INFO] Fetching robots.txt from https://www.coinbase.com/robots.txt
2025-03-21 13:23:24,695 [INFO] Fetching robots.txt from https://www.congress.gov/robots.txt
2025-03-21 13:23:24,759 [INFO] Non-200 response from https://www.congress.gov/robots.txt: 403
2025-03-21 13:23:24,760 [INFO] Skipping https://www.congress.gov/bill/118th-congress/senate-bill/4912/text as robots.txt could not be fetched.
2025-03-21 13:23:24,761 [INFO] Collected 18 unique URLs so far
2025-03-21 13:23:27,422 [INFO] Google Search API returned 10 URLs
2025-03-21 13:23:27,424 [INFO] Blocked domain detected: x.com
2025-03-21 13:23:27,425 [INFO] Filtered 1 blocked domains
2025-03-21 13:23:27,426 [INFO] Fetching robots.txt from https://www.usenix.org/robots.txt
2025-03-21 13:23:28,894 [INFO] Fetching robots.txt from https://le.utah.gov/robots.txt
2025-03-21 13:23:34,328 [INFO] Timeout occurred while fetching https://le.utah.gov/robots.txt
2025-03-21 13:23:34,329 [INFO] Skipping https://le.utah.gov/~2025/bills/static/HB0230.html as robots.txt could not be fetched.
2025-03-21 13:23:34,329 [INFO] Fetching robots.txt from https://oksenate.gov/robots.txt
2025-03-21 13:23:35,243 [INFO] Fetching robots.txt from https://www.fidelitycharitable.org/robots.txt
2025-03-21 13:23:38,112 [INFO] Fetching robots.txt from https://www.santamonica.gov/robots.txt
2025-03-21 13:23:38,930 [INFO] Non-200 response from https://www.santamonica.gov/robots.txt: 404
2025-03-21 13:23:38,931 [INFO] Skipping https://www.santamonica.gov/programs/bitcoin-office as robots.txt could not be fetched.
2025-03-21 13:23:38,932 [INFO] Fetching robots.txt from https://www.blockchain.com/robots.txt
2025-03-21 13:23:41,389 [INFO] Fetching robots.txt from https://www.coindesk.com/robots.txt
2025-03-21 13:23:41,725 [INFO] Fetching robots.txt from https://www.binance.com/robots.txt
2025-03-21 13:23:42,144 [INFO] Fetching robots.txt from https://b.tc/robots.txt
2025-03-21 13:23:43,334 [INFO] Non-200 response from https://b.tc/robots.txt: 404
2025-03-21 13:23:43,336 [INFO] Skipping https://b.tc/conference/ as robots.txt could not be fetched.
2025-03-21 13:23:43,338 [INFO] Collected 27 unique URLs so far
2025-03-21 13:23:43,338 [INFO] Limited URL collection to 20
2025-03-21 13:23:43,339 [INFO] Scraping content from 20 collected URLs...
2025-03-21 13:23:43,827 [INFO] newspaper3k extracted low-quality content from https://www.bitcoin.com/, trying BeautifulSoup
2025-03-21 13:23:44,904 [INFO] newspaper3k extracted low-quality content from https://ccaf.io/cbnsi/cbeci, trying BeautifulSoup
2025-03-21 13:23:44,917 [INFO] Failed to extract meaningful content from https://ccaf.io/cbnsi/cbeci
2025-03-21 13:23:46,751 [INFO] newspaper3k extracted low-quality content from https://bitcoincore.org/, trying BeautifulSoup
2025-03-21 13:23:46,789 [INFO] Failed to extract meaningful content from https://bitcoincore.org/
2025-03-21 13:23:47,042 [ERROR] Decoding error for https://www.usenix.org/system/files/conference/nsdi16/nsdi16-paper-eyal.pdf: 'utf-8' codec can't decode byte 0xe2 in position 10: invalid continuation byte
2025-03-21 13:23:48,928 [INFO] newspaper3k extracted low-quality content from https://bitcoin.org/, trying BeautifulSoup
2025-03-21 13:23:48,966 [INFO] Failed to extract meaningful content from https://bitcoin.org/
2025-03-21 13:23:51,182 [ERROR] Decoding error for https://www.cftc.gov/sites/default/files/2019-12/oceo_bitcoinbasics0218.pdf: 'utf-8' codec can't decode byte 0xe2 in position 10: invalid continuation byte
2025-03-21 13:23:53,460 [ERROR] Decoding error for https://www.ussc.gov/sites/default/files/pdf/training/annual-national-training-seminar/2018/Emerging_Tech_Bitcoin_Crypto.pdf: 'utf-8' codec can't decode byte 0xe2 in position 10: invalid continuation byte
2025-03-21 13:23:54,534 [ERROR] Access denied to https://www.coinbase.com/: HTTP 403 Forbidden.
2025-03-21 13:23:55,387 [WARNING] Error fetching article at https://finance.yahoo.com/quote/BTC-USD/: 400, message='Got more than 8190 bytes (23488) when reading Header value is too long.', url='https://finance.yahoo.com/quote/BTC-USD/'. Retrying in 1.5s (1/3)...
2025-03-21 13:23:55,914 [INFO] newspaper3k extracted low-quality content from https://digiconomist.net/bitcoin-energy-consumption/, trying BeautifulSoup
2025-03-21 13:23:56,043 [ERROR] Access denied to https://www.congress.gov/bill/118th-congress/senate-bill/4912/text: HTTP 403 Forbidden.
2025-03-21 13:23:57,006 [INFO] Article at https://play.google.com/store/apps/details?id=de.schildbach.wallet&hl=en_US has insufficient content after processing.
2025-03-21 13:23:58,766 [WARNING] Error fetching article at https://finance.yahoo.com/quote/BTC-USD/: 400, message='Got more than 8190 bytes (23488) when reading Header value is too long.', url='https://finance.yahoo.com/quote/BTC-USD/'. Retrying in 3.0s (2/3)...
2025-03-21 13:24:03,310 [WARNING] Error fetching article at https://le.utah.gov/~2025/bills/static/HB0230.html: . Retrying in 1.5s (1/3)...
2025-03-21 13:24:03,405 [ERROR] Max retries reached for https://finance.yahoo.com/quote/BTC-USD/: 400, message='Got more than 8190 bytes (23488) when reading Header value is too long.', url='https://finance.yahoo.com/quote/BTC-USD/'
2025-03-21 13:24:20,317 [WARNING] Error fetching article at https://le.utah.gov/~2025/bills/static/HB0230.html: . Retrying in 3.0s (2/3)...
2025-03-21 13:24:39,313 [ERROR] Max retries reached for https://le.utah.gov/~2025/bills/static/HB0230.html: 
2025-03-21 13:24:39,316 [INFO] Article 'Buy Bitcoin & cryptocurrency' added to valid articles.
2025-03-21 13:24:39,317 [INFO] Article 'What Is Bitcoin? How To Buy, Mine, and Use It' added to valid articles.
2025-03-21 13:24:39,317 [INFO] Article 'Bitcoin Overview' added to valid articles.
2025-03-21 13:24:39,318 [INFO] Article 'ESTABLISHMENT OF THE STRATEGIC BITCOIN RESERVE AND UNITED STATES DIGITAL ASSET STOCKPILE' added to valid articles.
2025-03-21 13:24:39,319 [INFO] Article 'Bitcoin Wiki' added to valid articles.
2025-03-21 13:24:39,319 [INFO] Article 'bitcoin/bitcoin: Bitcoin Core integration/staging tree' added to valid articles.
2025-03-21 13:24:39,319 [INFO] Article 'Fact Sheet: President Donald J. Trump Establishes the Strategic Bitcoin Reserve and U.S. Digital Asset Stockpile' added to valid articles.
2025-03-21 13:24:39,321 [INFO] Article 'Bitcoin Energy Consumption Index' added to valid articles.
2025-03-21 13:24:39,321 [INFO] Article 'Bitcoin price today, BTC to USD live price, marketcap and chart' added to valid articles.
2025-03-21 13:24:39,369 [INFO] Formatted content for summarization with 8933 words
2025-03-21 13:24:39,391 [INFO] Summarizing chunk 1/16
2025-03-21 13:24:40,891 [INFO] Summarizing chunk 2/16
2025-03-21 13:24:42,220 [INFO] Summarizing chunk 3/16
2025-03-21 13:24:43,345 [INFO] Summarizing chunk 4/16
2025-03-21 13:24:44,680 [INFO] Summarizing chunk 5/16
2025-03-21 13:24:46,107 [INFO] Summarizing chunk 6/16
2025-03-21 13:24:47,233 [INFO] Summarizing chunk 7/16
2025-03-21 13:24:48,164 [INFO] Summarizing chunk 8/16
2025-03-21 13:24:49,488 [INFO] Summarizing chunk 9/16
2025-03-21 13:24:50,822 [INFO] Summarizing chunk 10/16
2025-03-21 13:24:51,943 [INFO] Summarizing chunk 11/16
2025-03-21 13:24:53,172 [INFO] Summarizing chunk 12/16
2025-03-21 13:24:54,506 [INFO] Summarizing chunk 13/16
2025-03-21 13:24:56,143 [INFO] Summarizing chunk 14/16
2025-03-21 13:24:57,474 [INFO] Summarizing chunk 15/16
2025-03-21 13:24:58,908 [INFO] Summarizing chunk 16/16
2025-03-21 13:25:00,222 [ERROR] Error in Gemini summarization: 429 Resource has been exhausted (e.g. check quota).
2025-03-21 13:25:00,222 [INFO] Falling back to extractive summarization
2025-03-21 13:25:00,223 [INFO] Using extractive summarization fallback
2025-03-21 13:25:00,236 [INFO] Summarization completed in 20.85 seconds
2025-03-21 13:25:00,236 [INFO] Generated summary with 368 words.
2025-03-21 13:25:08,438 [INFO] Final summary translated to ur
2025-03-21 13:25:13,301 [INFO] HTTP Request: POST https://api.elevenlabs.io/v1/text-to-speech/JBFqnCBsd6RMkjVDRZzb/stream "HTTP/1.1 200 OK"
2025-03-21 13:25:29,203 [INFO] Audio has been downloaded and saved as output_audio.mp3
2025-03-21 13:25:30,139 [INFO] Audio speed increased and saved as output_audio_fast.mp3
2025-03-21 13:25:30,142 [INFO] Data written to output.json.
2025-03-21 13:25:31,169 [INFO] HTTP Request: POST https://ljrlwlsqivyghpshguee.supabase.co/rest/v1/Queries "HTTP/2 201 Created"
2025-03-21 13:26:24,214 [INFO] HTTP Request: POST https://ljrlwlsqivyghpshguee.supabase.co/rest/v1/Queries "HTTP/2 201 Created"
2025-03-21 13:26:24,514 [INFO] HTTP Request: POST https://ljrlwlsqivyghpshguee.supabase.co/rest/v1/feedback "HTTP/2 201 Created"
2025-03-21 14:42:06,886 [INFO] Configuration loaded successfully
2025-03-21 14:42:07,681 [INFO] Gemini model initialized successfully
2025-03-21 14:42:08,925 [INFO] Using Supabase URL: https://ljrlwlsqivyghpshguee.supabase.co
2025-03-21 14:42:08,926 [INFO] API Key found (masked): eyJh********************************************************************************************************************************************************************************************************K5Tg
2025-03-21 14:42:08,927 [INFO] Supabase username and password found in environment variables
2025-03-21 14:42:09,380 [INFO] Supabase client initialized successfully
2025-03-21 14:42:09,701 [INFO] Successfully created Supabase client
2025-03-21 14:42:10,802 [INFO] HTTP Request: GET https://ljrlwlsqivyghpshguee.supabase.co/rest/v1/Users?select=count&limit=1 "HTTP/2 200 OK"
2025-03-21 14:42:10,814 [INFO] Successfully connected to Supabase
2025-03-21 14:42:10,816 [INFO] Successfully connected to Supabase at startup
2025-03-21 14:42:48,727 [INFO] Scrape request received: Query='bitcoin', Num URLs=10
2025-03-21 14:42:48,728 [INFO] Starting collection process for query: 'bitcoin'
2025-03-21 14:42:48,729 [INFO] Desired article count: 10
2025-03-21 14:42:50,437 [INFO] Google Search API returned 10 URLs
2025-03-21 14:42:50,439 [INFO] Blocked domain detected: www.reddit.com
2025-03-21 14:42:50,440 [INFO] Blocked domain detected: en.wikipedia.org
2025-03-21 14:42:50,441 [INFO] Filtered 2 blocked domains
2025-03-21 14:42:50,442 [INFO] Fetching robots.txt from https://bitcoin.org/robots.txt
2025-03-21 14:42:51,688 [INFO] Fetching robots.txt from https://coinmarketcap.com/robots.txt
2025-03-21 14:42:52,721 [INFO] Fetching robots.txt from https://www.bitcoin.com/robots.txt
2025-03-21 14:42:53,314 [INFO] Fetching robots.txt from https://www.ussc.gov/robots.txt
2025-03-21 14:42:55,728 [INFO] Fetching robots.txt from https://www.whitehouse.gov/robots.txt
2025-03-21 14:42:56,581 [INFO] Fetching robots.txt from https://ccaf.io/robots.txt
2025-03-21 14:42:57,601 [INFO] Non-200 response from https://ccaf.io/robots.txt: 404
2025-03-21 14:42:57,603 [INFO] Skipping https://ccaf.io/cbnsi/cbeci as robots.txt could not be fetched.
2025-03-21 14:42:57,604 [INFO] Fetching robots.txt from https://finance.yahoo.com/robots.txt
2025-03-21 14:42:58,917 [INFO] Fetching robots.txt from https://github.com/robots.txt
2025-03-21 14:42:59,652 [INFO] Collected 8 unique URLs so far
2025-03-21 14:43:02,312 [INFO] Google Search API returned 10 URLs
2025-03-21 14:43:02,314 [INFO] Filtered 0 blocked domains
2025-03-21 14:43:02,315 [INFO] Fetching robots.txt from https://bitcoincore.org/robots.txt
2025-03-21 14:43:04,491 [INFO] Fetching robots.txt from https://www.cmegroup.com/robots.txt
2025-03-21 14:43:10,320 [INFO] Timeout occurred while fetching https://www.cmegroup.com/robots.txt
2025-03-21 14:43:10,322 [INFO] Skipping https://www.cmegroup.com/markets/cryptocurrencies/bitcoin/bitcoin.html as robots.txt could not be fetched.
2025-03-21 14:43:10,323 [INFO] Fetching robots.txt from https://en.bitcoin.it/robots.txt
2025-03-21 14:43:11,834 [INFO] Fetching robots.txt from https://digiconomist.net/robots.txt
2025-03-21 14:43:14,190 [INFO] Fetching robots.txt from https://www.investopedia.com/robots.txt
2025-03-21 14:43:15,162 [INFO] Fetching robots.txt from https://www.usenix.org/robots.txt
2025-03-21 14:43:16,750 [INFO] Fetching robots.txt from https://play.google.com/robots.txt
2025-03-21 14:43:17,125 [INFO] Fetching robots.txt from https://le.utah.gov/robots.txt
2025-03-21 14:43:22,307 [INFO] Timeout occurred while fetching https://le.utah.gov/robots.txt
2025-03-21 14:43:22,308 [INFO] Skipping https://le.utah.gov/~2025/bills/static/HB0230.html as robots.txt could not be fetched.
2025-03-21 14:43:22,309 [INFO] Fetching robots.txt from https://oksenate.gov/robots.txt
2025-03-21 14:43:24,534 [INFO] Fetching robots.txt from https://www.congress.gov/robots.txt
2025-03-21 14:43:25,074 [INFO] Non-200 response from https://www.congress.gov/robots.txt: 403
2025-03-21 14:43:25,075 [INFO] Skipping https://www.congress.gov/bill/118th-congress/senate-bill/4912/text as robots.txt could not be fetched.
2025-03-21 14:43:25,076 [INFO] Collected 18 unique URLs so far
2025-03-21 14:43:28,221 [INFO] Google Search API returned 10 URLs
2025-03-21 14:43:28,222 [INFO] Filtered 0 blocked domains
2025-03-21 14:43:28,223 [INFO] Fetching robots.txt from https://www.congress.gov/robots.txt
2025-03-21 14:43:28,270 [INFO] Non-200 response from https://www.congress.gov/robots.txt: 403
2025-03-21 14:43:28,272 [INFO] Skipping https://www.congress.gov/bill/118th-congress/senate-bill/4912/text as robots.txt could not be fetched.
2025-03-21 14:43:28,273 [INFO] Fetching robots.txt from https://www.cftc.gov/robots.txt
2025-03-21 14:43:29,449 [INFO] Fetching robots.txt from https://www.fidelitycharitable.org/robots.txt
2025-03-21 14:43:33,144 [INFO] Fetching robots.txt from https://www.santamonica.gov/robots.txt
2025-03-21 14:43:34,569 [INFO] Non-200 response from https://www.santamonica.gov/robots.txt: 404
2025-03-21 14:43:34,571 [INFO] Skipping https://www.santamonica.gov/programs/bitcoin-office as robots.txt could not be fetched.
2025-03-21 14:43:34,572 [INFO] Fetching robots.txt from https://www.blockchain.com/robots.txt
2025-03-21 14:43:36,515 [INFO] Fetching robots.txt from https://www.coinbase.com/robots.txt
2025-03-21 14:43:37,438 [INFO] Fetching robots.txt from https://www.purposeinvest.com/robots.txt
2025-03-21 14:43:39,175 [INFO] Fetching robots.txt from https://b.tc/robots.txt
2025-03-21 14:43:41,022 [INFO] Non-200 response from https://b.tc/robots.txt: 404
2025-03-21 14:43:41,024 [INFO] Skipping https://b.tc/conference/ as robots.txt could not be fetched.
2025-03-21 14:43:41,024 [INFO] Fetching robots.txt from https://www.fec.gov/robots.txt
2025-03-21 14:43:42,463 [INFO] Fetching robots.txt from https://www.coindesk.com/robots.txt
2025-03-21 14:43:43,432 [INFO] Collected 27 unique URLs so far
2025-03-21 14:43:43,433 [INFO] Limited URL collection to 20
2025-03-21 14:43:43,434 [INFO] Scraping content from 20 collected URLs...
2025-03-21 14:43:43,948 [INFO] newspaper3k extracted low-quality content from https://www.bitcoin.com/, trying BeautifulSoup
2025-03-21 14:43:44,943 [INFO] newspaper3k extracted low-quality content from https://ccaf.io/cbnsi/cbeci, trying BeautifulSoup
2025-03-21 14:43:44,958 [INFO] Failed to extract meaningful content from https://ccaf.io/cbnsi/cbeci
2025-03-21 14:43:46,474 [INFO] Article at https://play.google.com/store/apps/details?id=de.schildbach.wallet&hl=en_US has insufficient content after processing.
2025-03-21 14:43:47,166 [ERROR] Decoding error for https://www.cftc.gov/sites/default/files/2019-12/oceo_bitcoinbasics0218.pdf: 'utf-8' codec can't decode byte 0xe2 in position 10: invalid continuation byte
2025-03-21 14:43:47,943 [INFO] newspaper3k extracted low-quality content from https://bitcoin.org/, trying BeautifulSoup
2025-03-21 14:43:48,024 [INFO] Failed to extract meaningful content from https://bitcoin.org/
2025-03-21 14:43:49,625 [WARNING] Error fetching article at https://finance.yahoo.com/quote/BTC-USD/: 400, message='Got more than 8190 bytes (23488) when reading Header value is too long.', url='https://finance.yahoo.com/quote/BTC-USD/?guce_referrer=aHR0cHM6Ly93d3cuZ29vZ2xlLmNvbS8&guce_referrer_sig=AQAAABh-aj4MOsgcJzcLU-IqTIPXyhqkNRhprVJOb6-RKZutzLr6UrQfwrGxW51KGJF0TLo9IfIK5hfQ2Rw9hBhekwT1Gnpz6xzeIJyeaG7s5Uf3ZUOEWeSp07nrEFRLjYNrSbH2Y445n-sGcCZ4O-4tRpaHHduk2AwFxdOQtImBJHp2&_guc_consent_skip=1742550258'. Retrying in 1.5s (1/3)...
2025-03-21 14:43:51,707 [INFO] newspaper3k extracted low-quality content from https://www.fidelitycharitable.org/giving-account/what-you-can-donate/donating-bitcoin-to-charity.html, trying BeautifulSoup
2025-03-21 14:43:53,331 [INFO] newspaper3k extracted low-quality content from https://digiconomist.net/bitcoin-energy-consumption/, trying BeautifulSoup
2025-03-21 14:43:57,132 [INFO] Article at https://oksenate.gov/press-releases/deevers-introduces-bitcoin-freedom-act-bring-oklahomas-economy-future has insufficient content after processing.
2025-03-21 14:43:57,382 [ERROR] Decoding error for https://www.ussc.gov/sites/default/files/pdf/training/annual-national-training-seminar/2018/Emerging_Tech_Bitcoin_Crypto.pdf: 'utf-8' codec can't decode byte 0xe2 in position 10: invalid continuation byte
2025-03-21 14:43:58,285 [INFO] newspaper3k extracted low-quality content from https://bitcoincore.org/, trying BeautifulSoup
2025-03-21 14:43:58,331 [INFO] Failed to extract meaningful content from https://bitcoincore.org/
2025-03-21 14:43:59,147 [ERROR] Access denied to https://www.congress.gov/bill/118th-congress/senate-bill/4912/text: HTTP 403 Forbidden.
2025-03-21 14:44:02,014 [ERROR] Decoding error for https://www.usenix.org/system/files/conference/nsdi16/nsdi16-paper-eyal.pdf: 'utf-8' codec can't decode byte 0xe2 in position 10: invalid continuation byte
2025-03-21 14:44:02,219 [WARNING] Error fetching article at https://finance.yahoo.com/quote/BTC-USD/: 400, message='Got more than 8190 bytes (23488) when reading Header value is too long.', url='https://finance.yahoo.com/quote/BTC-USD/?guce_referrer=aHR0cHM6Ly93d3cuZ29vZ2xlLmNvbS8&guce_referrer_sig=AQAAABh-aj4MOsgcJzcLU-IqTIPXyhqkNRhprVJOb6-RKZutzLr6UrQfwrGxW51KGJF0TLo9IfIK5hfQ2Rw9hBhekwT1Gnpz6xzeIJyeaG7s5Uf3ZUOEWeSp07nrEFRLjYNrSbH2Y445n-sGcCZ4O-4tRpaHHduk2AwFxdOQtImBJHp2&_guc_consent_skip=1742550271'. Retrying in 3.0s (2/3)...
2025-03-21 14:44:05,327 [WARNING] Error fetching article at https://le.utah.gov/~2025/bills/static/HB0230.html: . Retrying in 1.5s (1/3)...
2025-03-21 14:44:06,315 [ERROR] Max retries reached for https://finance.yahoo.com/quote/BTC-USD/: 400, message='Got more than 8190 bytes (23488) when reading Header value is too long.', url='https://finance.yahoo.com/quote/BTC-USD/'
2025-03-21 14:44:09,123 [INFO] newspaper3k extracted low-quality content from https://le.utah.gov/~2025/bills/static/HB0230.html, trying BeautifulSoup
2025-03-21 14:44:09,194 [INFO] Failed to extract meaningful content from https://le.utah.gov/~2025/bills/static/HB0230.html
2025-03-21 14:44:09,199 [INFO] Article 'Buy Bitcoin & cryptocurrency' added to valid articles.
2025-03-21 14:44:09,202 [INFO] Article 'Bitcoin Overview' added to valid articles.
2025-03-21 14:44:09,203 [INFO] Article 'Bitcoin Wiki' added to valid articles.
2025-03-21 14:44:09,204 [INFO] Article 'Donating Bitcoin and other cryptocurrencies to charity' added to valid articles.
2025-03-21 14:44:09,204 [INFO] Article 'Bitcoin Energy Consumption Index' added to valid articles.
2025-03-21 14:44:09,206 [INFO] Article 'bitcoin/bitcoin: Bitcoin Core integration/staging tree' added to valid articles.
2025-03-21 14:44:09,206 [INFO] Article 'ESTABLISHMENT OF THE STRATEGIC BITCOIN RESERVE AND UNITED STATES DIGITAL ASSET STOCKPILE' added to valid articles.
2025-03-21 14:44:09,207 [INFO] Article 'What Is Bitcoin? How To Buy, Mine, and Use It' added to valid articles.
2025-03-21 14:44:09,207 [INFO] Article 'Bitcoin price today, BTC to USD live price, marketcap and chart' added to valid articles.
2025-03-21 14:44:09,249 [INFO] Formatted content for summarization with 9139 words
2025-03-21 14:44:09,264 [INFO] Summarizing chunk 1/16
2025-03-21 14:44:10,881 [INFO] Summarizing chunk 2/16
2025-03-21 14:44:11,845 [INFO] Summarizing chunk 3/16
2025-03-21 14:44:12,980 [INFO] Summarizing chunk 4/16
2025-03-21 14:44:14,203 [INFO] Summarizing chunk 5/16
2025-03-21 14:44:15,459 [INFO] Summarizing chunk 6/16
2025-03-21 14:44:16,770 [INFO] Summarizing chunk 7/16
2025-03-21 14:44:18,096 [INFO] Summarizing chunk 8/16
2025-03-21 14:44:19,532 [INFO] Summarizing chunk 9/16
2025-03-21 14:44:21,067 [INFO] Summarizing chunk 10/16
2025-03-21 14:44:22,294 [INFO] Summarizing chunk 11/16
2025-03-21 14:44:23,595 [INFO] Summarizing chunk 12/16
2025-03-21 14:44:24,733 [INFO] Summarizing chunk 13/16
2025-03-21 14:44:25,781 [INFO] Summarizing chunk 14/16
2025-03-21 14:44:27,010 [INFO] Summarizing chunk 15/16
2025-03-21 14:44:28,230 [INFO] Summarizing chunk 16/16
2025-03-21 14:44:29,796 [ERROR] Error in Gemini summarization: 429 Resource has been exhausted (e.g. check quota).
2025-03-21 14:44:29,797 [INFO] Falling back to extractive summarization
2025-03-21 14:44:29,797 [INFO] Using extractive summarization fallback
2025-03-21 14:44:29,799 [INFO] Summarization completed in 20.54 seconds
2025-03-21 14:44:29,799 [INFO] Generated summary with 350 words.
2025-03-21 14:44:30,584 [INFO] HTTP Request: POST https://api.elevenlabs.io/v1/text-to-speech/JBFqnCBsd6RMkjVDRZzb/stream "HTTP/1.1 401 Unauthorized"
2025-03-21 14:44:30,587 [ERROR] Text-to-speech conversion failed: status_code: 401, body: {'detail': {'status': 'detected_unusual_activity', 'message': 'Unusual activity detected. Free Tier usage disabled. If you are using a proxy/VPN you might need to purchase a Paid Plan to not trigger our abuse detectors. Free Tier only works if users do not abuse it, for example by creating multiple free accounts. If we notice that many people try to abuse it, we will need to reconsider Free Tier altogether. \nPlease play fair and purchase any Paid Subscription to continue.'}}
2025-03-21 14:44:30,593 [INFO] Data written to output.json.
2025-03-21 14:44:31,916 [INFO] HTTP Request: POST https://ljrlwlsqivyghpshguee.supabase.co/rest/v1/Queries "HTTP/2 201 Created"
2025-03-21 14:48:53,503 [INFO] Configuration loaded successfully
2025-03-21 14:48:54,199 [INFO] Gemini model initialized successfully
2025-03-21 14:48:55,167 [INFO] Using Supabase URL: https://ljrlwlsqivyghpshguee.supabase.co
2025-03-21 14:48:55,167 [INFO] API Key found (masked): eyJh********************************************************************************************************************************************************************************************************K5Tg
2025-03-21 14:48:55,170 [INFO] Supabase username and password found in environment variables
2025-03-21 14:48:55,573 [INFO] Supabase client initialized successfully
2025-03-21 14:48:55,974 [INFO] Successfully created Supabase client
2025-03-21 14:48:57,581 [INFO] HTTP Request: GET https://ljrlwlsqivyghpshguee.supabase.co/rest/v1/Users?select=count&limit=1 "HTTP/2 200 OK"
2025-03-21 14:48:57,595 [INFO] Successfully connected to Supabase
2025-03-21 14:48:57,597 [INFO] Successfully connected to Supabase at startup
2025-03-21 14:49:55,057 [INFO] Scrape request received: Query='bitcoin', Num URLs=10
2025-03-21 14:49:55,058 [INFO] Starting collection process for query: 'bitcoin'
2025-03-21 14:49:55,058 [INFO] Desired article count: 10
2025-03-21 14:49:57,867 [INFO] Google Search API returned 10 URLs
2025-03-21 14:49:57,868 [INFO] Blocked domain detected: www.reddit.com
2025-03-21 14:49:57,870 [INFO] Blocked domain detected: en.wikipedia.org
2025-03-21 14:49:57,871 [INFO] Filtered 2 blocked domains
2025-03-21 14:49:57,872 [INFO] Fetching robots.txt from https://bitcoin.org/robots.txt
2025-03-21 14:49:58,902 [INFO] Fetching robots.txt from https://coinmarketcap.com/robots.txt
2025-03-21 14:50:00,001 [INFO] Fetching robots.txt from https://www.bitcoin.com/robots.txt
2025-03-21 14:50:01,275 [INFO] Fetching robots.txt from https://www.ussc.gov/robots.txt
2025-03-21 14:50:04,111 [INFO] Fetching robots.txt from https://www.whitehouse.gov/robots.txt
2025-03-21 14:50:05,131 [INFO] Fetching robots.txt from https://ccaf.io/robots.txt
2025-03-21 14:50:06,815 [INFO] Non-200 response from https://ccaf.io/robots.txt: 404
2025-03-21 14:50:06,816 [INFO] Skipping https://ccaf.io/cbnsi/cbeci as robots.txt could not be fetched.
2025-03-21 14:50:06,817 [INFO] Fetching robots.txt from https://finance.yahoo.com/robots.txt
2025-03-21 14:50:07,851 [INFO] Fetching robots.txt from https://github.com/robots.txt
2025-03-21 14:50:09,050 [INFO] Collected 8 unique URLs so far
2025-03-21 14:50:12,615 [INFO] Google Search API returned 10 URLs
2025-03-21 14:50:12,617 [INFO] Blocked domain detected: x.com
2025-03-21 14:50:12,618 [INFO] Filtered 1 blocked domains
2025-03-21 14:50:12,618 [INFO] Fetching robots.txt from https://bitcoincore.org/robots.txt
2025-03-21 14:50:14,357 [INFO] Fetching robots.txt from https://www.cmegroup.com/robots.txt
2025-03-21 14:50:20,307 [INFO] Timeout occurred while fetching https://www.cmegroup.com/robots.txt
2025-03-21 14:50:20,309 [INFO] Skipping https://www.cmegroup.com/markets/cryptocurrencies/bitcoin/bitcoin.html as robots.txt could not be fetched.
2025-03-21 14:50:20,310 [INFO] Fetching robots.txt from https://en.bitcoin.it/robots.txt
2025-03-21 14:50:21,259 [INFO] Fetching robots.txt from https://digiconomist.net/robots.txt
2025-03-21 14:50:24,171 [INFO] Fetching robots.txt from https://www.investopedia.com/robots.txt
2025-03-21 14:50:25,498 [INFO] Fetching robots.txt from https://www.usenix.org/robots.txt
2025-03-21 14:50:27,033 [INFO] Fetching robots.txt from https://play.google.com/robots.txt
2025-03-21 14:50:28,162 [INFO] Fetching robots.txt from https://le.utah.gov/robots.txt
2025-03-21 14:50:33,321 [INFO] Timeout occurred while fetching https://le.utah.gov/robots.txt
2025-03-21 14:50:33,323 [INFO] Skipping https://le.utah.gov/~2025/bills/static/HB0230.html as robots.txt could not be fetched.
2025-03-21 14:50:33,324 [INFO] Fetching robots.txt from https://oksenate.gov/robots.txt
2025-03-21 14:50:34,912 [INFO] Collected 17 unique URLs so far
2025-03-21 14:50:38,628 [INFO] Google Search API returned 10 URLs
2025-03-21 14:50:38,630 [INFO] Blocked domain detected: x.com
2025-03-21 14:50:38,631 [INFO] Filtered 1 blocked domains
2025-03-21 14:50:38,632 [INFO] Fetching robots.txt from https://oksenate.gov/robots.txt
2025-03-21 14:50:39,817 [INFO] Fetching robots.txt from https://www.fidelitycharitable.org/robots.txt
2025-03-21 14:50:42,724 [INFO] Fetching robots.txt from https://www.coinbase.com/robots.txt
2025-03-21 14:50:44,242 [INFO] Fetching robots.txt from https://www.fec.gov/robots.txt
2025-03-21 14:50:46,234 [INFO] Fetching robots.txt from https://www.santamonica.gov/robots.txt
2025-03-21 14:50:47,404 [INFO] Non-200 response from https://www.santamonica.gov/robots.txt: 404
2025-03-21 14:50:47,405 [INFO] Skipping https://www.santamonica.gov/programs/bitcoin-office as robots.txt could not be fetched.
2025-03-21 14:50:47,406 [INFO] Fetching robots.txt from https://www.coindesk.com/robots.txt
2025-03-21 14:50:48,497 [INFO] Fetching robots.txt from https://www.blockchain.com/robots.txt
2025-03-21 14:50:50,128 [INFO] Fetching robots.txt from https://www.binance.com/robots.txt
2025-03-21 14:50:51,451 [INFO] Fetching robots.txt from https://b.tc/robots.txt
2025-03-21 14:50:52,938 [INFO] Non-200 response from https://b.tc/robots.txt: 404
2025-03-21 14:50:52,940 [INFO] Skipping https://b.tc/conference/ as robots.txt could not be fetched.
2025-03-21 14:50:52,941 [INFO] Collected 25 unique URLs so far
2025-03-21 14:50:52,941 [INFO] Limited URL collection to 20
2025-03-21 14:50:52,942 [INFO] Scraping content from 20 collected URLs...
2025-03-21 14:50:54,603 [INFO] newspaper3k extracted low-quality content from https://www.bitcoin.com/, trying BeautifulSoup
2025-03-21 14:50:55,481 [INFO] newspaper3k extracted low-quality content from https://ccaf.io/cbnsi/cbeci, trying BeautifulSoup
2025-03-21 14:50:55,515 [INFO] Failed to extract meaningful content from https://ccaf.io/cbnsi/cbeci
2025-03-21 14:50:56,175 [ERROR] Access denied to https://www.coinbase.com/price/bitcoin: HTTP 403 Forbidden.
2025-03-21 14:50:59,047 [INFO] Article at https://play.google.com/store/apps/details?id=de.schildbach.wallet&hl=en_US has insufficient content after processing.
2025-03-21 14:51:00,773 [WARNING] Error fetching article at https://finance.yahoo.com/quote/BTC-USD/: 400, message='Got more than 8190 bytes (10351) when reading Header value is too long.', url='https://finance.yahoo.com/quote/BTC-USD/'. Retrying in 1.5s (1/3)...
2025-03-21 14:51:02,999 [INFO] newspaper3k extracted low-quality content from https://bitcoin.org/, trying BeautifulSoup
2025-03-21 14:51:03,031 [INFO] Failed to extract meaningful content from https://bitcoin.org/
2025-03-21 14:51:06,816 [INFO] Article at https://www.fec.gov/help-candidates-and-committees/filing-reports/bitcoin-contributions/ has insufficient content after processing.
2025-03-21 14:51:08,311 [WARNING] Error fetching article at https://www.cmegroup.com/markets/cryptocurrencies/bitcoin/bitcoin.html: . Retrying in 1.5s (1/3)...
2025-03-21 14:51:09,620 [ERROR] Decoding error for https://www.ussc.gov/sites/default/files/pdf/training/annual-national-training-seminar/2018/Emerging_Tech_Bitcoin_Crypto.pdf: 'utf-8' codec can't decode byte 0xe2 in position 10: invalid continuation byte
2025-03-21 14:51:13,307 [INFO] newspaper3k extracted low-quality content from https://digiconomist.net/bitcoin-energy-consumption/, trying BeautifulSoup
2025-03-21 14:51:15,378 [INFO] Article at https://oksenate.gov/press-releases/deevers-introduces-bitcoin-freedom-act-bring-oklahomas-economy-future has insufficient content after processing.
2025-03-21 14:51:17,932 [INFO] newspaper3k extracted low-quality content from https://bitcoincore.org/, trying BeautifulSoup
2025-03-21 14:51:17,971 [INFO] Failed to extract meaningful content from https://bitcoincore.org/
2025-03-21 14:51:22,304 [WARNING] Error fetching article at https://le.utah.gov/~2025/bills/static/HB0230.html: . Retrying in 1.5s (1/3)...
2025-03-21 14:51:24,450 [ERROR] Decoding error for https://www.usenix.org/system/files/conference/nsdi16/nsdi16-paper-eyal.pdf: 'utf-8' codec can't decode byte 0xe2 in position 10: invalid continuation byte
2025-03-21 14:51:25,188 [INFO] newspaper3k extracted low-quality content from https://www.fidelitycharitable.org/giving-account/what-you-can-donate/donating-bitcoin-to-charity.html, trying BeautifulSoup
2025-03-21 14:51:25,343 [WARNING] Error fetching article at https://finance.yahoo.com/quote/BTC-USD/: 400, message='Got more than 8190 bytes (22050) when reading Header value is too long.', url='https://finance.yahoo.com/quote/BTC-USD/'. Retrying in 3.0s (2/3)...
2025-03-21 14:51:29,372 [ERROR] Max retries reached for https://finance.yahoo.com/quote/BTC-USD/: 400, message='Got more than 8190 bytes (10351) when reading Header value is too long.', url='https://finance.yahoo.com/quote/BTC-USD/'
2025-03-21 14:51:40,320 [WARNING] Error fetching article at https://www.cmegroup.com/markets/cryptocurrencies/bitcoin/bitcoin.html: . Retrying in 3.0s (2/3)...
2025-03-21 14:51:41,326 [WARNING] Error fetching article at https://le.utah.gov/~2025/bills/static/HB0230.html: . Retrying in 3.0s (2/3)...
2025-03-21 14:51:59,316 [ERROR] Max retries reached for https://www.cmegroup.com/markets/cryptocurrencies/bitcoin/bitcoin.html: 
2025-03-21 14:52:00,321 [ERROR] Max retries reached for https://le.utah.gov/~2025/bills/static/HB0230.html: 
2025-03-21 14:52:00,323 [INFO] Article 'Buy Bitcoin & cryptocurrency' added to valid articles.
2025-03-21 14:52:00,323 [INFO] Article 'Bitcoin Wiki' added to valid articles.
2025-03-21 14:52:00,324 [INFO] Article 'bitcoin/bitcoin: Bitcoin Core integration/staging tree' added to valid articles.
2025-03-21 14:52:00,324 [INFO] Article 'Bitcoin Energy Consumption Index' added to valid articles.
2025-03-21 14:52:00,324 [INFO] Article 'ESTABLISHMENT OF THE STRATEGIC BITCOIN RESERVE AND UNITED STATES DIGITAL ASSET STOCKPILE' added to valid articles.
2025-03-21 14:52:00,325 [INFO] Article 'What Is Bitcoin? How To Buy, Mine, and Use It' added to valid articles.
2025-03-21 14:52:00,326 [INFO] Article 'Bitcoin price today, BTC to USD live price, marketcap and chart' added to valid articles.
2025-03-21 14:52:00,329 [INFO] Article 'Donating Bitcoin and other cryptocurrencies to charity' added to valid articles.
2025-03-21 14:52:00,393 [INFO] Formatted content for summarization with 8755 words
2025-03-21 14:52:00,409 [INFO] Summarizing chunk 1/15
2025-03-21 14:52:03,233 [INFO] Summarizing chunk 2/15
2025-03-21 14:52:05,706 [INFO] Summarizing chunk 3/15
2025-03-21 14:52:07,169 [INFO] Summarizing chunk 4/15
2025-03-21 14:52:08,747 [INFO] Summarizing chunk 5/15
2025-03-21 14:52:10,310 [INFO] Summarizing chunk 6/15
2025-03-21 14:52:12,000 [INFO] Summarizing chunk 7/15
2025-03-21 14:52:13,414 [INFO] Summarizing chunk 8/15
2025-03-21 14:52:14,695 [INFO] Summarizing chunk 9/15
2025-03-21 14:52:16,173 [INFO] Summarizing chunk 10/15
2025-03-21 14:52:17,481 [INFO] Summarizing chunk 11/15
2025-03-21 14:52:18,938 [INFO] Summarizing chunk 12/15
2025-03-21 14:52:20,494 [INFO] Summarizing chunk 13/15
2025-03-21 14:52:22,037 [INFO] Summarizing chunk 14/15
2025-03-21 14:52:23,125 [INFO] Summarizing chunk 15/15
2025-03-21 14:52:26,856 [WARNING] Gemini generated a short summary (194 words), using fallback
2025-03-21 14:52:26,857 [INFO] Using extractive summarization fallback
2025-03-21 14:52:26,860 [INFO] Summarization completed in 26.45 seconds
2025-03-21 14:52:26,861 [INFO] Generated summary with 342 words.
2025-03-21 14:52:28,538 [INFO] HTTP Request: POST https://api.elevenlabs.io/v1/text-to-speech/JBFqnCBsd6RMkjVDRZzb/stream "HTTP/1.1 401 Unauthorized"
2025-03-21 14:52:28,540 [ERROR] Text-to-speech conversion failed: status_code: 401, body: {'detail': {'status': 'detected_unusual_activity', 'message': 'Unusual activity detected. Free Tier usage disabled. If you are using a proxy/VPN you might need to purchase a Paid Plan to not trigger our abuse detectors. Free Tier only works if users do not abuse it, for example by creating multiple free accounts. If we notice that many people try to abuse it, we will need to reconsider Free Tier altogether. \nPlease play fair and purchase any Paid Subscription to continue.'}}
2025-03-21 14:52:28,545 [INFO] Data written to output.json.
2025-03-21 14:52:30,188 [INFO] HTTP Request: POST https://ljrlwlsqivyghpshguee.supabase.co/rest/v1/Queries "HTTP/2 201 Created"
2025-03-21 15:08:52,708 [INFO] Configuration loaded successfully
2025-03-21 15:09:14,282 [INFO] Gemini model initialized successfully
2025-03-21 15:09:25,867 [INFO] Using Supabase URL: https://ljrlwlsqivyghpshguee.supabase.co
2025-03-21 15:09:25,868 [INFO] API Key found (masked): eyJh********************************************************************************************************************************************************************************************************K5Tg
2025-03-21 15:09:25,872 [INFO] Supabase username and password found in environment variables
2025-03-21 15:09:26,712 [INFO] Supabase client initialized successfully
2025-03-21 15:09:27,185 [INFO] Successfully created Supabase client
2025-03-21 15:09:39,628 [WARNING] Connection test failed: [Errno 11001] getaddrinfo failed
2025-03-21 15:09:39,630 [INFO] Successfully connected to Supabase at startup
2025-03-21 15:10:23,528 [INFO] Configuration loaded successfully
2025-03-21 15:10:28,628 [INFO] Gemini model initialized successfully
2025-03-21 15:10:36,766 [INFO] Using Supabase URL: https://ljrlwlsqivyghpshguee.supabase.co
2025-03-21 15:10:36,771 [INFO] API Key found (masked): eyJh********************************************************************************************************************************************************************************************************K5Tg
2025-03-21 15:10:36,786 [INFO] Supabase username and password found in environment variables
2025-03-21 15:10:39,768 [INFO] Supabase client initialized successfully
2025-03-21 15:10:42,240 [INFO] Successfully created Supabase client
2025-03-21 15:10:45,047 [INFO] HTTP Request: GET https://ljrlwlsqivyghpshguee.supabase.co/rest/v1/Users?select=count&limit=1 "HTTP/2 200 OK"
2025-03-21 15:10:45,064 [INFO] Successfully connected to Supabase
2025-03-21 15:10:45,066 [INFO] Successfully connected to Supabase at startup
2025-03-21 15:12:29,890 [INFO] Scrape request received: Query='bitcoin', Num URLs=10
2025-03-21 15:12:29,892 [INFO] Starting collection process for query: 'bitcoin'
2025-03-21 15:12:29,894 [INFO] Desired article count: 10
2025-03-21 15:12:31,514 [INFO] Google Search API returned 10 URLs
2025-03-21 15:12:31,518 [INFO] Blocked domain detected: www.reddit.com
2025-03-21 15:12:31,521 [INFO] Blocked domain detected: en.wikipedia.org
2025-03-21 15:12:31,525 [INFO] Filtered 2 blocked domains
2025-03-21 15:12:31,527 [INFO] Fetching robots.txt from https://bitcoin.org/robots.txt
2025-03-21 15:12:32,050 [INFO] Fetching robots.txt from https://coinmarketcap.com/robots.txt
2025-03-21 15:12:32,772 [INFO] Fetching robots.txt from https://www.bitcoin.com/robots.txt
2025-03-21 15:12:33,022 [INFO] Fetching robots.txt from https://www.ussc.gov/robots.txt
2025-03-21 15:12:34,599 [INFO] Fetching robots.txt from https://www.whitehouse.gov/robots.txt
2025-03-21 15:12:35,232 [INFO] Fetching robots.txt from https://ccaf.io/robots.txt
2025-03-21 15:12:35,547 [INFO] Non-200 response from https://ccaf.io/robots.txt: 404
2025-03-21 15:12:35,552 [INFO] Skipping https://ccaf.io/cbnsi/cbeci as robots.txt could not be fetched.
2025-03-21 15:12:35,554 [INFO] Fetching robots.txt from https://finance.yahoo.com/robots.txt
2025-03-21 15:12:36,104 [INFO] Fetching robots.txt from https://github.com/robots.txt
2025-03-21 15:12:37,036 [INFO] Collected 8 unique URLs so far
2025-03-21 15:12:39,923 [INFO] Google Search API returned 10 URLs
2025-03-21 15:12:39,927 [INFO] Filtered 0 blocked domains
2025-03-21 15:12:39,929 [INFO] Fetching robots.txt from https://github.com/robots.txt
2025-03-21 15:12:40,497 [INFO] Fetching robots.txt from https://bitcoincore.org/robots.txt
2025-03-21 15:12:41,252 [INFO] Fetching robots.txt from https://en.bitcoin.it/robots.txt
2025-03-21 15:12:41,507 [INFO] Fetching robots.txt from https://play.google.com/robots.txt
2025-03-21 15:12:41,936 [INFO] Fetching robots.txt from https://digiconomist.net/robots.txt
2025-03-21 15:12:43,012 [INFO] Fetching robots.txt from https://www.investopedia.com/robots.txt
2025-03-21 15:12:43,915 [INFO] Fetching robots.txt from https://www.cftc.gov/robots.txt
2025-03-21 15:12:45,129 [INFO] Fetching robots.txt from https://www.congress.gov/robots.txt
2025-03-21 15:12:45,521 [INFO] Non-200 response from https://www.congress.gov/robots.txt: 403
2025-03-21 15:12:45,525 [INFO] Skipping https://www.congress.gov/bill/118th-congress/senate-bill/4912/text as robots.txt could not be fetched.
2025-03-21 15:12:45,528 [INFO] Fetching robots.txt from https://www.usenix.org/robots.txt
2025-03-21 15:12:46,900 [INFO] Fetching robots.txt from https://le.utah.gov/robots.txt
2025-03-21 15:12:48,883 [INFO] Collected 17 unique URLs so far
2025-03-21 15:12:51,507 [INFO] Google Search API returned 10 URLs
2025-03-21 15:12:51,511 [INFO] Blocked domain detected: x.com
2025-03-21 15:12:51,513 [INFO] Filtered 1 blocked domains
2025-03-21 15:12:51,515 [INFO] Fetching robots.txt from https://www.cftc.gov/robots.txt
2025-03-21 15:12:52,011 [INFO] Fetching robots.txt from https://www.fidelitycharitable.org/robots.txt
2025-03-21 15:12:55,074 [INFO] Fetching robots.txt from https://www.santamonica.gov/robots.txt
2025-03-21 15:12:56,432 [INFO] Non-200 response from https://www.santamonica.gov/robots.txt: 404
2025-03-21 15:12:56,435 [INFO] Skipping https://www.santamonica.gov/programs/bitcoin-office as robots.txt could not be fetched.
2025-03-21 15:12:56,437 [INFO] Fetching robots.txt from https://www.blockchain.com/robots.txt
2025-03-21 15:12:57,604 [INFO] Fetching robots.txt from https://www.coinbase.com/robots.txt
2025-03-21 15:12:58,210 [INFO] Fetching robots.txt from https://www.purposeinvest.com/robots.txt
2025-03-21 15:12:59,122 [INFO] Fetching robots.txt from https://b.tc/robots.txt
2025-03-21 15:13:00,240 [INFO] Non-200 response from https://b.tc/robots.txt: 404
2025-03-21 15:13:00,243 [INFO] Skipping https://b.tc/conference/ as robots.txt could not be fetched.
2025-03-21 15:13:00,245 [INFO] Fetching robots.txt from https://www.fec.gov/robots.txt
2025-03-21 15:13:01,091 [INFO] Fetching robots.txt from https://www.coindesk.com/robots.txt
2025-03-21 15:13:01,784 [INFO] Collected 25 unique URLs so far
2025-03-21 15:13:01,786 [INFO] Limited URL collection to 20
2025-03-21 15:13:01,787 [INFO] Scraping content from 20 collected URLs...
2025-03-21 15:13:04,742 [INFO] newspaper3k extracted low-quality content from https://www.bitcoin.com/, trying BeautifulSoup
2025-03-21 15:13:13,410 [INFO] newspaper3k extracted low-quality content from https://ccaf.io/cbnsi/cbeci, trying BeautifulSoup
2025-03-21 15:13:13,525 [INFO] Failed to extract meaningful content from https://ccaf.io/cbnsi/cbeci
2025-03-21 15:13:14,734 [INFO] Article at https://www.santamonica.gov/programs/bitcoin-office has insufficient content after processing.
2025-03-21 15:13:14,738 [ERROR] Access denied to https://www.congress.gov/bill/118th-congress/senate-bill/4912/text: HTTP 403 Forbidden.
2025-03-21 15:13:15,941 [INFO] Article at https://play.google.com/store/apps/details?id=de.schildbach.wallet&hl=en_US has insufficient content after processing.
2025-03-21 15:13:16,889 [INFO] newspaper3k extracted low-quality content from https://bitcoin.org/, trying BeautifulSoup
2025-03-21 15:13:16,949 [INFO] Failed to extract meaningful content from https://bitcoin.org/
2025-03-21 15:13:16,989 [ERROR] Access denied to https://www.blockchain.com/explorer: HTTP 403 Forbidden.
2025-03-21 15:13:17,707 [WARNING] Error fetching article at https://finance.yahoo.com/quote/BTC-USD/: 400, message='Got more than 8190 bytes (14250) when reading Header value is too long.', url='https://finance.yahoo.com/quote/BTC-USD/?guce_referrer=aHR0cHM6Ly93d3cuZ29vZ2xlLmNvbS8&guce_referrer_sig=AQAAAAsxoX38EI1mDQLs-yvU_GmACBV7Dezlyt_BIguyPCxbT394lxNqd8AMlwpuNXRDXBTZ6KNpCKP0xl7FHsaXBgFudKOz8u88Mjr4ALDp9-TSX1A0DZq3K2Yw61h9GvehXSUm7EixDIIWYzu-t9q460Ymbo0OROTGLZxXiHuj9gJE&_guc_consent_skip=1742552026'. Retrying in 1.5s (1/3)...
2025-03-21 15:13:19,167 [INFO] newspaper3k extracted low-quality content from https://digiconomist.net/bitcoin-energy-consumption/, trying BeautifulSoup
2025-03-21 15:13:19,552 [ERROR] Decoding error for https://www.usenix.org/system/files/conference/nsdi16/nsdi16-paper-eyal.pdf: 'utf-8' codec can't decode byte 0xe2 in position 10: invalid continuation byte
2025-03-21 15:13:21,661 [ERROR] Decoding error for https://www.ussc.gov/sites/default/files/pdf/training/annual-national-training-seminar/2018/Emerging_Tech_Bitcoin_Crypto.pdf: 'utf-8' codec can't decode byte 0xe2 in position 10: invalid continuation byte
2025-03-21 15:13:22,443 [INFO] newspaper3k extracted low-quality content from https://bitcoincore.org/, trying BeautifulSoup
2025-03-21 15:13:22,534 [INFO] Failed to extract meaningful content from https://bitcoincore.org/
2025-03-21 15:13:26,705 [INFO] newspaper3k extracted low-quality content from https://www.fidelitycharitable.org/giving-account/what-you-can-donate/donating-bitcoin-to-charity.html, trying BeautifulSoup
2025-03-21 15:13:27,010 [ERROR] Decoding error for https://www.cftc.gov/sites/default/files/2019-12/oceo_bitcoinbasics0218.pdf: 'utf-8' codec can't decode byte 0xe2 in position 10: invalid continuation byte
2025-03-21 15:13:28,792 [WARNING] Error fetching article at https://finance.yahoo.com/quote/BTC-USD/: 400, message='Got more than 8190 bytes (16851) when reading Header value is too long.', url='https://finance.yahoo.com/quote/BTC-USD/?guce_referrer=aHR0cHM6Ly93d3cuZ29vZ2xlLmNvbS8&guce_referrer_sig=AQAAAAsxoX38EI1mDQLs-yvU_GmACBV7Dezlyt_BIguyPCxbT394lxNqd8AMlwpuNXRDXBTZ6KNpCKP0xl7FHsaXBgFudKOz8u88Mjr4ALDp9-TSX1A0DZq3K2Yw61h9GvehXSUm7EixDIIWYzu-t9q460Ymbo0OROTGLZxXiHuj9gJE&_guc_consent_skip=1742552037'. Retrying in 3.0s (2/3)...
2025-03-21 15:13:33,687 [ERROR] Max retries reached for https://finance.yahoo.com/quote/BTC-USD/: 400, message='Got more than 8190 bytes (23488) when reading Header value is too long.', url='https://finance.yahoo.com/quote/BTC-USD/?guce_referrer=aHR0cHM6Ly93d3cuZ29vZ2xlLmNvbS8&guce_referrer_sig=AQAAAAsxoX38EI1mDQLs-yvU_GmACBV7Dezlyt_BIguyPCxbT394lxNqd8AMlwpuNXRDXBTZ6KNpCKP0xl7FHsaXBgFudKOz8u88Mjr4ALDp9-TSX1A0DZq3K2Yw61h9GvehXSUm7EixDIIWYzu-t9q460Ymbo0OROTGLZxXiHuj9gJE&_guc_consent_skip=1742552042'
2025-03-21 15:13:35,331 [WARNING] Error fetching article at https://le.utah.gov/~2025/bills/static/HB0230.html: . Retrying in 1.5s (1/3)...
2025-03-21 15:13:52,320 [WARNING] Error fetching article at https://le.utah.gov/~2025/bills/static/HB0230.html: . Retrying in 3.0s (2/3)...
2025-03-21 15:13:56,779 [INFO] newspaper3k extracted low-quality content from https://le.utah.gov/~2025/bills/static/HB0230.html, trying BeautifulSoup
2025-03-21 15:13:56,818 [INFO] Failed to extract meaningful content from https://le.utah.gov/~2025/bills/static/HB0230.html
2025-03-21 15:13:56,822 [INFO] Article 'Buy Bitcoin & cryptocurrency' added to valid articles.
2025-03-21 15:13:56,822 [INFO] Article 'Bitcoin Wiki' added to valid articles.
2025-03-21 15:13:56,824 [INFO] Article 'Bitcoin Energy Consumption Index' added to valid articles.
2025-03-21 15:13:56,824 [INFO] Article 'ESTABLISHMENT OF THE STRATEGIC BITCOIN RESERVE AND UNITED STATES DIGITAL ASSET STOCKPILE' added to valid articles.
2025-03-21 15:13:56,825 [INFO] Article 'bitcoin/bitcoin: Bitcoin Core integration/staging tree' added to valid articles.
2025-03-21 15:13:56,826 [INFO] Article 'What Is Bitcoin? How To Buy, Mine, and Use It' added to valid articles.
2025-03-21 15:13:56,826 [INFO] Article 'Bitcoin price today, BTC to USD live price, marketcap and chart' added to valid articles.
2025-03-21 15:13:56,827 [INFO] Article 'Donating Bitcoin and other cryptocurrencies to charity' added to valid articles.
2025-03-21 15:13:56,879 [INFO] Formatted content for summarization with 8755 words
2025-03-21 15:13:56,898 [INFO] Summarizing chunk 1/15
2025-03-21 15:13:58,088 [INFO] Summarizing chunk 2/15
2025-03-21 15:13:58,957 [INFO] Summarizing chunk 3/15
2025-03-21 15:14:00,226 [INFO] Summarizing chunk 4/15
2025-03-21 15:14:01,531 [INFO] Summarizing chunk 5/15
2025-03-21 15:14:02,861 [INFO] Summarizing chunk 6/15
2025-03-21 15:14:03,946 [INFO] Summarizing chunk 7/15
2025-03-21 15:14:05,109 [INFO] Summarizing chunk 8/15
2025-03-21 15:14:06,150 [INFO] Summarizing chunk 9/15
2025-03-21 15:14:07,312 [INFO] Summarizing chunk 10/15
2025-03-21 15:14:08,548 [INFO] Summarizing chunk 11/15
2025-03-21 15:14:09,939 [INFO] Summarizing chunk 12/15
2025-03-21 15:14:11,015 [INFO] Summarizing chunk 13/15
2025-03-21 15:14:12,086 [INFO] Summarizing chunk 14/15
2025-03-21 15:14:13,156 [INFO] Summarizing chunk 15/15
2025-03-21 15:14:16,514 [WARNING] Gemini generated a short summary (258 words), using fallback
2025-03-21 15:14:16,526 [INFO] Using extractive summarization fallback
2025-03-21 15:14:16,548 [INFO] Summarization completed in 19.65 seconds
2025-03-21 15:14:16,554 [INFO] Generated summary with 349 words.
2025-03-21 15:14:19,737 [INFO] HTTP Request: POST https://api.elevenlabs.io/v1/text-to-speech/JBFqnCBsd6RMkjVDRZzb/stream "HTTP/1.1 401 Unauthorized"
2025-03-21 15:14:19,743 [ERROR] Text-to-speech conversion failed: status_code: 401, body: {'detail': {'status': 'detected_unusual_activity', 'message': 'Unusual activity detected. Free Tier usage disabled. If you are using a proxy/VPN you might need to purchase a Paid Plan to not trigger our abuse detectors. Free Tier only works if users do not abuse it, for example by creating multiple free accounts. If we notice that many people try to abuse it, we will need to reconsider Free Tier altogether. \nPlease play fair and purchase any Paid Subscription to continue.'}}
2025-03-21 15:14:19,755 [INFO] Data written to output.json.
2025-03-21 15:14:22,952 [INFO] HTTP Request: POST https://ljrlwlsqivyghpshguee.supabase.co/rest/v1/Queries "HTTP/2 201 Created"
2025-03-21 15:17:39,928 [INFO] Configuration loaded successfully
2025-03-21 15:17:43,886 [INFO] Gemini model initialized successfully
2025-03-21 15:17:46,905 [INFO] Using Supabase URL: https://ljrlwlsqivyghpshguee.supabase.co
2025-03-21 15:17:46,907 [INFO] API Key found (masked): eyJh********************************************************************************************************************************************************************************************************K5Tg
2025-03-21 15:17:46,908 [INFO] Supabase username and password found in environment variables
2025-03-21 15:17:47,784 [INFO] Supabase client initialized successfully
2025-03-21 15:17:48,654 [INFO] Successfully created Supabase client
2025-03-21 15:17:50,165 [INFO] HTTP Request: GET https://ljrlwlsqivyghpshguee.supabase.co/rest/v1/Users?select=count&limit=1 "HTTP/2 200 OK"
2025-03-21 15:17:50,174 [INFO] Successfully connected to Supabase
2025-03-21 15:17:50,175 [INFO] Successfully connected to Supabase at startup
2025-03-21 15:19:29,927 [INFO] Scrape request received: Query='bitcoin', Num URLs=10
2025-03-21 15:19:29,928 [INFO] Starting collection process for query: 'bitcoin'
2025-03-21 15:19:29,928 [INFO] Desired article count: 10
2025-03-21 15:19:32,753 [INFO] Google Search API returned 10 URLs
2025-03-21 15:19:32,754 [INFO] Blocked domain detected: www.reddit.com
2025-03-21 15:19:32,755 [INFO] Blocked domain detected: en.wikipedia.org
2025-03-21 15:19:32,756 [INFO] Filtered 2 blocked domains
2025-03-21 15:19:32,757 [INFO] Fetching robots.txt from https://bitcoin.org/robots.txt
2025-03-21 15:19:33,964 [INFO] Fetching robots.txt from https://coinmarketcap.com/robots.txt
2025-03-21 15:19:35,845 [INFO] Fetching robots.txt from https://www.bitcoin.com/robots.txt
2025-03-21 15:19:36,401 [INFO] Fetching robots.txt from https://www.ussc.gov/robots.txt
2025-03-21 15:19:39,629 [INFO] Fetching robots.txt from https://www.whitehouse.gov/robots.txt
2025-03-21 15:19:40,408 [INFO] Fetching robots.txt from https://ccaf.io/robots.txt
2025-03-21 15:19:41,771 [INFO] Non-200 response from https://ccaf.io/robots.txt: 404
2025-03-21 15:19:41,772 [INFO] Skipping https://ccaf.io/cbnsi/cbeci as robots.txt could not be fetched.
2025-03-21 15:19:41,772 [INFO] Fetching robots.txt from https://finance.yahoo.com/robots.txt
2025-03-21 15:19:43,877 [INFO] Fetching robots.txt from https://github.com/robots.txt
2025-03-21 15:19:45,111 [INFO] Collected 8 unique URLs so far
2025-03-21 15:19:49,792 [INFO] Google Search API returned 10 URLs
2025-03-21 15:19:49,793 [INFO] Blocked domain detected: x.com
2025-03-21 15:19:49,794 [INFO] Filtered 1 blocked domains
2025-03-21 15:19:49,794 [INFO] Fetching robots.txt from https://bitcoincore.org/robots.txt
2025-03-21 15:19:51,097 [INFO] Fetching robots.txt from https://www.cmegroup.com/robots.txt
2025-03-21 15:19:56,319 [INFO] Timeout occurred while fetching https://www.cmegroup.com/robots.txt
2025-03-21 15:19:56,320 [INFO] Skipping https://www.cmegroup.com/markets/cryptocurrencies/bitcoin/bitcoin.html as robots.txt could not be fetched.
2025-03-21 15:19:56,321 [INFO] Fetching robots.txt from https://en.bitcoin.it/robots.txt
2025-03-21 15:19:57,674 [INFO] Fetching robots.txt from https://digiconomist.net/robots.txt
2025-03-21 15:19:59,888 [INFO] Fetching robots.txt from https://www.investopedia.com/robots.txt
2025-03-21 15:20:01,147 [INFO] Fetching robots.txt from https://www.usenix.org/robots.txt
2025-03-21 15:20:02,469 [INFO] Fetching robots.txt from https://play.google.com/robots.txt
2025-03-21 15:20:04,492 [INFO] Fetching robots.txt from https://le.utah.gov/robots.txt
2025-03-21 15:20:10,322 [INFO] Timeout occurred while fetching https://le.utah.gov/robots.txt
2025-03-21 15:20:10,325 [INFO] Skipping https://le.utah.gov/~2025/bills/static/HB0230.html as robots.txt could not be fetched.
2025-03-21 15:20:10,327 [INFO] Fetching robots.txt from https://oksenate.gov/robots.txt
2025-03-21 15:20:12,911 [INFO] Collected 17 unique URLs so far
2025-03-21 15:20:18,015 [INFO] Google Search API returned 10 URLs
2025-03-21 15:20:18,046 [INFO] Blocked domain detected: x.com
2025-03-21 15:20:18,111 [INFO] Filtered 1 blocked domains
2025-03-21 15:20:18,179 [INFO] Fetching robots.txt from https://oksenate.gov/robots.txt
2025-03-21 15:20:21,063 [INFO] Fetching robots.txt from https://www.fidelitycharitable.org/robots.txt
2025-03-21 15:20:24,068 [INFO] Fetching robots.txt from https://www.coinbase.com/robots.txt
2025-03-21 15:20:27,590 [INFO] Fetching robots.txt from https://www.fec.gov/robots.txt
2025-03-21 15:20:29,115 [INFO] Fetching robots.txt from https://www.santamonica.gov/robots.txt
2025-03-21 15:20:30,164 [INFO] Non-200 response from https://www.santamonica.gov/robots.txt: 404
2025-03-21 15:20:30,165 [INFO] Skipping https://www.santamonica.gov/programs/bitcoin-office as robots.txt could not be fetched.
2025-03-21 15:20:30,165 [INFO] Fetching robots.txt from https://www.coindesk.com/robots.txt
2025-03-21 15:20:30,868 [INFO] Fetching robots.txt from https://www.blockchain.com/robots.txt
2025-03-21 15:20:31,834 [INFO] Fetching robots.txt from https://www.binance.com/robots.txt
2025-03-21 15:20:32,466 [INFO] Fetching robots.txt from https://b.tc/robots.txt
2025-03-21 15:20:33,427 [INFO] Non-200 response from https://b.tc/robots.txt: 404
2025-03-21 15:20:33,429 [INFO] Skipping https://b.tc/conference/ as robots.txt could not be fetched.
2025-03-21 15:20:33,430 [INFO] Collected 25 unique URLs so far
2025-03-21 15:20:33,430 [INFO] Limited URL collection to 20
2025-03-21 15:20:33,431 [INFO] Scraping content from 20 collected URLs...
2025-03-21 15:20:35,084 [INFO] newspaper3k extracted low-quality content from https://ccaf.io/cbnsi/cbeci, trying BeautifulSoup
2025-03-21 15:20:35,107 [INFO] Failed to extract meaningful content from https://ccaf.io/cbnsi/cbeci
2025-03-21 15:20:36,744 [ERROR] Access denied to https://www.coinbase.com/price/bitcoin: HTTP 403 Forbidden.
2025-03-21 15:20:39,740 [INFO] newspaper3k extracted low-quality content from https://www.bitcoin.com/, trying BeautifulSoup
2025-03-21 15:20:49,310 [WARNING] Error fetching article at https://www.cmegroup.com/markets/cryptocurrencies/bitcoin/bitcoin.html: . Retrying in 1.5s (1/3)...
2025-03-21 15:20:50,931 [WARNING] Error fetching article at https://finance.yahoo.com/quote/BTC-USD/: 400, message='Got more than 8190 bytes (9051) when reading Header value is too long.', url='https://finance.yahoo.com/quote/BTC-USD/'. Retrying in 1.5s (1/3)...
2025-03-21 15:20:52,016 [INFO] newspaper3k extracted low-quality content from https://bitcoin.org/, trying BeautifulSoup
2025-03-21 15:20:52,071 [INFO] Failed to extract meaningful content from https://bitcoin.org/
2025-03-21 15:20:52,329 [ERROR] Decoding error for https://play.google.com/store/apps/details?id=de.schildbach.wallet&hl=en_US: 
2025-03-21 15:20:55,685 [INFO] Article at https://www.fec.gov/help-candidates-and-committees/filing-reports/bitcoin-contributions/ has insufficient content after processing.
2025-03-21 15:20:59,462 [INFO] newspaper3k extracted low-quality content from https://digiconomist.net/bitcoin-energy-consumption/, trying BeautifulSoup
2025-03-21 15:21:04,333 [ERROR] Decoding error for https://www.ussc.gov/sites/default/files/pdf/training/annual-national-training-seminar/2018/Emerging_Tech_Bitcoin_Crypto.pdf: 
2025-03-21 15:21:06,508 [INFO] Article at https://oksenate.gov/press-releases/deevers-introduces-bitcoin-freedom-act-bring-oklahomas-economy-future has insufficient content after processing.
2025-03-21 15:21:08,315 [WARNING] Error fetching article at https://le.utah.gov/~2025/bills/static/HB0230.html: . Retrying in 1.5s (1/3)...
2025-03-21 15:21:10,584 [INFO] newspaper3k extracted low-quality content from https://bitcoincore.org/, trying BeautifulSoup
2025-03-21 15:21:10,607 [INFO] Failed to extract meaningful content from https://bitcoincore.org/
2025-03-21 15:21:24,958 [INFO] newspaper3k extracted low-quality content from https://www.fidelitycharitable.org/giving-account/what-you-can-donate/donating-bitcoin-to-charity.html, trying BeautifulSoup
2025-03-21 15:21:27,868 [WARNING] Error fetching article at https://finance.yahoo.com/quote/BTC-USD/: 400, message='Got more than 8190 bytes (11651) when reading Header value is too long.', url='https://finance.yahoo.com/quote/BTC-USD/'. Retrying in 3.0s (2/3)...
2025-03-21 15:21:34,326 [ERROR] Decoding error for https://www.usenix.org/system/files/conference/nsdi16/nsdi16-paper-eyal.pdf: 
2025-03-21 15:21:36,864 [ERROR] Max retries reached for https://finance.yahoo.com/quote/BTC-USD/: 400, message='Got more than 8190 bytes (9051) when reading Header value is too long.', url='https://finance.yahoo.com/quote/BTC-USD/'
2025-03-21 15:21:37,332 [WARNING] Error fetching article at https://www.cmegroup.com/markets/cryptocurrencies/bitcoin/bitcoin.html: . Retrying in 3.0s (2/3)...
2025-03-21 15:21:43,330 [WARNING] Error fetching article at https://le.utah.gov/~2025/bills/static/HB0230.html: . Retrying in 3.0s (2/3)...
2025-03-21 15:21:56,318 [ERROR] Max retries reached for https://www.cmegroup.com/markets/cryptocurrencies/bitcoin/bitcoin.html: 
2025-03-21 15:22:02,312 [ERROR] Max retries reached for https://le.utah.gov/~2025/bills/static/HB0230.html: 
2025-03-21 15:22:02,317 [INFO] Article 'Buy Bitcoin & cryptocurrency' added to valid articles.
2025-03-21 15:22:02,321 [INFO] Article 'Bitcoin Wiki' added to valid articles.
2025-03-21 15:22:02,323 [INFO] Article 'Bitcoin Energy Consumption Index' added to valid articles.
2025-03-21 15:22:02,324 [INFO] Article 'bitcoin/bitcoin: Bitcoin Core integration/staging tree' added to valid articles.
2025-03-21 15:22:02,326 [INFO] Article 'ESTABLISHMENT OF THE STRATEGIC BITCOIN RESERVE AND UNITED STATES DIGITAL ASSET STOCKPILE' added to valid articles.
2025-03-21 15:22:02,327 [INFO] Article 'What Is Bitcoin? How To Buy, Mine, and Use It' added to valid articles.
2025-03-21 15:22:02,327 [INFO] Article 'Bitcoin price today, BTC to USD live price, marketcap and chart' added to valid articles.
2025-03-21 15:22:02,328 [INFO] Article 'Donating Bitcoin and other cryptocurrencies to charity' added to valid articles.
2025-03-21 15:22:02,458 [INFO] Formatted content for summarization with 8755 words
2025-03-21 15:22:02,506 [INFO] Summarizing chunk 1/15
2025-03-21 15:22:04,384 [INFO] Summarizing chunk 2/15
2025-03-21 15:22:05,629 [INFO] Summarizing chunk 3/15
2025-03-21 15:22:07,871 [INFO] Summarizing chunk 4/15
2025-03-21 15:22:09,255 [INFO] Summarizing chunk 5/15
2025-03-21 15:22:10,459 [INFO] Summarizing chunk 6/15
2025-03-21 15:22:11,510 [INFO] Summarizing chunk 7/15
2025-03-21 15:22:12,785 [INFO] Summarizing chunk 8/15
2025-03-21 15:22:13,947 [INFO] Summarizing chunk 9/15
2025-03-21 15:22:15,168 [INFO] Summarizing chunk 10/15
2025-03-21 15:22:16,741 [INFO] Summarizing chunk 11/15
2025-03-21 15:22:18,007 [INFO] Summarizing chunk 12/15
2025-03-21 15:22:19,283 [INFO] Summarizing chunk 13/15
2025-03-21 15:22:20,929 [INFO] Summarizing chunk 14/15
2025-03-21 15:22:22,135 [INFO] Summarizing chunk 15/15
2025-03-21 15:22:31,681 [WARNING] Gemini generated a short summary (211 words), using fallback
2025-03-21 15:22:31,682 [INFO] Using extractive summarization fallback
2025-03-21 15:22:31,685 [INFO] Summarization completed in 29.19 seconds
2025-03-21 15:22:31,686 [INFO] Generated summary with 344 words.
2025-03-21 15:22:52,302 [INFO] Final summary translated to ur
2025-03-21 15:22:52,302 [INFO] Truncating text for TTS to 400 words (was 549 words)
2025-03-21 15:22:54,188 [INFO] HTTP Request: POST https://api.elevenlabs.io/v1/text-to-speech/JBFqnCBsd6RMkjVDRZzb/stream "HTTP/1.1 401 Unauthorized"
2025-03-21 15:22:54,244 [ERROR] Text-to-speech conversion failed: status_code: 401, body: {'detail': {'status': 'detected_unusual_activity', 'message': 'Unusual activity detected. Free Tier usage disabled. If you are using a proxy/VPN you might need to purchase a Paid Plan to not trigger our abuse detectors. Free Tier only works if users do not abuse it, for example by creating multiple free accounts. If we notice that many people try to abuse it, we will need to reconsider Free Tier altogether. \nPlease play fair and purchase any Paid Subscription to continue.'}}
2025-03-21 15:22:54,253 [INFO] Data written to output.json.
2025-03-21 15:22:56,519 [INFO] HTTP Request: POST https://ljrlwlsqivyghpshguee.supabase.co/rest/v1/Queries "HTTP/2 201 Created"
2025-03-21 15:50:12,645 [INFO] Scrape request received: Query='bitcoin', Num URLs=10
2025-03-21 15:50:12,646 [INFO] Starting collection process for query: 'bitcoin'
2025-03-21 15:50:12,646 [INFO] Desired article count: 10
2025-03-21 15:50:14,409 [INFO] Google Search API returned 10 URLs
2025-03-21 15:50:14,410 [INFO] Blocked domain detected: www.reddit.com
2025-03-21 15:50:14,411 [INFO] Blocked domain detected: en.wikipedia.org
2025-03-21 15:50:14,412 [INFO] Filtered 2 blocked domains
2025-03-21 15:50:14,412 [INFO] Fetching robots.txt from https://bitcoin.org/robots.txt
2025-03-21 15:50:15,342 [INFO] Fetching robots.txt from https://coinmarketcap.com/robots.txt
2025-03-21 15:50:16,342 [INFO] Fetching robots.txt from https://www.bitcoin.com/robots.txt
2025-03-21 15:50:16,911 [INFO] Fetching robots.txt from https://www.ussc.gov/robots.txt
2025-03-21 15:50:18,705 [INFO] Fetching robots.txt from https://finance.yahoo.com/robots.txt
2025-03-21 15:50:19,636 [INFO] Fetching robots.txt from https://www.whitehouse.gov/robots.txt
2025-03-21 15:50:20,446 [INFO] Fetching robots.txt from https://ccaf.io/robots.txt
2025-03-21 15:50:21,375 [INFO] Non-200 response from https://ccaf.io/robots.txt: 404
2025-03-21 15:50:21,376 [INFO] Skipping https://ccaf.io/cbnsi/cbeci as robots.txt could not be fetched.
2025-03-21 15:50:21,376 [INFO] Fetching robots.txt from https://www.whitehouse.gov/robots.txt
2025-03-21 15:50:21,997 [INFO] Collected 8 unique URLs so far
2025-03-21 15:50:24,646 [INFO] Google Search API returned 10 URLs
2025-03-21 15:50:24,648 [INFO] Filtered 0 blocked domains
2025-03-21 15:50:24,649 [INFO] Fetching robots.txt from https://github.com/robots.txt
2025-03-21 15:50:25,361 [INFO] Fetching robots.txt from https://bitcoincore.org/robots.txt
2025-03-21 15:50:27,117 [INFO] Fetching robots.txt from https://www.cmegroup.com/robots.txt
2025-03-21 15:50:32,307 [INFO] Timeout occurred while fetching https://www.cmegroup.com/robots.txt
2025-03-21 15:50:32,308 [INFO] Skipping https://www.cmegroup.com/markets/cryptocurrencies/bitcoin/bitcoin.html as robots.txt could not be fetched.
2025-03-21 15:50:32,309 [INFO] Fetching robots.txt from https://en.bitcoin.it/robots.txt
2025-03-21 15:50:33,246 [INFO] Fetching robots.txt from https://digiconomist.net/robots.txt
2025-03-21 15:50:34,989 [INFO] Fetching robots.txt from https://www.coinbase.com/robots.txt
2025-03-21 15:50:35,935 [INFO] Fetching robots.txt from https://www.coindesk.com/robots.txt
2025-03-21 15:50:36,810 [INFO] Fetching robots.txt from https://www.investopedia.com/robots.txt
2025-03-21 15:50:37,655 [INFO] Fetching robots.txt from https://www.usenix.org/robots.txt
2025-03-21 15:50:39,189 [INFO] Fetching robots.txt from https://www.coingecko.com/robots.txt
2025-03-21 15:50:40,729 [INFO] Collected 18 unique URLs so far
2025-03-21 15:50:43,399 [INFO] Google Search API returned 10 URLs
2025-03-21 15:50:43,400 [INFO] Blocked domain detected: x.com
2025-03-21 15:50:43,401 [INFO] Filtered 1 blocked domains
2025-03-21 15:50:43,401 [INFO] Fetching robots.txt from https://play.google.com/robots.txt
2025-03-21 15:50:43,748 [INFO] Fetching robots.txt from https://le.utah.gov/robots.txt
2025-03-21 15:50:46,251 [INFO] Fetching robots.txt from https://oksenate.gov/robots.txt
2025-03-21 15:50:47,694 [INFO] Fetching robots.txt from https://www.congress.gov/robots.txt
2025-03-21 15:50:48,441 [INFO] Non-200 response from https://www.congress.gov/robots.txt: 403
2025-03-21 15:50:48,442 [INFO] Skipping https://www.congress.gov/bill/118th-congress/senate-bill/4912/text as robots.txt could not be fetched.
2025-03-21 15:50:48,443 [INFO] Fetching robots.txt from https://www.cftc.gov/robots.txt
2025-03-21 15:50:49,937 [INFO] Fetching robots.txt from https://www.fidelitycharitable.org/robots.txt
2025-03-21 15:50:53,936 [INFO] Fetching robots.txt from https://www.tradingview.com/robots.txt
2025-03-21 15:50:55,371 [INFO] Fetching robots.txt from https://www.santamonica.gov/robots.txt
2025-03-21 15:50:57,010 [INFO] Non-200 response from https://www.santamonica.gov/robots.txt: 404
2025-03-21 15:50:57,011 [INFO] Skipping https://www.santamonica.gov/programs/bitcoin-office as robots.txt could not be fetched.
2025-03-21 15:50:57,012 [INFO] Fetching robots.txt from https://www.blockchain.com/robots.txt
2025-03-21 15:50:58,853 [INFO] Collected 27 unique URLs so far
2025-03-21 15:50:58,854 [INFO] Limited URL collection to 20
2025-03-21 15:50:58,856 [INFO] Scraping content from 20 collected URLs...
2025-03-21 15:51:00,599 [INFO] Article at https://play.google.com/store/apps/details?id=de.schildbach.wallet&hl=en_US has insufficient content after processing.
2025-03-21 15:51:00,687 [INFO] newspaper3k extracted low-quality content from https://le.utah.gov/~2025/bills/static/HB0230.html, trying BeautifulSoup
2025-03-21 15:51:00,723 [INFO] Failed to extract meaningful content from https://le.utah.gov/~2025/bills/static/HB0230.html
2025-03-21 15:51:01,966 [INFO] newspaper3k extracted low-quality content from https://www.coindesk.com/price/bitcoin, trying BeautifulSoup
2025-03-21 15:51:02,778 [INFO] newspaper3k extracted low-quality content from https://ccaf.io/cbnsi/cbeci, trying BeautifulSoup
2025-03-21 15:51:02,801 [INFO] Failed to extract meaningful content from https://ccaf.io/cbnsi/cbeci
2025-03-21 15:51:03,284 [INFO] newspaper3k extracted low-quality content from https://www.bitcoin.com/, trying BeautifulSoup
2025-03-21 15:51:05,665 [INFO] newspaper3k extracted low-quality content from https://bitcoin.org/, trying BeautifulSoup
2025-03-21 15:51:05,741 [INFO] Failed to extract meaningful content from https://bitcoin.org/
2025-03-21 15:51:09,895 [INFO] newspaper3k extracted low-quality content from https://digiconomist.net/bitcoin-energy-consumption/, trying BeautifulSoup
2025-03-21 15:51:10,019 [ERROR] Access denied to https://www.coinbase.com/price/bitcoin: HTTP 403 Forbidden.
2025-03-21 15:51:10,341 [ERROR] Access denied to https://www.coingecko.com/en/coins/bitcoin: HTTP 403 Forbidden.
2025-03-21 15:51:11,335 [ERROR] Decoding error for https://www.ussc.gov/sites/default/files/pdf/training/annual-national-training-seminar/2018/Emerging_Tech_Bitcoin_Crypto.pdf: 'utf-8' codec can't decode byte 0xe2 in position 10: invalid continuation byte
2025-03-21 15:51:12,071 [INFO] newspaper3k extracted low-quality content from https://bitcoincore.org/, trying BeautifulSoup
2025-03-21 15:51:12,109 [INFO] Failed to extract meaningful content from https://bitcoincore.org/
2025-03-21 15:51:13,203 [WARNING] Error fetching article at https://finance.yahoo.com/quote/BTC-USD/: 400, message='Got more than 8190 bytes (23488) when reading Header value is too long.', url='https://finance.yahoo.com/quote/BTC-USD/?guce_referrer=aHR0cHM6Ly93d3cuZ29vZ2xlLmNvbS8&guce_referrer_sig=AQAAAGuN_mUmn3PNtUVcI4LHQrXTuyUgfEfM1m_kkzPRu0xreJ9LBng75xCUKtJPT2xS1usLrBnZWkKbhwjb-ehBKqDAHPuUJN41nCO9CVVsVWJ-06GKCB-INfsic7NVbL7jxUr1fzNLg_pE_UutnrJL6_euoGo7gyFrCgG_WTT_d_tc&_guc_consent_skip=1742554301'. Retrying in 1.5s (1/3)...
2025-03-21 15:51:15,020 [ERROR] Decoding error for https://www.usenix.org/system/files/conference/nsdi16/nsdi16-paper-eyal.pdf: 'utf-8' codec can't decode byte 0xe2 in position 10: invalid continuation byte
2025-03-21 15:51:15,902 [WARNING] Error fetching article at https://finance.yahoo.com/quote/BTC-USD/: 400, message='Got more than 8190 bytes (10351) when reading Header value is too long.', url='https://finance.yahoo.com/quote/BTC-USD/'. Retrying in 3.0s (2/3)...
2025-03-21 15:51:21,890 [ERROR] Max retries reached for https://finance.yahoo.com/quote/BTC-USD/: 400, message='Got more than 8190 bytes (23488) when reading Header value is too long.', url='https://finance.yahoo.com/quote/BTC-USD/?guce_referrer=aHR0cHM6Ly93d3cuZ29vZ2xlLmNvbS8&guce_referrer_sig=AQAAAGuN_mUmn3PNtUVcI4LHQrXTuyUgfEfM1m_kkzPRu0xreJ9LBng75xCUKtJPT2xS1usLrBnZWkKbhwjb-ehBKqDAHPuUJN41nCO9CVVsVWJ-06GKCB-INfsic7NVbL7jxUr1fzNLg_pE_UutnrJL6_euoGo7gyFrCgG_WTT_d_tc&_guc_consent_skip=1742554309'
2025-03-21 15:51:21,895 [INFO] Article 'ESTABLISHMENT OF THE STRATEGIC BITCOIN RESERVE AND UNITED STATES DIGITAL ASSET STOCKPILE' added to valid articles.
2025-03-21 15:51:21,897 [INFO] Article 'BTC to USD Price and Live Chart' added to valid articles.
2025-03-21 15:51:21,897 [INFO] Article 'Buy Bitcoin & cryptocurrency' added to valid articles.
2025-03-21 15:51:21,898 [INFO] Article 'Bitcoin Overview' added to valid articles.
2025-03-21 15:51:21,899 [INFO] Article 'What Is Bitcoin? How To Buy, Mine, and Use It' added to valid articles.
2025-03-21 15:51:21,900 [INFO] Article 'Fact Sheet: President Donald J. Trump Establishes the Strategic Bitcoin Reserve and U.S. Digital Asset Stockpile' added to valid articles.
2025-03-21 15:51:21,901 [INFO] Article 'Bitcoin Wiki' added to valid articles.
2025-03-21 15:51:21,901 [INFO] Article 'Bitcoin price today, BTC to USD live price, marketcap and chart' added to valid articles.
2025-03-21 15:51:21,903 [INFO] Article 'bitcoin/bitcoin: Bitcoin Core integration/staging tree' added to valid articles.
2025-03-21 15:51:21,906 [INFO] Article 'Bitcoin Energy Consumption Index' added to valid articles.
2025-03-21 15:51:21,944 [INFO] Formatted content for summarization with 9266 words
2025-03-21 15:51:21,960 [INFO] Summarizing chunk 1/16
2025-03-21 15:51:24,040 [INFO] Summarizing chunk 2/16
2025-03-21 15:51:25,582 [INFO] Summarizing chunk 3/16
2025-03-21 15:51:26,708 [INFO] Summarizing chunk 4/16
2025-03-21 15:51:27,727 [INFO] Summarizing chunk 5/16
2025-03-21 15:51:29,266 [INFO] Summarizing chunk 6/16
2025-03-21 15:51:30,358 [INFO] Summarizing chunk 7/16
2025-03-21 15:51:31,724 [INFO] Summarizing chunk 8/16
2025-03-21 15:51:33,256 [INFO] Summarizing chunk 9/16
2025-03-21 15:51:34,592 [INFO] Summarizing chunk 10/16
2025-03-21 15:51:36,026 [INFO] Summarizing chunk 11/16
2025-03-21 15:51:37,556 [INFO] Summarizing chunk 12/16
2025-03-21 15:51:38,588 [INFO] Summarizing chunk 13/16
2025-03-21 15:51:40,015 [INFO] Summarizing chunk 14/16
2025-03-21 15:51:41,550 [INFO] Summarizing chunk 15/16
2025-03-21 15:51:42,783 [INFO] Summarizing chunk 16/16
2025-03-21 15:51:44,259 [ERROR] Error in Gemini summarization: 429 Resource has been exhausted (e.g. check quota).
2025-03-21 15:51:44,260 [INFO] Falling back to extractive summarization
2025-03-21 15:51:44,260 [INFO] Using extractive summarization fallback
2025-03-21 15:51:44,262 [INFO] Summarization completed in 22.31 seconds
2025-03-21 15:51:44,262 [INFO] Generated summary with 305 words.
2025-03-21 15:51:45,338 [INFO] HTTP Request: POST https://api.elevenlabs.io/v1/text-to-speech/JBFqnCBsd6RMkjVDRZzb/stream "HTTP/1.1 401 Unauthorized"
2025-03-21 15:51:45,341 [ERROR] Text-to-speech conversion failed: status_code: 401, body: {'detail': {'status': 'detected_unusual_activity', 'message': 'Unusual activity detected. Free Tier usage disabled. If you are using a proxy/VPN you might need to purchase a Paid Plan to not trigger our abuse detectors. Free Tier only works if users do not abuse it, for example by creating multiple free accounts. If we notice that many people try to abuse it, we will need to reconsider Free Tier altogether. \nPlease play fair and purchase any Paid Subscription to continue.'}}
2025-03-21 15:51:45,347 [INFO] Data written to output.json.
2025-03-21 15:51:46,466 [INFO] HTTP Request: POST https://ljrlwlsqivyghpshguee.supabase.co/rest/v1/Queries "HTTP/2 201 Created"
2025-03-21 15:52:32,344 [INFO] HTTP Request: POST https://ljrlwlsqivyghpshguee.supabase.co/rest/v1/Queries "HTTP/2 201 Created"
2025-03-21 15:52:32,548 [INFO] HTTP Request: POST https://ljrlwlsqivyghpshguee.supabase.co/rest/v1/feedback "HTTP/2 201 Created"
2025-04-14 02:45:35,187 [INFO] Configuration loaded successfully
2025-04-14 02:45:37,371 [INFO] Gemini model initialized successfully
2025-04-14 02:48:39,175 [INFO] Configuration loaded successfully
2025-04-14 02:48:39,963 [INFO] Gemini model initialized successfully
2025-04-14 03:40:06,036 [INFO] Configuration loaded successfully
2025-04-14 03:40:06,708 [INFO] Gemini model initialized successfully
2025-04-14 03:41:14,471 [INFO] Configuration loaded successfully
2025-04-14 03:41:14,740 [INFO] Gemini model initialized successfully
2025-04-14 03:41:15,666 [INFO] Using Supabase URL: https://ljrlwlsqivyghpshguee.supabase.co
2025-04-14 03:41:15,667 [INFO] API Key found (masked): eyJh********************************************************************************************************************************************************************************************************K5Tg
2025-04-14 03:41:15,667 [INFO] Supabase username and password found in environment variables
2025-04-14 03:41:15,915 [INFO] Supabase client initialized successfully
2025-04-14 03:41:16,167 [INFO] Successfully created Supabase client
2025-04-14 03:41:16,426 [WARNING] Connection test failed: [Errno 11001] getaddrinfo failed
2025-04-14 03:41:16,427 [INFO] Successfully connected to Supabase at startup
2025-04-15 15:37:18,380 [INFO] Configuration loaded successfully
2025-04-15 15:37:19,315 [INFO] Gemini model initialized successfully
2025-04-15 15:37:20,351 [INFO] Using Supabase URL: https://ljrlwlsqivyghpshguee.supabase.co
2025-04-15 15:37:20,351 [INFO] API Key found (masked): eyJh********************************************************************************************************************************************************************************************************K5Tg
2025-04-15 15:37:20,351 [INFO] Supabase username and password found in environment variables
2025-04-15 15:37:20,645 [INFO] Supabase client initialized successfully
2025-04-15 15:37:20,919 [INFO] Successfully created Supabase client
2025-04-15 15:37:22,191 [INFO] HTTP Request: GET https://ljrlwlsqivyghpshguee.supabase.co/rest/v1/Users?select=count&limit=1 "HTTP/2 200 OK"
2025-04-15 15:37:22,198 [INFO] Successfully connected to Supabase
2025-04-15 15:37:22,198 [INFO] Successfully connected to Supabase at startup
2025-04-15 15:38:03,320 [INFO] Scrape request received: Query='CS2 Cheater Problem', Num URLs=10
2025-04-15 15:38:03,321 [INFO] Starting collection process for query: 'CS2 Cheater Problem'
2025-04-15 15:38:03,321 [INFO] Desired article count: 10
2025-04-15 15:38:05,111 [INFO] Google Search API returned 10 URLs
2025-04-15 15:38:05,112 [INFO] Blocked domain detected: www.reddit.com
2025-04-15 15:38:05,112 [INFO] Blocked domain detected: www.reddit.com
2025-04-15 15:38:05,112 [INFO] Blocked domain detected: www.reddit.com
2025-04-15 15:38:05,113 [INFO] Blocked domain detected: www.youtube.com
2025-04-15 15:38:05,113 [INFO] Blocked domain detected: x.com
2025-04-15 15:38:05,113 [INFO] Filtered 5 blocked domains
2025-04-15 15:38:05,113 [INFO] Fetching robots.txt from https://steamcommunity.com/robots.txt
2025-04-15 15:38:05,508 [INFO] Fetching robots.txt from https://steamcommunity.com/robots.txt
2025-04-15 15:38:06,027 [INFO] Fetching robots.txt from https://steamcommunity.com/robots.txt
2025-04-15 15:38:06,868 [INFO] Fetching robots.txt from https://richardlewis.substack.com/robots.txt
2025-04-15 15:38:07,378 [INFO] Fetching robots.txt from https://tradeit.gg/robots.txt
2025-04-15 15:38:07,762 [INFO] Collected 5 unique URLs so far
2025-04-15 15:38:10,625 [INFO] Google Search API returned 10 URLs
2025-04-15 15:38:10,626 [INFO] Blocked domain detected: www.linkedin.com
2025-04-15 15:38:10,627 [INFO] Filtered 1 blocked domains
2025-04-15 15:38:10,627 [INFO] Fetching robots.txt from https://tradeit.gg/robots.txt
2025-04-15 15:38:10,749 [INFO] Fetching robots.txt from https://blog.clash.gg/robots.txt
2025-04-15 15:38:11,295 [INFO] Non-200 response from https://blog.clash.gg/robots.txt: 403
2025-04-15 15:38:11,296 [INFO] Skipping https://blog.clash.gg/cs2-cheating-problem as robots.txt could not be fetched.
2025-04-15 15:38:11,296 [INFO] Fetching robots.txt from https://www.facebook.com/robots.txt
2025-04-15 15:38:11,460 [INFO] Scraping not allowed for https://www.facebook.com/csgolounge/posts/have-they-seen-premier-matches-cs2/1078644080968305/ as per robots.txt.
2025-04-15 15:38:11,460 [INFO] Fetching robots.txt from https://blix.gg/robots.txt
2025-04-15 15:38:12,888 [INFO] Fetching robots.txt from https://cslabez.com/robots.txt
2025-04-15 15:38:14,202 [INFO] Fetching robots.txt from https://www.gamegrin.com/robots.txt
2025-04-15 15:38:14,931 [INFO] Fetching robots.txt from https://skinflow.gg/robots.txt
2025-04-15 15:38:15,687 [INFO] Fetching robots.txt from https://esports.gg/robots.txt
2025-04-15 15:38:16,171 [INFO] Fetching robots.txt from https://csdb.gg/robots.txt
2025-04-15 15:38:17,722 [INFO] Collected 12 unique URLs so far
2025-04-15 15:38:21,254 [INFO] Google Search API returned 10 URLs
2025-04-15 15:38:21,255 [INFO] Blocked domain detected: m.youtube.com
2025-04-15 15:38:21,256 [INFO] Blocked domain detected: m.youtube.com
2025-04-15 15:38:21,257 [INFO] Filtered 2 blocked domains
2025-04-15 15:38:21,257 [INFO] Fetching robots.txt from https://www.esports.net/robots.txt
2025-04-15 15:38:22,693 [INFO] Fetching robots.txt from https://n4g.com/robots.txt
2025-04-15 15:38:23,689 [INFO] Fetching robots.txt from https://www.sportskeeda.com/robots.txt
2025-04-15 15:38:24,105 [INFO] Fetching robots.txt from https://help.steampowered.com/robots.txt
2025-04-15 15:38:25,061 [INFO] Fetching robots.txt from https://metro.co.uk/robots.txt
2025-04-15 15:38:25,614 [INFO] Fetching robots.txt from https://downdetector.com/robots.txt
2025-04-15 15:38:26,336 [INFO] Scraping not allowed for https://downdetector.com/status/counter-strike/ as per robots.txt.
2025-04-15 15:38:26,337 [INFO] Fetching robots.txt from https://bo3.gg/robots.txt
2025-04-15 15:38:26,897 [INFO] Fetching robots.txt from https://undetek.com/robots.txt
2025-04-15 15:38:27,353 [INFO] Non-200 response from https://undetek.com/robots.txt: 403
2025-04-15 15:38:27,354 [INFO] Skipping https://undetek.com/troubleshoot-cs2-cheat-problems/ as robots.txt could not be fetched.
2025-04-15 15:38:27,354 [INFO] Collected 19 unique URLs so far
2025-04-15 15:38:29,990 [INFO] Google Search API returned 10 URLs
2025-04-15 15:38:29,991 [INFO] Blocked domain detected: www.instagram.com
2025-04-15 15:38:29,991 [INFO] Filtered 1 blocked domains
2025-04-15 15:38:29,991 [INFO] Fetching robots.txt from https://bo3.gg/robots.txt
2025-04-15 15:38:31,033 [INFO] Fetching robots.txt from https://gamerant.com/robots.txt
2025-04-15 15:38:31,747 [INFO] Fetching robots.txt from https://dotesports.com/robots.txt
2025-04-15 15:38:32,469 [INFO] Fetching robots.txt from https://www.ign.com/robots.txt
2025-04-15 15:38:37,176 [INFO] Non-200 response from https://www.ign.com/robots.txt: 403
2025-04-15 15:38:37,177 [INFO] Skipping https://www.ign.com/articles/valve-warns-counter-strike-2-cheaters-it-will-punish-all-their-associates-too as robots.txt could not be fetched.
2025-04-15 15:38:37,178 [INFO] Fetching robots.txt from https://www.pcgamer.com/robots.txt
2025-04-15 15:38:37,596 [INFO] Fetching robots.txt from https://www.tiktok.com/robots.txt
2025-04-15 15:38:37,897 [INFO] Fetching robots.txt from https://win.gg/robots.txt
2025-04-15 15:38:39,036 [INFO] Non-200 response from https://win.gg/robots.txt: 403
2025-04-15 15:38:39,036 [INFO] Skipping https://win.gg/news/cs2-players-happy-with-vac-live-after-it-bans-cheaters-mid-game/ as robots.txt could not be fetched.
2025-04-15 15:38:39,036 [INFO] Fetching robots.txt from https://www.gameleap.com/robots.txt
2025-04-15 15:38:39,920 [INFO] Fetching robots.txt from https://prosettings.net/robots.txt
2025-04-15 15:38:40,375 [INFO] Collected 27 unique URLs so far
2025-04-15 15:38:40,375 [INFO] Limited URL collection to 20
2025-04-15 15:38:40,375 [INFO] Scraping content from 20 collected URLs...
2025-04-15 15:38:42,220 [INFO] Article at https://steamcommunity.com/app/730/discussions/0/594010406470555434/ has insufficient content after processing.
2025-04-15 15:38:42,416 [ERROR] Access denied to https://www.esports.net/news/counter-strike/has-valve-finally-fixed-the-cs2-anti-cheat/: HTTP 403 Forbidden.
2025-04-15 15:38:43,781 [INFO] newspaper3k extracted low-quality content from https://bo3.gg/news/streamer-finds-81-cheaters-cs2-premier-elo-challenge, trying BeautifulSoup
2025-04-15 15:38:43,791 [INFO] Failed to extract meaningful content from https://bo3.gg/news/streamer-finds-81-cheaters-cs2-premier-elo-challenge
2025-04-15 15:38:44,089 [ERROR] Access denied to https://blog.clash.gg/cs2-cheating-problem: HTTP 403 Forbidden.
2025-04-15 15:38:44,692 [INFO] Article at https://steamcommunity.com/app/730/discussions/0/4417551094432695045/ has insufficient content after processing.
2025-04-15 15:38:44,834 [ERROR] Access denied to https://undetek.com/troubleshoot-cs2-cheat-problems/: HTTP 403 Forbidden.
2025-04-15 15:38:45,909 [INFO] newspaper3k extracted low-quality content from https://esports.gg/news/counter-strike-2/cs-pros-fans-blast-state-of-cheating-in-premier-matchmaking/, trying BeautifulSoup
2025-04-15 15:38:46,603 [INFO] newspaper3k extracted low-quality content from https://steamcommunity.com/app/730/discussions/0/4348858679331060681/, trying BeautifulSoup
2025-04-15 15:38:46,647 [INFO] Failed to extract meaningful content from https://steamcommunity.com/app/730/discussions/0/4348858679331060681/
2025-04-15 15:38:47,689 [INFO] newspaper3k extracted low-quality content from https://help.steampowered.com/en/faqs/view/571A-97DA-70E9-FF74, trying BeautifulSoup
2025-04-15 15:38:47,700 [INFO] Failed to extract meaningful content from https://help.steampowered.com/en/faqs/view/571A-97DA-70E9-FF74
2025-04-15 15:38:48,402 [INFO] newspaper3k extracted low-quality content from https://cslabez.com/the-cs2-cheating-problem/, trying BeautifulSoup
2025-04-15 15:38:49,556 [INFO] Article 'Talking About Cheaters In CS2 Has Become Insufferably Stupid' added to valid articles.
2025-04-15 15:38:49,556 [INFO] Article 'Counter-Strike content creators leave the game as cheating gets worse' added to valid articles.
2025-04-15 15:38:49,557 [INFO] Article 'Valve, Anti-cheat, And Privacy' added to valid articles.
2025-04-15 15:38:49,557 [INFO] Article 'CS2 Cheating Problem – What’s The Solution?' added to valid articles.
2025-04-15 15:38:49,557 [INFO] Article 'A turning point in the CS2 cheating problem?' added to valid articles.
2025-04-15 15:38:49,557 [INFO] Article '"I'm crying for them tonight": CS2 pro Shox addresses rampant cheating problem in Copenhagen Major 2024 Open Qualifier' added to valid articles.
2025-04-15 15:38:49,557 [INFO] Article 'CS2 Cheating Controversy: Issues Arise Post-Launch' added to valid articles.
2025-04-15 15:38:49,557 [INFO] Article 'CS2 pros and fans blast state of cheating in Premier matchmaking: “Where is the logic?”' added to valid articles.
2025-04-15 15:38:49,557 [INFO] Article 'CS2 Cheating Problem: An In-Depth Look – blix.gg' added to valid articles.
2025-04-15 15:38:49,557 [INFO] Article 'Counter Strike 2 Update Adds Heavy Punishment For Cheating' added to valid articles.
2025-04-15 15:38:49,594 [INFO] Formatted content for summarization with 9299 words
2025-04-15 15:38:49,611 [INFO] Summarizing chunk 1/15
2025-04-15 15:38:51,803 [INFO] Summarizing chunk 2/15
2025-04-15 15:38:53,083 [INFO] Summarizing chunk 3/15
2025-04-15 15:38:54,313 [WARNING] Gemini generated a short summary (0 words), using fallback
2025-04-15 15:38:54,314 [INFO] Using extractive summarization fallback
2025-04-15 15:38:54,314 [INFO] Summarizing chunk 4/15
2025-04-15 15:38:55,469 [INFO] Summarizing chunk 5/15
2025-04-15 15:38:56,708 [INFO] Summarizing chunk 6/15
2025-04-15 15:38:58,174 [INFO] Summarizing chunk 7/15
2025-04-15 15:38:59,413 [INFO] Summarizing chunk 8/15
2025-04-15 15:39:00,372 [INFO] Summarizing chunk 9/15
2025-04-15 15:39:01,465 [INFO] Summarizing chunk 10/15
2025-04-15 15:39:02,574 [INFO] Summarizing chunk 11/15
2025-04-15 15:39:03,766 [WARNING] Gemini generated a short summary (18 words), using fallback
2025-04-15 15:39:03,766 [INFO] Using extractive summarization fallback
2025-04-15 15:39:03,766 [INFO] Summarizing chunk 12/15
2025-04-15 15:39:05,098 [INFO] Summarizing chunk 13/15
2025-04-15 15:39:06,301 [INFO] Summarizing chunk 14/15
2025-04-15 15:39:07,321 [INFO] Summarizing chunk 15/15
2025-04-15 15:39:08,309 [WARNING] Gemini generated a short summary (18 words), using fallback
2025-04-15 15:39:08,310 [INFO] Using extractive summarization fallback
2025-04-15 15:39:10,740 [WARNING] Gemini generated a short summary (187 words), using fallback
2025-04-15 15:39:10,740 [INFO] Using extractive summarization fallback
2025-04-15 15:39:10,746 [INFO] Summarization completed in 21.14 seconds
2025-04-15 15:39:10,746 [INFO] Generated summary with 219 words.
2025-04-15 15:39:10,747 [WARNING] Generated summary is too short (219 words). Attempting to regenerate.
2025-04-15 15:39:11,117 [ERROR] Error in Gemini summarization: 429 You exceeded your current quota, please check your plan and billing details. For more information on this error, head to: https://ai.google.dev/gemini-api/docs/rate-limits. [violations {
}
, links {
  description: "Learn more about Gemini API quotas"
  url: "https://ai.google.dev/gemini-api/docs/rate-limits"
}
, retry_delay {
  seconds: 49
}
]
2025-04-15 15:39:11,117 [INFO] Falling back to extractive summarization
2025-04-15 15:39:11,117 [INFO] Using extractive summarization fallback
2025-04-15 15:39:11,119 [INFO] Regenerated summary with 106 words.
2025-04-15 15:39:11,119 [WARNING] Summary remains short (219 words), returning as is.
2025-04-15 15:39:15,282 [INFO] HTTP Request: POST https://api.elevenlabs.io/v1/text-to-speech/JBFqnCBsd6RMkjVDRZzb/stream "HTTP/1.1 200 OK"
2025-04-15 15:39:32,459 [INFO] Audio has been downloaded and saved as output_audio.mp3
2025-04-15 15:39:32,469 [ERROR] Text-to-speech conversion failed: [WinError 2] The system cannot find the file specified
2025-04-15 15:39:32,472 [INFO] Data written to output.json.
2025-04-15 15:39:33,418 [INFO] HTTP Request: POST https://ljrlwlsqivyghpshguee.supabase.co/rest/v1/Queries "HTTP/2 201 Created"
2025-04-15 16:12:24,219 [INFO] Configuration loaded successfully
2025-04-15 16:12:25,616 [INFO] Gemini model initialized successfully
2025-04-15 16:12:28,520 [INFO] Using Supabase URL: https://ljrlwlsqivyghpshguee.supabase.co
2025-04-15 16:12:28,522 [INFO] API Key found (masked): eyJh********************************************************************************************************************************************************************************************************K5Tg
2025-04-15 16:12:28,523 [INFO] Supabase username and password found in environment variables
2025-04-15 16:12:29,584 [INFO] Supabase client initialized successfully
2025-04-15 16:12:30,408 [INFO] Successfully created Supabase client
2025-04-15 16:12:32,031 [INFO] HTTP Request: GET https://ljrlwlsqivyghpshguee.supabase.co/rest/v1/Users?select=count&limit=1 "HTTP/2 200 OK"
2025-04-15 16:12:32,044 [INFO] Successfully connected to Supabase
2025-04-15 16:12:32,049 [INFO] Successfully connected to Supabase at startup
2025-04-15 16:22:55,607 [INFO] Scrape request received: Query='babar azam', Num URLs=10
2025-04-15 16:22:55,608 [INFO] Starting collection process for query: 'babar azam'
2025-04-15 16:22:55,608 [INFO] Desired article count: 10
2025-04-15 16:22:57,437 [INFO] Google Search API returned 10 URLs
2025-04-15 16:22:57,439 [INFO] Blocked domain detected: en.wikipedia.org
2025-04-15 16:22:57,439 [INFO] Blocked domain detected: www.instagram.com
2025-04-15 16:22:57,439 [INFO] Blocked domain detected: www.reddit.com
2025-04-15 16:22:57,440 [INFO] Blocked domain detected: www.reddit.com
2025-04-15 16:22:57,440 [INFO] Blocked domain detected: www.reddit.com
2025-04-15 16:22:57,441 [INFO] Filtered 5 blocked domains
2025-04-15 16:22:57,441 [INFO] Fetching robots.txt from https://www.espncricinfo.com/robots.txt
2025-04-15 16:22:57,770 [INFO] Non-200 response from https://www.espncricinfo.com/robots.txt: 403
2025-04-15 16:22:57,771 [INFO] Skipping https://www.espncricinfo.com/cricketers/babar-azam-348144 as robots.txt could not be fetched.
2025-04-15 16:22:57,771 [INFO] Fetching robots.txt from https://www.cricbuzz.com/robots.txt
2025-04-15 16:22:58,181 [INFO] Fetching robots.txt from https://sports.ndtv.com/robots.txt
2025-04-15 16:22:58,598 [INFO] Fetching robots.txt from https://www.hindustantimes.com/robots.txt
2025-04-15 16:22:58,701 [ERROR] Error fetching robots.txt from https://www.hindustantimes.com/robots.txt: Cannot connect to host www.hindustantimes.com:443 ssl:default [getaddrinfo failed]
2025-04-15 16:22:58,702 [INFO] Skipping https://www.hindustantimes.com/cricket/babar-azam-torn-to-shreds-as-pakistan-reduced-to-32-5-in-horrific-collapse-vs-nz-fan-says-missed-century-by-99-runs-101743567868410.html as robots.txt could not be fetched.
2025-04-15 16:22:58,702 [INFO] Fetching robots.txt from https://www.icc-cricket.com/robots.txt
2025-04-15 16:22:59,097 [INFO] Collected 5 unique URLs so far
2025-04-15 16:23:01,874 [INFO] Google Search API returned 10 URLs
2025-04-15 16:23:01,875 [INFO] Blocked domain detected: www.youtube.com
2025-04-15 16:23:01,876 [INFO] Blocked domain detected: x.com
2025-04-15 16:23:01,876 [INFO] Filtered 2 blocked domains
2025-04-15 16:23:01,876 [INFO] Fetching robots.txt from https://www.livemint.com/robots.txt
2025-04-15 16:23:02,217 [INFO] Fetching robots.txt from https://qcclive.quora.com/robots.txt
2025-04-15 16:23:02,758 [INFO] Scraping not allowed for https://qcclive.quora.com/Has-Babar-Azam-ever-hit-a-Six-against-Pacer-in-ICC-tournaments as per robots.txt.
2025-04-15 16:23:02,759 [INFO] Fetching robots.txt from https://www.facebook.com/robots.txt
2025-04-15 16:23:02,905 [INFO] Scraping not allowed for https://www.facebook.com/Cricinfo/posts/it-has-not-been-a-series-babar-azam-will-remember-too-fondly-but-it-could-be-par/10157538827132555/ as per robots.txt.
2025-04-15 16:23:02,906 [INFO] Fetching robots.txt from https://acceducate.org/robots.txt
2025-04-15 16:23:03,739 [INFO] Fetching robots.txt from https://cricket.one/robots.txt
2025-04-15 16:23:04,092 [INFO] Non-200 response from https://cricket.one/robots.txt: 403
2025-04-15 16:23:04,093 [INFO] Skipping https://cricket.one/cricket-news/watch-babar-azam-embarrassed-as-net-bowler-dismisses-him-with-a-ripper/67dd02f49724cd66d538036e as robots.txt could not be fetched.
2025-04-15 16:23:04,094 [INFO] Fetching robots.txt from https://www.snapchat.com/robots.txt
2025-04-15 16:23:04,491 [INFO] Fetching robots.txt from https://www.bbc.com/robots.txt
2025-04-15 16:23:04,726 [INFO] Fetching robots.txt from https://apnews.com/robots.txt
2025-04-15 16:23:04,848 [INFO] Collected 11 unique URLs so far
2025-04-15 16:23:07,710 [INFO] Google Search API returned 10 URLs
2025-04-15 16:23:07,711 [INFO] Filtered 0 blocked domains
2025-04-15 16:23:07,711 [INFO] Fetching robots.txt from https://www.wisden.com/robots.txt
2025-04-15 16:23:08,904 [INFO] Fetching robots.txt from https://timesofindia.indiatimes.com/robots.txt
2025-04-15 16:23:09,013 [ERROR] Error fetching robots.txt from https://timesofindia.indiatimes.com/robots.txt: Cannot connect to host timesofindia.indiatimes.com:443 ssl:default [getaddrinfo failed]
2025-04-15 16:23:09,013 [INFO] Skipping https://timesofindia.indiatimes.com/sports/cricket/news/hasan-nawaz-breaks-babar-azams-record-scores-fastest-t20i-century-for-pakistan/articleshow/119297555.cms as robots.txt could not be fetched.
2025-04-15 16:23:09,013 [INFO] Fetching robots.txt from https://m.economictimes.com/robots.txt
2025-04-15 16:23:09,380 [INFO] Fetching robots.txt from https://www.aljazeera.com/robots.txt
2025-04-15 16:23:09,710 [INFO] Fetching robots.txt from https://twitter.com/robots.txt
2025-04-15 16:23:15,363 [INFO] Timeout occurred while fetching https://twitter.com/robots.txt
2025-04-15 16:23:15,363 [INFO] Skipping https://twitter.com/babarazam258? as robots.txt could not be fetched.
2025-04-15 16:23:15,364 [INFO] Fetching robots.txt from https://www.aljazeera.com/robots.txt
2025-04-15 16:23:15,679 [INFO] Fetching robots.txt from https://www.stadiumrant.com/robots.txt
2025-04-15 16:23:16,668 [INFO] Non-200 response from https://www.stadiumrant.com/robots.txt: 403
2025-04-15 16:23:16,668 [INFO] Skipping https://www.stadiumrant.com/babar-azams-father-blasts-critics-in-post/ as robots.txt could not be fetched.
2025-04-15 16:23:16,669 [INFO] Fetching robots.txt from https://indianexpress.com/robots.txt
2025-04-15 16:23:16,767 [ERROR] Error fetching robots.txt from https://indianexpress.com/robots.txt: Cannot connect to host indianexpress.com:443 ssl:default [getaddrinfo failed]
2025-04-15 16:23:16,768 [INFO] Skipping https://indianexpress.com/article/sports/cricket/wasim-akram-on-babar-azams-90-ball-64-knock-against-new-zealand-its-not-on-in-this-day-and-age-9845727/ as robots.txt could not be fetched.
2025-04-15 16:23:16,768 [INFO] Fetching robots.txt from https://www.amazon.com/robots.txt
2025-04-15 16:23:17,557 [INFO] Fetching robots.txt from https://www.thehindu.com/robots.txt
2025-04-15 16:23:18,060 [INFO] Collected 21 unique URLs so far
2025-04-15 16:23:18,061 [INFO] Limited URL collection to 20
2025-04-15 16:23:18,061 [INFO] Scraping content from 20 collected URLs...
2025-04-15 16:23:18,184 [WARNING] Error fetching article at https://www.hindustantimes.com/cricket/babar-azam-torn-to-shreds-as-pakistan-reduced-to-32-5-in-horrific-collapse-vs-nz-fan-says-missed-century-by-99-runs-101743567868410.html: Cannot connect to host www.hindustantimes.com:443 ssl:default [getaddrinfo failed]. Retrying in 1.5s (1/3)...
2025-04-15 16:23:18,295 [WARNING] Error fetching article at https://timesofindia.indiatimes.com/sports/cricket/news/hasan-nawaz-breaks-babar-azams-record-scores-fastest-t20i-century-for-pakistan/articleshow/119297555.cms: Cannot connect to host timesofindia.indiatimes.com:443 ssl:default [getaddrinfo failed]. Retrying in 1.5s (1/3)...
2025-04-15 16:23:18,419 [ERROR] Access denied to https://www.espncricinfo.com/cricketers/babar-azam-348144: HTTP 403 Forbidden.
2025-04-15 16:23:19,603 [INFO] newspaper3k extracted low-quality content from https://www.icc-cricket.com/rankings/59429/babar-azam, trying BeautifulSoup
2025-04-15 16:23:19,670 [INFO] Article at https://www.icc-cricket.com/rankings/59429/babar-azam has insufficient content after processing.
2025-04-15 16:23:20,184 [WARNING] Error fetching article at https://m.economictimes.com/magazines/panache/pakistani-actress-in-babar-azam-marriage-proposal-controversy-now-faces-arrest-what-went-wrong-who-is-nazish-jahangir/articleshow/119289062.cms: Cannot connect to host economictimes.indiatimes.com:443 ssl:default [getaddrinfo failed]. Retrying in 1.5s (1/3)...
2025-04-15 16:23:20,632 [INFO] newspaper3k extracted low-quality content from https://www.snapchat.com/add/babarazami?locale=en-US, trying BeautifulSoup
2025-04-15 16:23:20,733 [INFO] Failed to extract meaningful content from https://www.snapchat.com/add/babarazami?locale=en-US
2025-04-15 16:23:21,035 [INFO] Article at https://www.bbc.com/sport/cricket/articles/cew1nznk8e2o has insufficient content after processing.
2025-04-15 16:23:21,638 [WARNING] Error fetching article at https://indianexpress.com/article/sports/cricket/wasim-akram-on-babar-azams-90-ball-64-knock-against-new-zealand-its-not-on-in-this-day-and-age-9845727/: Cannot connect to host indianexpress.com:443 ssl:default [getaddrinfo failed]. Retrying in 1.5s (1/3)...
2025-04-15 16:23:30,697 [WARNING] Error fetching article at https://www.hindustantimes.com/cricket/babar-azam-torn-to-shreds-as-pakistan-reduced-to-32-5-in-horrific-collapse-vs-nz-fan-says-missed-century-by-99-runs-101743567868410.html: Cannot connect to host www.hindustantimes.com:443 ssl:default [getaddrinfo failed]. Retrying in 3.0s (2/3)...
2025-04-15 16:23:30,730 [ERROR] Access denied to https://cricket.one/cricket-news/watch-babar-azam-embarrassed-as-net-bowler-dismisses-him-with-a-ripper/67dd02f49724cd66d538036e: HTTP 403 Forbidden.
2025-04-15 16:23:30,806 [WARNING] Error fetching article at https://timesofindia.indiatimes.com/sports/cricket/news/hasan-nawaz-breaks-babar-azams-record-scores-fastest-t20i-century-for-pakistan/articleshow/119297555.cms: Cannot connect to host timesofindia.indiatimes.com:443 ssl:default [getaddrinfo failed]. Retrying in 3.0s (2/3)...
2025-04-15 16:23:30,922 [WARNING] Error fetching article at https://indianexpress.com/article/sports/cricket/wasim-akram-on-babar-azams-90-ball-64-knock-against-new-zealand-its-not-on-in-this-day-and-age-9845727/: Cannot connect to host indianexpress.com:443 ssl:default [getaddrinfo failed]. Retrying in 3.0s (2/3)...
2025-04-15 16:23:30,983 [WARNING] Error fetching article at https://m.economictimes.com/magazines/panache/pakistani-actress-in-babar-azam-marriage-proposal-controversy-now-faces-arrest-what-went-wrong-who-is-nazish-jahangir/articleshow/119289062.cms: Cannot connect to host economictimes.indiatimes.com:443 ssl:default [getaddrinfo failed]. Retrying in 3.0s (2/3)...
2025-04-15 16:23:33,829 [ERROR] Max retries reached for https://www.hindustantimes.com/cricket/babar-azam-torn-to-shreds-as-pakistan-reduced-to-32-5-in-horrific-collapse-vs-nz-fan-says-missed-century-by-99-runs-101743567868410.html: Cannot connect to host www.hindustantimes.com:443 ssl:default [getaddrinfo failed]
2025-04-15 16:23:33,932 [ERROR] Max retries reached for https://timesofindia.indiatimes.com/sports/cricket/news/hasan-nawaz-breaks-babar-azams-record-scores-fastest-t20i-century-for-pakistan/articleshow/119297555.cms: Cannot connect to host timesofindia.indiatimes.com:443 ssl:default [getaddrinfo failed]
2025-04-15 16:23:34,034 [ERROR] Max retries reached for https://indianexpress.com/article/sports/cricket/wasim-akram-on-babar-azams-90-ball-64-knock-against-new-zealand-its-not-on-in-this-day-and-age-9845727/: Cannot connect to host indianexpress.com:443 ssl:default [getaddrinfo failed]
2025-04-15 16:23:34,215 [ERROR] Max retries reached for https://m.economictimes.com/magazines/panache/pakistani-actress-in-babar-azam-marriage-proposal-controversy-now-faces-arrest-what-went-wrong-who-is-nazish-jahangir/articleshow/119289062.cms: Cannot connect to host economictimes.indiatimes.com:443 ssl:default [getaddrinfo failed]
2025-04-15 16:23:39,361 [WARNING] Error fetching article at https://twitter.com/babarazam258: . Retrying in 1.5s (1/3)...
2025-04-15 16:23:56,367 [WARNING] Error fetching article at https://twitter.com/babarazam258: . Retrying in 3.0s (2/3)...
2025-04-15 16:24:15,359 [ERROR] Max retries reached for https://twitter.com/babarazam258: 
2025-04-15 16:24:15,360 [INFO] Article 'Babar Azam steps down as Pakistan captain for the second time' added to valid articles.
2025-04-15 16:24:15,361 [INFO] Article 'Profile - ICC Ranking, Age, Career Info & Stats' added to valid articles.
2025-04-15 16:24:15,361 [INFO] Article 'NZ vs PAK: Hasan Nawaz breaks Babar Azam’s record for fastest T20I century for Pakistan, Men in Green keep series alive' added to valid articles.
2025-04-15 16:24:15,362 [INFO] Article 'Babar Azam’s Father Blasts Critics In An Emotional Post' added to valid articles.
2025-04-15 16:24:15,362 [INFO] Article 'Rizwan, Babar dropped from Pakistan squad for T20 series in New Zealand' added to valid articles.
2025-04-15 16:24:15,362 [INFO] Article 'A Journey of Inspiration Dinner: Babar Azam and Mohammad Rizwan – A Continuous Charity' added to valid articles.
2025-04-15 16:24:15,362 [INFO] Article 'Pakistan Net Bowler Cleans Up Babar Azam, Internet Stunned. Watch' added to valid articles.
2025-04-15 16:24:15,362 [INFO] Article 'Babar Azam steps down as Pakistan captain in all formats. PCB says it offered him test captaincy' added to valid articles.
2025-04-15 16:24:15,362 [INFO] Article 'Amazon.com: THE BABAR AZAM STORY: How One of Pakistan’s Finest Evolved to Becoming an Asian Cricket Living Legend: 9798879134384: Haven, The Sport: Books' added to valid articles.
2025-04-15 16:24:15,363 [INFO] Article 'Babar Azam isn't quite back in form, his strike rotation issues still hold him back' added to valid articles.
2025-04-15 16:24:15,368 [INFO] Formatted content for summarization with 5027 words
2025-04-15 16:24:15,374 [INFO] Summarizing chunk 1/8
2025-04-15 16:24:17,726 [WARNING] Gemini generated a short summary (35 words), using fallback
2025-04-15 16:24:17,727 [INFO] Using extractive summarization fallback
2025-04-15 16:24:17,727 [INFO] Summarizing chunk 2/8
2025-04-15 16:24:19,183 [WARNING] Gemini generated a short summary (8 words), using fallback
2025-04-15 16:24:19,184 [INFO] Using extractive summarization fallback
2025-04-15 16:24:19,184 [INFO] Summarizing chunk 3/8
2025-04-15 16:24:20,686 [WARNING] Gemini generated a short summary (0 words), using fallback
2025-04-15 16:24:20,686 [INFO] Using extractive summarization fallback
2025-04-15 16:24:20,687 [INFO] Summarizing chunk 4/8
2025-04-15 16:24:21,899 [INFO] Summarizing chunk 5/8
2025-04-15 16:24:23,217 [INFO] Summarizing chunk 6/8
2025-04-15 16:24:24,471 [WARNING] Gemini generated a short summary (28 words), using fallback
2025-04-15 16:24:24,471 [INFO] Using extractive summarization fallback
2025-04-15 16:24:24,472 [INFO] Summarizing chunk 7/8
2025-04-15 16:24:25,739 [WARNING] Gemini generated a short summary (31 words), using fallback
2025-04-15 16:24:25,740 [INFO] Using extractive summarization fallback
2025-04-15 16:24:25,741 [INFO] Summarizing chunk 8/8
2025-04-15 16:24:29,579 [WARNING] Gemini generated a short summary (42 words), using fallback
2025-04-15 16:24:29,579 [INFO] Using extractive summarization fallback
2025-04-15 16:24:29,584 [INFO] Summarization completed in 14.21 seconds
2025-04-15 16:24:29,585 [INFO] Generated summary with 200 words.
2025-04-15 16:24:29,585 [WARNING] Generated summary is too short (200 words). Attempting to regenerate.
2025-04-15 16:24:32,807 [WARNING] Gemini generated a short summary (95 words), using fallback
2025-04-15 16:24:32,807 [INFO] Using extractive summarization fallback
2025-04-15 16:24:32,809 [INFO] Regenerated summary with 461 words.
2025-04-15 16:24:32,809 [INFO] Truncating text for TTS to 400 words (was 461 words)
2025-04-15 16:24:36,596 [INFO] HTTP Request: POST https://api.elevenlabs.io/v1/text-to-speech/JBFqnCBsd6RMkjVDRZzb/stream "HTTP/1.1 200 OK"
2025-04-15 16:25:04,087 [INFO] Audio has been downloaded and saved as output_audio.mp3
2025-04-15 16:25:04,103 [ERROR] Text-to-speech conversion failed: [WinError 2] The system cannot find the file specified
2025-04-15 16:25:04,109 [INFO] Data written to output.json.
2025-04-15 16:25:05,312 [INFO] HTTP Request: POST https://ljrlwlsqivyghpshguee.supabase.co/rest/v1/Queries "HTTP/2 201 Created"
2025-04-15 16:57:01,629 [INFO] Configuration loaded successfully
2025-04-15 16:57:03,472 [INFO] Gemini model initialized successfully
2025-04-15 16:57:08,025 [INFO] Using Supabase URL: https://ljrlwlsqivyghpshguee.supabase.co
2025-04-15 16:57:08,026 [INFO] API Key found (masked): eyJh********************************************************************************************************************************************************************************************************K5Tg
2025-04-15 16:57:08,026 [INFO] Supabase username and password found in environment variables
2025-04-15 16:57:09,478 [INFO] Supabase client initialized successfully
2025-04-15 16:57:10,872 [INFO] Successfully created Supabase client
2025-04-15 16:57:12,497 [INFO] HTTP Request: GET https://ljrlwlsqivyghpshguee.supabase.co/rest/v1/Users?select=count&limit=1 "HTTP/2 200 OK"
2025-04-15 16:57:12,508 [INFO] Successfully connected to Supabase
2025-04-15 16:57:12,508 [INFO] Successfully connected to Supabase at startup
2025-04-15 18:45:05,351 [INFO] Configuration loaded successfully
2025-04-15 18:45:06,282 [INFO] Gemini model initialized successfully
2025-04-15 18:45:07,739 [INFO] Using Supabase URL: https://ljrlwlsqivyghpshguee.supabase.co
2025-04-15 18:45:07,740 [INFO] API Key found (masked): eyJh********************************************************************************************************************************************************************************************************K5Tg
2025-04-15 18:45:07,741 [INFO] Supabase username and password found in environment variables
2025-04-15 18:45:08,140 [INFO] Supabase client initialized successfully
2025-04-15 18:45:08,446 [INFO] Successfully created Supabase client
2025-04-15 18:45:09,222 [INFO] HTTP Request: GET https://ljrlwlsqivyghpshguee.supabase.co/rest/v1/Users?select=count&limit=1 "HTTP/2 200 OK"
2025-04-15 18:45:09,228 [INFO] Successfully connected to Supabase
2025-04-15 18:45:09,229 [INFO] Successfully connected to Supabase at startup
2025-04-15 18:45:45,622 [INFO] Scrape request received: Query='machine learning', Num URLs=10
2025-04-15 18:45:45,623 [INFO] Starting collection process for query: 'machine learning'
2025-04-15 18:45:45,624 [INFO] Desired article count: 10
2025-04-15 18:45:47,429 [INFO] Google Search API returned 10 URLs
2025-04-15 18:45:47,431 [INFO] Blocked domain detected: en.wikipedia.org
2025-04-15 18:45:47,431 [INFO] Blocked domain detected: www.reddit.com
2025-04-15 18:45:47,431 [INFO] Filtered 2 blocked domains
2025-04-15 18:45:47,432 [INFO] Fetching robots.txt from https://www.ibm.com/robots.txt
2025-04-15 18:45:48,006 [INFO] Fetching robots.txt from https://developers.google.com/robots.txt
2025-04-15 18:45:48,869 [INFO] Fetching robots.txt from https://www.coursera.org/robots.txt
2025-04-15 18:45:49,339 [INFO] Fetching robots.txt from https://mitsloan.mit.edu/robots.txt
2025-04-15 18:45:49,765 [INFO] Fetching robots.txt from https://link.springer.com/robots.txt
2025-04-15 18:45:50,077 [INFO] Scraping not allowed for https://link.springer.com/journal/10994 as per robots.txt.
2025-04-15 18:45:50,077 [INFO] Fetching robots.txt from https://www.sas.com/robots.txt
2025-04-15 18:45:51,821 [INFO] Fetching robots.txt from https://www.ml.cmu.edu/robots.txt
2025-04-15 18:45:55,480 [INFO] Fetching robots.txt from https://aws.amazon.com/robots.txt
2025-04-15 18:45:55,841 [INFO] Collected 7 unique URLs so far
2025-04-15 18:45:58,670 [INFO] Google Search API returned 10 URLs
2025-04-15 18:45:58,672 [INFO] Filtered 0 blocked domains
2025-04-15 18:45:58,672 [INFO] Fetching robots.txt from https://www.techtarget.com/robots.txt
2025-04-15 18:45:59,343 [INFO] Fetching robots.txt from https://azure.microsoft.com/robots.txt
2025-04-15 18:46:00,945 [INFO] Fetching robots.txt from https://ecornell.cornell.edu/robots.txt
2025-04-15 18:46:01,690 [INFO] Non-200 response from https://ecornell.cornell.edu/robots.txt: 403
2025-04-15 18:46:01,692 [INFO] Skipping https://ecornell.cornell.edu/certificates/technology/machine-learning/ as robots.txt could not be fetched.
2025-04-15 18:46:01,693 [INFO] Fetching robots.txt from https://kozyrkov.medium.com/robots.txt
2025-04-15 18:46:02,142 [INFO] Fetching robots.txt from https://cloud.google.com/robots.txt
2025-04-15 18:46:02,915 [INFO] Fetching robots.txt from https://www.nature.com/robots.txt
2025-04-15 18:46:03,217 [INFO] Fetching robots.txt from https://cloud.google.com/robots.txt
2025-04-15 18:46:03,784 [INFO] Fetching robots.txt from https://www.technologyreview.com/robots.txt
2025-04-15 18:46:04,466 [INFO] Fetching robots.txt from https://ai.engineering.columbia.edu/robots.txt
2025-04-15 18:46:05,540 [INFO] Fetching robots.txt from https://developer.apple.com/robots.txt
2025-04-15 18:46:06,778 [INFO] Collected 17 unique URLs so far
2025-04-15 18:46:09,590 [INFO] Google Search API returned 10 URLs
2025-04-15 18:46:09,591 [INFO] Filtered 0 blocked domains
2025-04-15 18:46:09,592 [INFO] Fetching robots.txt from https://archive.ics.uci.edu/robots.txt
2025-04-15 18:46:11,538 [INFO] Non-200 response from https://archive.ics.uci.edu/robots.txt: 404
2025-04-15 18:46:11,539 [INFO] Skipping https://archive.ics.uci.edu/ as robots.txt could not be fetched.
2025-04-15 18:46:11,539 [INFO] Fetching robots.txt from https://www.centralsquaretheater.org/robots.txt
2025-04-15 18:46:13,170 [INFO] Fetching robots.txt from https://www.jmlr.org/robots.txt
2025-04-15 18:46:14,112 [INFO] Non-200 response from https://www.jmlr.org/robots.txt: 404
2025-04-15 18:46:14,112 [INFO] Skipping https://www.jmlr.org/ as robots.txt could not be fetched.
2025-04-15 18:46:14,113 [INFO] Fetching robots.txt from https://www.splunk.com/robots.txt
2025-04-15 18:46:14,935 [INFO] Fetching robots.txt from https://teachablemachine.withgoogle.com/robots.txt
2025-04-15 18:46:15,482 [INFO] Fetching robots.txt from http://www.cs.cmu.edu/robots.txt
2025-04-15 18:46:17,360 [INFO] Fetching robots.txt from https://yoshuabengio.org/robots.txt
2025-04-15 18:46:18,594 [INFO] Fetching robots.txt from https://www.energy.gov/robots.txt
2025-04-15 18:46:19,095 [INFO] Fetching robots.txt from https://blog.gregbrockman.com/robots.txt
2025-04-15 18:46:20,145 [INFO] Fetching robots.txt from https://icml.cc/robots.txt
2025-04-15 18:46:21,853 [INFO] Collected 27 unique URLs so far
2025-04-15 18:46:21,854 [INFO] Limited URL collection to 20
2025-04-15 18:46:21,855 [INFO] Scraping content from 20 collected URLs...
2025-04-15 18:46:23,686 [INFO] newspaper3k extracted low-quality content from https://developer.apple.com/machine-learning/, trying BeautifulSoup
2025-04-15 18:46:23,718 [INFO] Article at https://developer.apple.com/machine-learning/ has insufficient content after processing.
2025-04-15 18:46:26,946 [INFO] Article at https://www.sas.com/en_gb/insights/analytics/machine-learning.html has insufficient content after processing.
2025-04-15 18:46:27,081 [INFO] newspaper3k extracted low-quality content from https://archive.ics.uci.edu/, trying BeautifulSoup
2025-04-15 18:46:30,978 [INFO] Article at https://www.ml.cmu.edu/ has insufficient content after processing.
2025-04-15 18:46:31,382 [INFO] Article at https://ecornell.cornell.edu/certificates/technology/machine-learning/ has insufficient content after processing.
2025-04-15 18:46:32,840 [INFO] newspaper3k extracted low-quality content from https://developers.google.com/machine-learning/crash-course, trying BeautifulSoup
2025-04-15 18:46:32,895 [INFO] Failed to extract meaningful content from https://developers.google.com/machine-learning/crash-course
2025-04-15 18:46:33,704 [INFO] newspaper3k extracted low-quality content from https://www.centralsquaretheater.org/shows/machine-learning/, trying BeautifulSoup
2025-04-15 18:46:33,731 [INFO] Failed to extract meaningful content from https://www.centralsquaretheater.org/shows/machine-learning/
2025-04-15 18:46:34,131 [INFO] newspaper3k extracted low-quality content from https://azure.microsoft.com/en-us/products/machine-learning, trying BeautifulSoup
2025-04-15 18:46:34,260 [INFO] Failed to extract meaningful content from https://azure.microsoft.com/en-us/products/machine-learning
2025-04-15 18:46:34,888 [INFO] newspaper3k extracted low-quality content from https://aws.amazon.com/ai/machine-learning/, trying BeautifulSoup
2025-04-15 18:46:36,298 [INFO] newspaper3k extracted low-quality content from https://www.coursera.org/learn/machine-learning, trying BeautifulSoup
2025-04-15 18:46:37,161 [INFO] Article 'What Is Machine Learning (ML)?' added to valid articles.
2025-04-15 18:46:37,161 [INFO] Article 'Machine learning, explained' added to valid articles.
2025-04-15 18:46:37,162 [INFO] Article 'A predictive machine learning force-field framework for liquid electrolyte development' added to valid articles.
2025-04-15 18:46:37,162 [INFO] Article 'UCI Machine Learning Repository' added to valid articles.
2025-04-15 18:46:37,162 [INFO] Article 'What is Machine Learning? Types & Uses' added to valid articles.
2025-04-15 18:46:37,162 [INFO] Article 'What is machine learning?' added to valid articles.
2025-04-15 18:46:37,162 [INFO] Article 'The simplest explanation of machine learning you’ll ever read' added to valid articles.
2025-04-15 18:46:37,163 [INFO] Article 'Machine Learning (ML) on AWS' added to valid articles.
2025-04-15 18:46:37,163 [INFO] Article 'Journal of Machine Learning Research' added to valid articles.
2025-04-15 18:46:37,163 [INFO] Article 'Artificial Intelligence (AI) vs. Machine Learning' added to valid articles.
2025-04-15 18:46:37,182 [INFO] Formatted content for summarization with 8492 words
2025-04-15 18:46:37,195 [INFO] Summarizing chunk 1/16
2025-04-15 18:46:38,623 [INFO] Summarizing chunk 2/16
2025-04-15 18:46:39,866 [INFO] Summarizing chunk 3/16
2025-04-15 18:46:40,971 [INFO] Summarizing chunk 4/16
2025-04-15 18:46:42,168 [INFO] Summarizing chunk 5/16
2025-04-15 18:46:43,478 [INFO] Summarizing chunk 6/16
2025-04-15 18:46:44,618 [INFO] Summarizing chunk 7/16
2025-04-15 18:46:46,044 [INFO] Summarizing chunk 8/16
2025-04-15 18:46:47,326 [INFO] Summarizing chunk 9/16
2025-04-15 18:46:48,906 [INFO] Summarizing chunk 10/16
2025-04-15 18:46:50,277 [INFO] Summarizing chunk 11/16
2025-04-15 18:46:51,525 [INFO] Summarizing chunk 12/16
2025-04-15 18:46:52,731 [INFO] Summarizing chunk 13/16
2025-04-15 18:46:53,829 [INFO] Summarizing chunk 14/16
2025-04-15 18:46:55,178 [INFO] Summarizing chunk 15/16
2025-04-15 18:46:56,599 [INFO] Summarizing chunk 16/16
2025-04-15 18:46:58,220 [ERROR] Error in Gemini summarization: 429 You exceeded your current quota, please check your plan and billing details. For more information on this error, head to: https://ai.google.dev/gemini-api/docs/rate-limits. [violations {
}
, links {
  description: "Learn more about Gemini API quotas"
  url: "https://ai.google.dev/gemini-api/docs/rate-limits"
}
, retry_delay {
  seconds: 1
}
]
2025-04-15 18:46:58,221 [INFO] Falling back to extractive summarization
2025-04-15 18:46:58,221 [INFO] Using extractive summarization fallback
2025-04-15 18:46:58,223 [INFO] Summarization completed in 21.03 seconds
2025-04-15 18:46:58,223 [INFO] Generated summary with 339 words.
2025-04-15 18:47:02,379 [INFO] HTTP Request: POST https://api.elevenlabs.io/v1/text-to-speech/JBFqnCBsd6RMkjVDRZzb/stream "HTTP/1.1 200 OK"
2025-04-15 18:47:38,586 [INFO] Audio has been downloaded and saved as output_audio.mp3
2025-04-15 18:47:38,605 [ERROR] Text-to-speech conversion failed: [WinError 2] The system cannot find the file specified
2025-04-15 18:47:38,607 [INFO] Data written to output.json.
2025-04-15 18:47:39,567 [INFO] HTTP Request: POST https://ljrlwlsqivyghpshguee.supabase.co/rest/v1/Queries "HTTP/2 201 Created"
2025-04-15 21:05:09,878 [INFO] Configuration loaded successfully
2025-04-15 21:05:10,638 [INFO] Gemini model initialized successfully
2025-04-15 21:05:11,753 [INFO] Using Supabase URL: https://ljrlwlsqivyghpshguee.supabase.co
2025-04-15 21:05:11,753 [INFO] API Key found (masked): eyJh********************************************************************************************************************************************************************************************************K5Tg
2025-04-15 21:05:11,753 [INFO] Supabase username and password found in environment variables
2025-04-15 21:05:12,025 [INFO] Supabase client initialized successfully
2025-04-15 21:05:12,289 [INFO] Successfully created Supabase client
2025-04-15 21:05:12,963 [INFO] HTTP Request: GET https://ljrlwlsqivyghpshguee.supabase.co/rest/v1/Users?select=count&limit=1 "HTTP/2 200 OK"
2025-04-15 21:05:12,967 [INFO] Successfully connected to Supabase
2025-04-15 21:05:12,967 [INFO] Successfully connected to Supabase at startup
2025-04-15 21:05:26,682 [INFO] Scrape request received: Query='valorant', Num URLs=10
2025-04-15 21:05:26,683 [INFO] Starting collection process for query: 'valorant'
2025-04-15 21:05:26,683 [INFO] Desired article count: 10
2025-04-15 21:05:28,537 [INFO] Google Search API returned 10 URLs
2025-04-15 21:05:28,537 [INFO] Blocked domain detected: www.reddit.com
2025-04-15 21:05:28,537 [INFO] Blocked domain detected: en.wikipedia.org
2025-04-15 21:05:28,537 [INFO] Blocked domain detected: x.com
2025-04-15 21:05:28,537 [INFO] Blocked domain detected: www.youtube.com
2025-04-15 21:05:28,538 [INFO] Filtered 4 blocked domains
2025-04-15 21:05:28,538 [INFO] Fetching robots.txt from https://playvalorant.com/robots.txt
2025-04-15 21:05:29,387 [INFO] Fetching robots.txt from https://playvalorant.com/robots.txt
2025-04-15 21:05:29,939 [INFO] Fetching robots.txt from https://www.riotgames.com/robots.txt
2025-04-15 21:05:30,851 [INFO] Fetching robots.txt from https://valorantesports.com/robots.txt
2025-04-15 21:05:31,664 [INFO] Fetching robots.txt from https://tracker.gg/robots.txt
2025-04-15 21:05:31,793 [INFO] Fetching robots.txt from https://www.twitch.tv/robots.txt
2025-04-15 21:05:32,043 [INFO] Collected 6 unique URLs so far
2025-04-15 21:05:34,890 [INFO] Google Search API returned 10 URLs
2025-04-15 21:05:34,891 [INFO] Blocked domain detected: www.instagram.com
2025-04-15 21:05:34,891 [INFO] Filtered 1 blocked domains
2025-04-15 21:05:34,891 [INFO] Fetching robots.txt from https://technology.riotgames.com/robots.txt
2025-04-15 21:05:35,362 [INFO] Fetching robots.txt from https://store.epicgames.com/robots.txt
2025-04-15 21:05:35,830 [INFO] Non-200 response from https://store.epicgames.com/robots.txt: 403
2025-04-15 21:05:35,831 [INFO] Skipping https://store.epicgames.com/en-US/p/valorant as robots.txt could not be fetched.
2025-04-15 21:05:35,831 [INFO] Fetching robots.txt from https://open.spotify.com/robots.txt
2025-04-15 21:05:36,168 [INFO] Fetching robots.txt from https://columbiacougars.com/robots.txt
2025-04-15 21:05:38,400 [INFO] Fetching robots.txt from https://support-valorant.riotgames.com/robots.txt
2025-04-15 21:05:38,932 [INFO] Fetching robots.txt from https://twitter.com/robots.txt
2025-04-15 21:05:43,950 [INFO] Timeout occurred while fetching https://twitter.com/robots.txt
2025-04-15 21:05:43,950 [INFO] Skipping https://twitter.com/ValorantEsports as robots.txt could not be fetched.
2025-04-15 21:05:43,950 [INFO] Fetching robots.txt from https://valorant.fandom.com/robots.txt
2025-04-15 21:05:44,348 [INFO] Fetching robots.txt from https://www.theguardian.com/robots.txt
2025-04-15 21:05:44,618 [INFO] Fetching robots.txt from https://www.uakron.edu/robots.txt
2025-04-15 21:05:46,220 [INFO] Collected 15 unique URLs so far
2025-04-15 21:05:48,979 [INFO] Google Search API returned 10 URLs
2025-04-15 21:05:48,979 [INFO] Blocked domain detected: www.xbox.com
2025-04-15 21:05:48,979 [INFO] Filtered 1 blocked domains
2025-04-15 21:05:48,980 [INFO] Fetching robots.txt from https://www.challengermode.com/robots.txt
2025-04-15 21:05:50,008 [INFO] Non-200 response from https://www.challengermode.com/robots.txt: 404
2025-04-15 21:05:50,009 [INFO] Skipping https://www.challengermode.com/valorant?lang=en as robots.txt could not be fetched.
2025-04-15 21:05:50,009 [INFO] Fetching robots.txt from https://www.playstation.com/robots.txt
2025-04-15 21:05:50,708 [INFO] Fetching robots.txt from https://www.jmu.edu/robots.txt
2025-04-15 21:05:51,675 [INFO] Fetching robots.txt from https://www.tiktok.com/robots.txt
2025-04-15 21:05:51,952 [INFO] Fetching robots.txt from https://www.uaf.edu/robots.txt
2025-04-15 21:05:53,924 [INFO] Fetching robots.txt from https://www.niu.edu/robots.txt
2025-04-15 21:05:55,420 [INFO] Fetching robots.txt from https://www.winthrop.edu/robots.txt
2025-04-15 21:05:56,922 [INFO] Fetching robots.txt from https://kick.com/robots.txt
2025-04-15 21:05:57,017 [INFO] Non-200 response from https://kick.com/robots.txt: 403
2025-04-15 21:05:57,018 [INFO] Skipping https://kick.com/category/valorant as robots.txt could not be fetched.
2025-04-15 21:05:57,018 [INFO] Fetching robots.txt from https://liquipedia.net/robots.txt
2025-04-15 21:05:57,518 [INFO] Collected 24 unique URLs so far
2025-04-15 21:05:57,519 [INFO] Limited URL collection to 20
2025-04-15 21:05:57,519 [INFO] Scraping content from 20 collected URLs...
2025-04-15 21:05:58,606 [INFO] newspaper3k extracted low-quality content from https://playvalorant.com/en-us/, trying BeautifulSoup
2025-04-15 21:05:58,617 [INFO] Failed to extract meaningful content from https://playvalorant.com/en-us/
2025-04-15 21:05:58,810 [INFO] newspaper3k extracted low-quality content from https://www.playstation.com/en-us/games/valorant/, trying BeautifulSoup
2025-04-15 21:05:59,218 [INFO] newspaper3k extracted low-quality content from https://valorantesports.com/, trying BeautifulSoup
2025-04-15 21:05:59,295 [INFO] Failed to extract meaningful content from https://valorantesports.com/
2025-04-15 21:05:59,393 [ERROR] Access denied to https://tracker.gg/valorant: HTTP 403 Forbidden.
2025-04-15 21:05:59,849 [INFO] newspaper3k extracted low-quality content from https://open.spotify.com/artist/3wrFoI9EVjWg6m8xXeWr5t, trying BeautifulSoup
2025-04-15 21:05:59,851 [INFO] Failed to extract meaningful content from https://open.spotify.com/artist/3wrFoI9EVjWg6m8xXeWr5t
2025-04-15 21:06:00,204 [INFO] newspaper3k extracted low-quality content from https://valorant.fandom.com/wiki/VALORANT_Wiki, trying BeautifulSoup
2025-04-15 21:06:00,296 [INFO] Failed to extract meaningful content from https://valorant.fandom.com/wiki/VALORANT_Wiki
2025-04-15 21:06:00,680 [INFO] newspaper3k extracted low-quality content from https://www.twitch.tv/valorant, trying BeautifulSoup
2025-04-15 21:06:00,685 [INFO] Failed to extract meaningful content from https://www.twitch.tv/valorant
2025-04-15 21:06:00,951 [INFO] newspaper3k extracted low-quality content from https://www.jmu.edu/jmuxlabs/esports/valorant.shtml, trying BeautifulSoup
2025-04-15 21:06:00,971 [INFO] Failed to extract meaningful content from https://www.jmu.edu/jmuxlabs/esports/valorant.shtml
2025-04-15 21:06:01,078 [INFO] newspaper3k extracted low-quality content from https://playvalorant.com/en-us/download/, trying BeautifulSoup
2025-04-15 21:06:01,080 [INFO] Failed to extract meaningful content from https://playvalorant.com/en-us/download/
2025-04-15 21:06:01,421 [INFO] newspaper3k extracted low-quality content from https://www.tiktok.com/live/gaming/VALORANT, trying BeautifulSoup
2025-04-15 21:06:01,427 [INFO] Failed to extract meaningful content from https://www.tiktok.com/live/gaming/VALORANT
2025-04-15 21:06:01,806 [INFO] newspaper3k extracted low-quality content from https://support-valorant.riotgames.com/hc/en-us, trying BeautifulSoup
2025-04-15 21:06:01,813 [INFO] Failed to extract meaningful content from https://support-valorant.riotgames.com/hc/en-us
2025-04-15 21:06:02,112 [INFO] newspaper3k extracted low-quality content from https://www.uakron.edu/esports/varsity/valorant, trying BeautifulSoup
2025-04-15 21:06:02,126 [INFO] Failed to extract meaningful content from https://www.uakron.edu/esports/varsity/valorant
2025-04-15 21:06:02,856 [INFO] newspaper3k extracted low-quality content from https://www.riotgames.com/en, trying BeautifulSoup
2025-04-15 21:06:02,871 [INFO] Failed to extract meaningful content from https://www.riotgames.com/en
2025-04-15 21:06:03,501 [INFO] newspaper3k extracted low-quality content from https://www.challengermode.com/valorant?lang=en, trying BeautifulSoup
2025-04-15 21:06:03,506 [INFO] Failed to extract meaningful content from https://www.challengermode.com/valorant?lang=en
2025-04-15 21:06:04,938 [INFO] newspaper3k extracted low-quality content from https://www.uaf.edu/esports/teams/valorant.php, trying BeautifulSoup
2025-04-15 21:06:04,954 [INFO] Failed to extract meaningful content from https://www.uaf.edu/esports/teams/valorant.php
2025-04-15 21:06:05,319 [ERROR] Access denied to https://store.epicgames.com/en-US/p/valorant: HTTP 403 Forbidden.
2025-04-15 21:06:05,368 [INFO] newspaper3k extracted low-quality content from https://columbiacougars.com/sports/valorant, trying BeautifulSoup
2025-04-15 21:06:05,384 [INFO] Failed to extract meaningful content from https://columbiacougars.com/sports/valorant
2025-04-15 21:06:18,933 [WARNING] Error fetching article at https://twitter.com/ValorantEsports: . Retrying in 1.5s (1/3)...
2025-04-15 21:06:35,937 [WARNING] Error fetching article at https://twitter.com/ValorantEsports: . Retrying in 3.0s (2/3)...
2025-04-15 21:06:54,933 [ERROR] Max retries reached for https://twitter.com/ValorantEsports: 
2025-04-15 21:06:54,934 [INFO] Article 'Valorant - PS5 Games | PlayStation' added to valid articles.
2025-04-15 21:06:54,934 [INFO] Article 'Valorant review – mind games and strategy meet competitive shooting' added to valid articles.
2025-04-15 21:06:54,934 [INFO] Article 'VALORANT's 128-Tick Servers' added to valid articles.
2025-04-15 21:06:54,940 [INFO] Formatted content for summarization with 4517 words
2025-04-15 21:06:54,945 [INFO] Summarizing chunk 1/7
2025-04-15 21:06:57,175 [WARNING] Gemini generated a short summary (14 words), using fallback
2025-04-15 21:06:57,175 [INFO] Using extractive summarization fallback
2025-04-15 21:06:57,175 [INFO] Summarizing chunk 2/7
2025-04-15 21:06:58,338 [WARNING] Gemini generated a short summary (18 words), using fallback
2025-04-15 21:06:58,338 [INFO] Using extractive summarization fallback
2025-04-15 21:06:58,338 [INFO] Summarizing chunk 3/7
2025-04-15 21:06:59,748 [WARNING] Gemini generated a short summary (28 words), using fallback
2025-04-15 21:06:59,749 [INFO] Using extractive summarization fallback
2025-04-15 21:06:59,749 [INFO] Summarizing chunk 4/7
2025-04-15 21:07:00,954 [INFO] Summarizing chunk 5/7
2025-04-15 21:07:02,144 [INFO] Summarizing chunk 6/7
2025-04-15 21:07:03,679 [INFO] Summarizing chunk 7/7
2025-04-15 21:07:07,747 [WARNING] Gemini generated a short summary (160 words), using fallback
2025-04-15 21:07:07,747 [INFO] Using extractive summarization fallback
2025-04-15 21:07:07,749 [INFO] Summarization completed in 12.81 seconds
2025-04-15 21:07:07,749 [INFO] Generated summary with 227 words.
2025-04-15 21:07:07,749 [WARNING] Generated summary is too short (227 words). Attempting to regenerate.
2025-04-15 21:07:10,952 [WARNING] Gemini generated a short summary (77 words), using fallback
2025-04-15 21:07:10,952 [INFO] Using extractive summarization fallback
2025-04-15 21:07:10,954 [INFO] Regenerated summary with 215 words.
2025-04-15 21:07:10,954 [WARNING] Summary remains short (227 words), returning as is.
2025-04-15 21:07:13,944 [INFO] HTTP Request: POST https://api.elevenlabs.io/v1/text-to-speech/JBFqnCBsd6RMkjVDRZzb/stream "HTTP/1.1 200 OK"
2025-04-15 21:07:26,350 [INFO] Audio has been downloaded and saved as output_audio.mp3
2025-04-15 21:07:26,356 [ERROR] Text-to-speech conversion failed: [WinError 2] The system cannot find the file specified
2025-04-15 21:07:26,357 [INFO] Data written to output.json.
2025-04-15 21:07:27,077 [INFO] HTTP Request: POST https://ljrlwlsqivyghpshguee.supabase.co/rest/v1/Queries "HTTP/2 201 Created"
2025-04-15 21:09:58,363 [ERROR] Error generating video: 500 Server Error: Internal Server Error for url: https://api.d-id.com/talks
2025-04-15 21:14:19,909 [ERROR] Error generating video: 500 Server Error: Internal Server Error for url: https://api.d-id.com/talks
2025-04-15 21:14:46,992 [INFO] Configuration loaded successfully
2025-04-15 21:14:47,252 [INFO] Gemini model initialized successfully
2025-04-15 21:14:48,375 [INFO] Using Supabase URL: https://ljrlwlsqivyghpshguee.supabase.co
2025-04-15 21:14:48,375 [INFO] API Key found (masked): eyJh********************************************************************************************************************************************************************************************************K5Tg
2025-04-15 21:14:48,376 [INFO] Supabase username and password found in environment variables
2025-04-15 21:14:48,791 [INFO] Supabase client initialized successfully
2025-04-15 21:14:49,126 [INFO] Successfully created Supabase client
2025-04-15 21:14:49,953 [INFO] HTTP Request: GET https://ljrlwlsqivyghpshguee.supabase.co/rest/v1/Users?select=count&limit=1 "HTTP/2 200 OK"
2025-04-15 21:14:49,960 [INFO] Successfully connected to Supabase
2025-04-15 21:14:49,960 [INFO] Successfully connected to Supabase at startup
2025-04-15 21:15:16,113 [INFO] Scrape request received: Query='valorant', Num URLs=10
2025-04-15 21:15:16,114 [INFO] Starting collection process for query: 'valorant'
2025-04-15 21:15:16,114 [INFO] Desired article count: 10
2025-04-15 21:15:17,909 [INFO] Google Search API returned 10 URLs
2025-04-15 21:15:17,910 [INFO] Blocked domain detected: www.reddit.com
2025-04-15 21:15:17,910 [INFO] Blocked domain detected: en.wikipedia.org
2025-04-15 21:15:17,910 [INFO] Blocked domain detected: x.com
2025-04-15 21:15:17,910 [INFO] Blocked domain detected: www.youtube.com
2025-04-15 21:15:17,910 [INFO] Filtered 4 blocked domains
2025-04-15 21:15:17,910 [INFO] Fetching robots.txt from https://playvalorant.com/robots.txt
2025-04-15 21:15:18,988 [INFO] Fetching robots.txt from https://playvalorant.com/robots.txt
2025-04-15 21:15:19,590 [INFO] Fetching robots.txt from https://www.riotgames.com/robots.txt
2025-04-15 21:15:20,355 [INFO] Fetching robots.txt from https://valorantesports.com/robots.txt
2025-04-15 21:15:21,147 [INFO] Fetching robots.txt from https://tracker.gg/robots.txt
2025-04-15 21:15:21,263 [INFO] Fetching robots.txt from https://www.twitch.tv/robots.txt
2025-04-15 21:15:21,510 [INFO] Collected 6 unique URLs so far
2025-04-15 21:15:24,392 [INFO] Google Search API returned 10 URLs
2025-04-15 21:15:24,393 [INFO] Blocked domain detected: www.instagram.com
2025-04-15 21:15:24,393 [INFO] Filtered 1 blocked domains
2025-04-15 21:15:24,393 [INFO] Fetching robots.txt from https://technology.riotgames.com/robots.txt
2025-04-15 21:15:24,603 [INFO] Fetching robots.txt from https://store.epicgames.com/robots.txt
2025-04-15 21:15:25,156 [INFO] Non-200 response from https://store.epicgames.com/robots.txt: 403
2025-04-15 21:15:25,156 [INFO] Skipping https://store.epicgames.com/en-US/p/valorant as robots.txt could not be fetched.
2025-04-15 21:15:25,157 [INFO] Fetching robots.txt from https://open.spotify.com/robots.txt
2025-04-15 21:15:25,301 [INFO] Fetching robots.txt from https://columbiacougars.com/robots.txt
2025-04-15 21:15:26,367 [INFO] Fetching robots.txt from https://support-valorant.riotgames.com/robots.txt
2025-04-15 21:15:26,648 [INFO] Fetching robots.txt from https://twitter.com/robots.txt
2025-04-15 21:15:31,942 [INFO] Timeout occurred while fetching https://twitter.com/robots.txt
2025-04-15 21:15:31,943 [INFO] Skipping https://twitter.com/ValorantEsports as robots.txt could not be fetched.
2025-04-15 21:15:31,943 [INFO] Fetching robots.txt from https://valorant.fandom.com/robots.txt
2025-04-15 21:15:32,090 [INFO] Fetching robots.txt from https://www.uakron.edu/robots.txt
2025-04-15 21:15:33,569 [INFO] Fetching robots.txt from https://www.theguardian.com/robots.txt
2025-04-15 21:15:33,833 [INFO] Collected 15 unique URLs so far
2025-04-15 21:15:36,643 [INFO] Google Search API returned 10 URLs
2025-04-15 21:15:36,643 [INFO] Blocked domain detected: www.xbox.com
2025-04-15 21:15:36,644 [INFO] Filtered 1 blocked domains
2025-04-15 21:15:36,644 [INFO] Fetching robots.txt from https://www.facebook.com/robots.txt
2025-04-15 21:15:36,811 [INFO] Scraping not allowed for https://www.facebook.com/ValorantEsportsVietnam/ as per robots.txt.
2025-04-15 21:15:36,812 [INFO] Fetching robots.txt from https://www.challengermode.com/robots.txt
2025-04-15 21:15:37,494 [INFO] Non-200 response from https://www.challengermode.com/robots.txt: 404
2025-04-15 21:15:37,494 [INFO] Skipping https://www.challengermode.com/valorant as robots.txt could not be fetched.
2025-04-15 21:15:37,494 [INFO] Fetching robots.txt from https://www.playstation.com/robots.txt
2025-04-15 21:15:37,998 [INFO] Fetching robots.txt from https://www.jmu.edu/robots.txt
2025-04-15 21:15:39,508 [INFO] Fetching robots.txt from https://www.tiktok.com/robots.txt
2025-04-15 21:15:39,787 [INFO] Fetching robots.txt from https://www.uaf.edu/robots.txt
2025-04-15 21:15:41,682 [INFO] Fetching robots.txt from https://www.niu.edu/robots.txt
2025-04-15 21:15:42,614 [INFO] Fetching robots.txt from https://www.winthrop.edu/robots.txt
2025-04-15 21:15:43,541 [INFO] Fetching robots.txt from https://kick.com/robots.txt
2025-04-15 21:15:43,652 [INFO] Non-200 response from https://kick.com/robots.txt: 403
2025-04-15 21:15:43,653 [INFO] Skipping https://kick.com/category/valorant as robots.txt could not be fetched.
2025-04-15 21:15:43,653 [INFO] Collected 23 unique URLs so far
2025-04-15 21:15:43,653 [INFO] Limited URL collection to 20
2025-04-15 21:15:43,653 [INFO] Scraping content from 20 collected URLs...
2025-04-15 21:15:44,360 [INFO] newspaper3k extracted low-quality content from https://playvalorant.com/en-us/, trying BeautifulSoup
2025-04-15 21:15:44,370 [INFO] Failed to extract meaningful content from https://playvalorant.com/en-us/
2025-04-15 21:15:44,580 [INFO] newspaper3k extracted low-quality content from https://www.playstation.com/en-us/games/valorant/, trying BeautifulSoup
2025-04-15 21:15:45,051 [INFO] newspaper3k extracted low-quality content from https://valorantesports.com/, trying BeautifulSoup
2025-04-15 21:15:45,137 [INFO] Failed to extract meaningful content from https://valorantesports.com/
2025-04-15 21:15:45,244 [ERROR] Access denied to https://tracker.gg/valorant: HTTP 403 Forbidden.
2025-04-15 21:15:45,632 [INFO] newspaper3k extracted low-quality content from https://open.spotify.com/artist/3wrFoI9EVjWg6m8xXeWr5t, trying BeautifulSoup
2025-04-15 21:15:45,635 [INFO] Failed to extract meaningful content from https://open.spotify.com/artist/3wrFoI9EVjWg6m8xXeWr5t
2025-04-15 21:15:46,321 [INFO] newspaper3k extracted low-quality content from https://valorant.fandom.com/wiki/VALORANT_Wiki, trying BeautifulSoup
2025-04-15 21:15:46,431 [INFO] Failed to extract meaningful content from https://valorant.fandom.com/wiki/VALORANT_Wiki
2025-04-15 21:15:46,541 [INFO] newspaper3k extracted low-quality content from https://www.jmu.edu/jmuxlabs/esports/valorant.shtml, trying BeautifulSoup
2025-04-15 21:15:46,564 [INFO] Failed to extract meaningful content from https://www.jmu.edu/jmuxlabs/esports/valorant.shtml
2025-04-15 21:15:46,886 [INFO] newspaper3k extracted low-quality content from https://www.twitch.tv/valorant, trying BeautifulSoup
2025-04-15 21:15:46,891 [INFO] Failed to extract meaningful content from https://www.twitch.tv/valorant
2025-04-15 21:15:46,927 [INFO] newspaper3k extracted low-quality content from https://www.uakron.edu/esports/varsity/valorant, trying BeautifulSoup
2025-04-15 21:15:46,940 [INFO] Failed to extract meaningful content from https://www.uakron.edu/esports/varsity/valorant
2025-04-15 21:15:47,265 [INFO] newspaper3k extracted low-quality content from https://playvalorant.com/en-us/download/, trying BeautifulSoup
2025-04-15 21:15:47,268 [INFO] Failed to extract meaningful content from https://playvalorant.com/en-us/download/
2025-04-15 21:15:47,430 [INFO] newspaper3k extracted low-quality content from https://www.tiktok.com/live/gaming/VALORANT, trying BeautifulSoup
2025-04-15 21:15:47,435 [INFO] Failed to extract meaningful content from https://www.tiktok.com/live/gaming/VALORANT
2025-04-15 21:15:47,874 [INFO] newspaper3k extracted low-quality content from https://support-valorant.riotgames.com/hc/en-us, trying BeautifulSoup
2025-04-15 21:15:47,880 [INFO] Failed to extract meaningful content from https://support-valorant.riotgames.com/hc/en-us
2025-04-15 21:15:48,069 [INFO] newspaper3k extracted low-quality content from https://columbiacougars.com/sports/valorant, trying BeautifulSoup
2025-04-15 21:15:48,086 [INFO] Failed to extract meaningful content from https://columbiacougars.com/sports/valorant
2025-04-15 21:15:48,532 [INFO] newspaper3k extracted low-quality content from https://www.riotgames.com/en, trying BeautifulSoup
2025-04-15 21:15:48,548 [INFO] Failed to extract meaningful content from https://www.riotgames.com/en
2025-04-15 21:15:49,382 [INFO] newspaper3k extracted low-quality content from https://www.challengermode.com/valorant, trying BeautifulSoup
2025-04-15 21:15:49,387 [INFO] Failed to extract meaningful content from https://www.challengermode.com/valorant
2025-04-15 21:15:49,873 [ERROR] Access denied to https://store.epicgames.com/en-US/p/valorant: HTTP 403 Forbidden.
2025-04-15 21:15:50,253 [INFO] newspaper3k extracted low-quality content from https://www.uaf.edu/esports/teams/valorant.php, trying BeautifulSoup
2025-04-15 21:15:50,269 [INFO] Failed to extract meaningful content from https://www.uaf.edu/esports/teams/valorant.php
2025-04-15 21:16:03,949 [WARNING] Error fetching article at https://twitter.com/ValorantEsports: . Retrying in 1.5s (1/3)...
2025-04-15 21:16:20,953 [WARNING] Error fetching article at https://twitter.com/ValorantEsports: . Retrying in 3.0s (2/3)...
2025-04-15 21:16:39,957 [ERROR] Max retries reached for https://twitter.com/ValorantEsports: 
2025-04-15 21:16:39,959 [INFO] Article 'Valorant - PS5 Games | PlayStation' added to valid articles.
2025-04-15 21:16:39,959 [INFO] Article 'Valorant review – mind games and strategy meet competitive shooting' added to valid articles.
2025-04-15 21:16:39,959 [INFO] Article 'VALORANT's 128-Tick Servers' added to valid articles.
2025-04-15 21:16:39,966 [INFO] Formatted content for summarization with 4517 words
2025-04-15 21:16:39,970 [INFO] Summarizing chunk 1/7
2025-04-15 21:16:42,260 [WARNING] Gemini generated a short summary (13 words), using fallback
2025-04-15 21:16:42,260 [INFO] Using extractive summarization fallback
2025-04-15 21:16:42,260 [INFO] Summarizing chunk 2/7
2025-04-15 21:16:43,501 [WARNING] Gemini generated a short summary (27 words), using fallback
2025-04-15 21:16:43,502 [INFO] Using extractive summarization fallback
2025-04-15 21:16:43,503 [INFO] Summarizing chunk 3/7
2025-04-15 21:16:44,872 [WARNING] Gemini generated a short summary (28 words), using fallback
2025-04-15 21:16:44,872 [INFO] Using extractive summarization fallback
2025-04-15 21:16:44,872 [INFO] Summarizing chunk 4/7
2025-04-15 21:16:46,165 [WARNING] Gemini generated a short summary (29 words), using fallback
2025-04-15 21:16:46,165 [INFO] Using extractive summarization fallback
2025-04-15 21:16:46,166 [INFO] Summarizing chunk 5/7
2025-04-15 21:16:47,302 [WARNING] Gemini generated a short summary (35 words), using fallback
2025-04-15 21:16:47,302 [INFO] Using extractive summarization fallback
2025-04-15 21:16:47,302 [INFO] Summarizing chunk 6/7
2025-04-15 21:16:48,893 [INFO] Summarizing chunk 7/7
2025-04-15 21:16:52,866 [WARNING] Gemini generated a short summary (103 words), using fallback
2025-04-15 21:16:52,867 [INFO] Using extractive summarization fallback
2025-04-15 21:16:52,869 [INFO] Summarization completed in 12.90 seconds
2025-04-15 21:16:52,869 [INFO] Generated summary with 207 words.
2025-04-15 21:16:52,869 [WARNING] Generated summary is too short (207 words). Attempting to regenerate.
2025-04-15 21:16:56,049 [WARNING] Gemini generated a short summary (60 words), using fallback
2025-04-15 21:16:56,049 [INFO] Using extractive summarization fallback
2025-04-15 21:16:56,051 [INFO] Regenerated summary with 215 words.
2025-04-15 21:16:56,051 [WARNING] Summary remains short (215 words), returning as is.
2025-04-15 21:16:56,746 [INFO] HTTP Request: POST https://api.elevenlabs.io/v1/text-to-speech/JBFqnCBsd6RMkjVDRZzb/stream "HTTP/1.1 401 Unauthorized"
2025-04-15 21:16:56,747 [ERROR] Text-to-speech conversion failed: status_code: 401, body: {'detail': {'status': 'quota_exceeded', 'message': 'This request exceeds your quota of 10000. You have 40 credits remaining, while 1368 credits are required for this request.'}}
2025-04-15 21:16:56,749 [INFO] Data written to output.json.
2025-04-15 21:16:57,554 [INFO] HTTP Request: POST https://ljrlwlsqivyghpshguee.supabase.co/rest/v1/Queries "HTTP/2 201 Created"
2025-04-15 21:17:57,734 [ERROR] D-ID API Error Response: {"message":"Unauthorized"}

2025-04-15 21:17:57,736 [ERROR] Error generating video: 500: D-ID API error: 401 Client Error: Unauthorized for url: https://api.d-id.com/talks
2025-04-15 21:20:12,098 [ERROR] D-ID API Error Response: {"message":"Unauthorized"}

2025-04-15 21:20:12,099 [ERROR] Error generating video: 500: D-ID API error: 401 Client Error: Unauthorized for url: https://api.d-id.com/talks
2025-04-15 21:20:35,802 [ERROR] D-ID API Error Response: {"message":"Unauthorized"}

2025-04-15 21:20:35,803 [ERROR] Error generating video: 500: D-ID API error: 401 Client Error: Unauthorized for url: https://api.d-id.com/talks
2025-04-15 21:24:17,572 [ERROR] D-ID API Error Response: {"message":"Unauthorized"}

2025-04-15 21:24:17,572 [ERROR] Error generating video: 500: D-ID API error: 401 Client Error: Unauthorized for url: https://api.d-id.com/talks
2025-04-15 21:25:34,504 [ERROR] D-ID API Error Response: {"message":"Unauthorized"}

2025-04-15 21:25:34,505 [ERROR] Error generating video: 500: D-ID API error: 401 Client Error: Unauthorized for url: https://api.d-id.com/talks
2025-04-15 21:26:04,763 [ERROR] D-ID API Error Response: {"message":"Unauthorized"}

2025-04-15 21:26:04,764 [ERROR] Error generating video: 500: D-ID API error: 401 Client Error: Unauthorized for url: https://api.d-id.com/talks
2025-04-15 21:26:33,510 [ERROR] D-ID API Error Response: {"message":"Unauthorized"}

2025-04-15 21:26:33,511 [ERROR] Error generating video: 500: D-ID API error: 401 Client Error: Unauthorized for url: https://api.d-id.com/talks
2025-04-15 21:28:30,832 [ERROR] D-ID API Error Response: {"message":"Unauthorized"}

2025-04-15 21:28:30,833 [ERROR] Error generating video: 500: D-ID API error: 401 Client Error: Unauthorized for url: https://api.d-id.com/talks
2025-04-15 21:29:05,221 [INFO] Configuration loaded successfully
2025-04-15 21:29:05,614 [INFO] Gemini model initialized successfully
2025-04-15 21:29:06,671 [INFO] Using Supabase URL: https://ljrlwlsqivyghpshguee.supabase.co
2025-04-15 21:29:06,671 [INFO] API Key found (masked): eyJh********************************************************************************************************************************************************************************************************K5Tg
2025-04-15 21:29:06,671 [INFO] Supabase username and password found in environment variables
2025-04-15 21:29:07,014 [INFO] Supabase client initialized successfully
2025-04-15 21:29:07,322 [INFO] Successfully created Supabase client
2025-04-15 21:29:08,375 [INFO] HTTP Request: GET https://ljrlwlsqivyghpshguee.supabase.co/rest/v1/Users?select=count&limit=1 "HTTP/2 200 OK"
2025-04-15 21:29:08,380 [INFO] Successfully connected to Supabase
2025-04-15 21:29:08,381 [INFO] Successfully connected to Supabase at startup
2025-04-15 21:29:17,950 [INFO] Scrape request received: Query='valorant', Num URLs=10
2025-04-15 21:29:17,951 [INFO] Starting collection process for query: 'valorant'
2025-04-15 21:29:17,951 [INFO] Desired article count: 10
2025-04-15 21:29:19,808 [INFO] Google Search API returned 10 URLs
2025-04-15 21:29:19,809 [INFO] Blocked domain detected: www.reddit.com
2025-04-15 21:29:19,809 [INFO] Blocked domain detected: en.wikipedia.org
2025-04-15 21:29:19,810 [INFO] Blocked domain detected: x.com
2025-04-15 21:29:19,810 [INFO] Blocked domain detected: www.youtube.com
2025-04-15 21:29:19,811 [INFO] Filtered 4 blocked domains
2025-04-15 21:29:19,811 [INFO] Fetching robots.txt from https://playvalorant.com/robots.txt
2025-04-15 21:29:20,384 [INFO] Fetching robots.txt from https://playvalorant.com/robots.txt
2025-04-15 21:29:20,928 [INFO] Fetching robots.txt from https://www.riotgames.com/robots.txt
2025-04-15 21:29:21,783 [INFO] Fetching robots.txt from https://valorantesports.com/robots.txt
2025-04-15 21:29:22,323 [INFO] Fetching robots.txt from https://tracker.gg/robots.txt
2025-04-15 21:29:22,464 [INFO] Fetching robots.txt from https://www.twitch.tv/robots.txt
2025-04-15 21:29:22,716 [INFO] Collected 6 unique URLs so far
2025-04-15 21:29:25,608 [INFO] Google Search API returned 10 URLs
2025-04-15 21:29:25,609 [INFO] Blocked domain detected: www.instagram.com
2025-04-15 21:29:25,609 [INFO] Filtered 1 blocked domains
2025-04-15 21:29:25,610 [INFO] Fetching robots.txt from https://technology.riotgames.com/robots.txt
2025-04-15 21:29:25,806 [INFO] Fetching robots.txt from https://store.epicgames.com/robots.txt
2025-04-15 21:29:26,317 [INFO] Non-200 response from https://store.epicgames.com/robots.txt: 403
2025-04-15 21:29:26,318 [INFO] Skipping https://store.epicgames.com/en-US/p/valorant as robots.txt could not be fetched.
2025-04-15 21:29:26,318 [INFO] Fetching robots.txt from https://open.spotify.com/robots.txt
2025-04-15 21:29:26,456 [INFO] Fetching robots.txt from https://columbiacougars.com/robots.txt
2025-04-15 21:29:27,529 [INFO] Fetching robots.txt from https://support-valorant.riotgames.com/robots.txt
2025-04-15 21:29:27,847 [INFO] Fetching robots.txt from https://twitter.com/robots.txt
2025-04-15 21:29:32,954 [INFO] Timeout occurred while fetching https://twitter.com/robots.txt
2025-04-15 21:29:32,955 [INFO] Skipping https://twitter.com/ValorantEsports as robots.txt could not be fetched.
2025-04-15 21:29:32,956 [INFO] Fetching robots.txt from https://valorant.fandom.com/robots.txt
2025-04-15 21:29:33,206 [INFO] Fetching robots.txt from https://www.theguardian.com/robots.txt
2025-04-15 21:29:33,483 [INFO] Fetching robots.txt from https://www.uakron.edu/robots.txt
2025-04-15 21:29:34,983 [INFO] Collected 15 unique URLs so far
2025-04-15 21:29:37,808 [INFO] Google Search API returned 10 URLs
2025-04-15 21:29:37,808 [INFO] Blocked domain detected: www.xbox.com
2025-04-15 21:29:37,809 [INFO] Filtered 1 blocked domains
2025-04-15 21:29:37,809 [INFO] Fetching robots.txt from https://www.facebook.com/robots.txt
2025-04-15 21:29:37,953 [INFO] Scraping not allowed for https://www.facebook.com/ValorantEsportsVietnam/ as per robots.txt.
2025-04-15 21:29:37,954 [INFO] Fetching robots.txt from https://www.challengermode.com/robots.txt
2025-04-15 21:29:38,984 [INFO] Non-200 response from https://www.challengermode.com/robots.txt: 404
2025-04-15 21:29:38,986 [INFO] Skipping https://www.challengermode.com/valorant?lang=en as robots.txt could not be fetched.
2025-04-15 21:29:38,986 [INFO] Fetching robots.txt from https://www.playstation.com/robots.txt
2025-04-15 21:29:39,494 [INFO] Fetching robots.txt from https://www.jmu.edu/robots.txt
2025-04-15 21:29:40,387 [INFO] Fetching robots.txt from https://www.tiktok.com/robots.txt
2025-04-15 21:29:40,664 [INFO] Fetching robots.txt from https://www.uaf.edu/robots.txt
2025-04-15 21:29:42,503 [INFO] Fetching robots.txt from https://www.niu.edu/robots.txt
2025-04-15 21:29:43,486 [INFO] Fetching robots.txt from https://www.winthrop.edu/robots.txt
2025-04-15 21:29:44,818 [INFO] Fetching robots.txt from https://kick.com/robots.txt
2025-04-15 21:29:44,914 [INFO] Non-200 response from https://kick.com/robots.txt: 403
2025-04-15 21:29:44,916 [INFO] Skipping https://kick.com/category/valorant as robots.txt could not be fetched.
2025-04-15 21:29:44,916 [INFO] Collected 23 unique URLs so far
2025-04-15 21:29:44,917 [INFO] Limited URL collection to 20
2025-04-15 21:29:44,917 [INFO] Scraping content from 20 collected URLs...
2025-04-15 21:29:45,824 [INFO] newspaper3k extracted low-quality content from https://playvalorant.com/en-us/, trying BeautifulSoup
2025-04-15 21:29:45,838 [INFO] Failed to extract meaningful content from https://playvalorant.com/en-us/
2025-04-15 21:29:46,084 [INFO] newspaper3k extracted low-quality content from https://www.playstation.com/en-us/games/valorant/, trying BeautifulSoup
2025-04-15 21:29:47,220 [INFO] newspaper3k extracted low-quality content from https://valorantesports.com/, trying BeautifulSoup
2025-04-15 21:29:47,326 [INFO] Failed to extract meaningful content from https://valorantesports.com/
2025-04-15 21:29:47,426 [ERROR] Access denied to https://tracker.gg/valorant: HTTP 403 Forbidden.
2025-04-15 21:29:47,813 [INFO] newspaper3k extracted low-quality content from https://open.spotify.com/artist/3wrFoI9EVjWg6m8xXeWr5t, trying BeautifulSoup
2025-04-15 21:29:47,816 [INFO] Failed to extract meaningful content from https://open.spotify.com/artist/3wrFoI9EVjWg6m8xXeWr5t
2025-04-15 21:29:48,536 [INFO] newspaper3k extracted low-quality content from https://valorant.fandom.com/wiki/VALORANT_Wiki, trying BeautifulSoup
2025-04-15 21:29:48,647 [INFO] Failed to extract meaningful content from https://valorant.fandom.com/wiki/VALORANT_Wiki
2025-04-15 21:29:48,702 [INFO] newspaper3k extracted low-quality content from https://www.jmu.edu/jmuxlabs/esports/valorant.shtml, trying BeautifulSoup
2025-04-15 21:29:48,730 [INFO] Failed to extract meaningful content from https://www.jmu.edu/jmuxlabs/esports/valorant.shtml
2025-04-15 21:29:49,098 [INFO] newspaper3k extracted low-quality content from https://playvalorant.com/en-us/download/, trying BeautifulSoup
2025-04-15 21:29:49,101 [INFO] Failed to extract meaningful content from https://playvalorant.com/en-us/download/
2025-04-15 21:29:49,119 [INFO] newspaper3k extracted low-quality content from https://www.twitch.tv/valorant, trying BeautifulSoup
2025-04-15 21:29:49,127 [INFO] Failed to extract meaningful content from https://www.twitch.tv/valorant
2025-04-15 21:29:49,543 [INFO] newspaper3k extracted low-quality content from https://www.tiktok.com/live/gaming/VALORANT, trying BeautifulSoup
2025-04-15 21:29:49,550 [INFO] Failed to extract meaningful content from https://www.tiktok.com/live/gaming/VALORANT
2025-04-15 21:29:49,934 [INFO] newspaper3k extracted low-quality content from https://support-valorant.riotgames.com/hc/en-us, trying BeautifulSoup
2025-04-15 21:29:49,942 [INFO] Failed to extract meaningful content from https://support-valorant.riotgames.com/hc/en-us
2025-04-15 21:29:50,005 [INFO] newspaper3k extracted low-quality content from https://columbiacougars.com/sports/valorant, trying BeautifulSoup
2025-04-15 21:29:50,028 [INFO] Failed to extract meaningful content from https://columbiacougars.com/sports/valorant
2025-04-15 21:29:50,106 [INFO] newspaper3k extracted low-quality content from https://www.uakron.edu/esports/varsity/valorant, trying BeautifulSoup
2025-04-15 21:29:50,123 [INFO] Failed to extract meaningful content from https://www.uakron.edu/esports/varsity/valorant
2025-04-15 21:29:50,918 [INFO] newspaper3k extracted low-quality content from https://www.riotgames.com/en, trying BeautifulSoup
2025-04-15 21:29:50,937 [INFO] Failed to extract meaningful content from https://www.riotgames.com/en
2025-04-15 21:29:51,347 [INFO] newspaper3k extracted low-quality content from https://www.challengermode.com/valorant?lang=en, trying BeautifulSoup
2025-04-15 21:29:51,352 [INFO] Failed to extract meaningful content from https://www.challengermode.com/valorant?lang=en
2025-04-15 21:29:51,756 [ERROR] Access denied to https://store.epicgames.com/en-US/p/valorant: HTTP 403 Forbidden.
2025-04-15 21:29:52,102 [INFO] newspaper3k extracted low-quality content from https://www.uaf.edu/esports/teams/valorant.php, trying BeautifulSoup
2025-04-15 21:29:52,122 [INFO] Failed to extract meaningful content from https://www.uaf.edu/esports/teams/valorant.php
2025-04-15 21:30:06,950 [WARNING] Error fetching article at https://twitter.com/ValorantEsports: . Retrying in 1.5s (1/3)...
2025-04-15 21:30:23,955 [WARNING] Error fetching article at https://twitter.com/ValorantEsports: . Retrying in 3.0s (2/3)...
2025-04-15 21:30:42,954 [ERROR] Max retries reached for https://twitter.com/ValorantEsports: 
2025-04-15 21:30:42,956 [INFO] Article 'Valorant - PS5 Games | PlayStation' added to valid articles.
2025-04-15 21:30:42,957 [INFO] Article 'Valorant review – mind games and strategy meet competitive shooting' added to valid articles.
2025-04-15 21:30:42,957 [INFO] Article 'VALORANT's 128-Tick Servers' added to valid articles.
2025-04-15 21:30:42,964 [INFO] Formatted content for summarization with 4517 words
2025-04-15 21:30:42,969 [INFO] Summarizing chunk 1/7
2025-04-15 21:30:45,316 [WARNING] Gemini generated a short summary (12 words), using fallback
2025-04-15 21:30:45,316 [INFO] Using extractive summarization fallback
2025-04-15 21:30:45,316 [INFO] Summarizing chunk 2/7
2025-04-15 21:30:46,671 [WARNING] Gemini generated a short summary (9 words), using fallback
2025-04-15 21:30:46,672 [INFO] Using extractive summarization fallback
2025-04-15 21:30:46,672 [INFO] Summarizing chunk 3/7
2025-04-15 21:30:48,051 [WARNING] Gemini generated a short summary (27 words), using fallback
2025-04-15 21:30:48,051 [INFO] Using extractive summarization fallback
2025-04-15 21:30:48,051 [INFO] Summarizing chunk 4/7
2025-04-15 21:30:49,294 [INFO] Summarizing chunk 5/7
2025-04-15 21:30:50,494 [INFO] Summarizing chunk 6/7
2025-04-15 21:30:51,969 [INFO] Summarizing chunk 7/7
2025-04-15 21:30:55,814 [WARNING] Gemini generated a short summary (126 words), using fallback
2025-04-15 21:30:55,814 [INFO] Using extractive summarization fallback
2025-04-15 21:30:55,816 [INFO] Summarization completed in 12.85 seconds
2025-04-15 21:30:55,817 [INFO] Generated summary with 229 words.
2025-04-15 21:30:55,817 [WARNING] Generated summary is too short (229 words). Attempting to regenerate.
2025-04-15 21:30:59,049 [WARNING] Gemini generated a short summary (63 words), using fallback
2025-04-15 21:30:59,049 [INFO] Using extractive summarization fallback
2025-04-15 21:30:59,051 [INFO] Regenerated summary with 215 words.
2025-04-15 21:30:59,051 [WARNING] Summary remains short (229 words), returning as is.
2025-04-15 21:30:59,891 [INFO] HTTP Request: POST https://api.elevenlabs.io/v1/text-to-speech/JBFqnCBsd6RMkjVDRZzb/stream "HTTP/1.1 401 Unauthorized"
2025-04-15 21:30:59,892 [ERROR] Text-to-speech conversion failed: status_code: 401, body: {'detail': {'status': 'quota_exceeded', 'message': 'This request exceeds your quota of 10000. You have 40 credits remaining, while 1584 credits are required for this request.'}}
2025-04-15 21:30:59,893 [INFO] Data written to output.json.
2025-04-15 21:31:00,952 [INFO] HTTP Request: POST https://ljrlwlsqivyghpshguee.supabase.co/rest/v1/Queries "HTTP/2 201 Created"
2025-04-15 21:32:09,783 [ERROR] D-ID API Error: Status 401, Response: {"message":"Unauthorized"}

2025-04-15 21:32:09,784 [ERROR] D-ID API Error Response: {"message":"Unauthorized"}

2025-04-15 21:32:09,784 [ERROR] Error generating video: 500: D-ID API error: 401 Client Error: Unauthorized for url: https://api.d-id.com/talks
2025-04-15 21:39:27,774 [INFO] Configuration loaded successfully
2025-04-15 21:39:28,305 [INFO] Gemini model initialized successfully
2025-04-15 21:39:31,609 [INFO] Using Supabase URL: https://ljrlwlsqivyghpshguee.supabase.co
2025-04-15 21:39:31,612 [INFO] API Key found (masked): eyJh********************************************************************************************************************************************************************************************************K5Tg
2025-04-15 21:39:31,613 [INFO] Supabase username and password found in environment variables
2025-04-15 21:39:32,602 [INFO] Supabase client initialized successfully
2025-04-15 21:39:33,493 [INFO] Successfully created Supabase client
2025-04-15 21:39:34,836 [INFO] HTTP Request: GET https://ljrlwlsqivyghpshguee.supabase.co/rest/v1/Users?select=count&limit=1 "HTTP/2 200 OK"
2025-04-15 21:39:34,850 [INFO] Successfully connected to Supabase
2025-04-15 21:39:34,852 [INFO] Successfully connected to Supabase at startup
2025-04-15 21:42:18,359 [INFO] Scrape request received: Query='valorant', Num URLs=10
2025-04-15 21:42:18,360 [INFO] Starting collection process for query: 'valorant'
2025-04-15 21:42:18,360 [INFO] Desired article count: 10
2025-04-15 21:42:19,967 [INFO] Google Search API returned 10 URLs
2025-04-15 21:42:19,968 [INFO] Blocked domain detected: www.reddit.com
2025-04-15 21:42:19,968 [INFO] Blocked domain detected: en.wikipedia.org
2025-04-15 21:42:19,969 [INFO] Blocked domain detected: x.com
2025-04-15 21:42:19,969 [INFO] Blocked domain detected: www.youtube.com
2025-04-15 21:42:19,969 [INFO] Filtered 4 blocked domains
2025-04-15 21:42:19,969 [INFO] Fetching robots.txt from https://playvalorant.com/robots.txt
2025-04-15 21:42:20,716 [INFO] Fetching robots.txt from https://playvalorant.com/robots.txt
2025-04-15 21:42:21,295 [INFO] Fetching robots.txt from https://www.riotgames.com/robots.txt
2025-04-15 21:42:22,230 [INFO] Fetching robots.txt from https://valorantesports.com/robots.txt
2025-04-15 21:42:23,272 [INFO] Fetching robots.txt from https://tracker.gg/robots.txt
2025-04-15 21:42:23,414 [INFO] Fetching robots.txt from https://technology.riotgames.com/robots.txt
2025-04-15 21:42:23,590 [INFO] Collected 6 unique URLs so far
2025-04-15 21:42:26,269 [INFO] Google Search API returned 10 URLs
2025-04-15 21:42:26,270 [INFO] Blocked domain detected: www.instagram.com
2025-04-15 21:42:26,270 [INFO] Filtered 1 blocked domains
2025-04-15 21:42:26,270 [INFO] Fetching robots.txt from https://store.epicgames.com/robots.txt
2025-04-15 21:42:26,716 [INFO] Non-200 response from https://store.epicgames.com/robots.txt: 403
2025-04-15 21:42:26,717 [INFO] Skipping https://store.epicgames.com/en-US/p/valorant as robots.txt could not be fetched.
2025-04-15 21:42:26,717 [INFO] Fetching robots.txt from https://open.spotify.com/robots.txt
2025-04-15 21:42:26,865 [INFO] Fetching robots.txt from https://columbiacougars.com/robots.txt
2025-04-15 21:42:27,888 [INFO] Fetching robots.txt from https://www.twitch.tv/robots.txt
2025-04-15 21:42:28,134 [INFO] Fetching robots.txt from https://support-valorant.riotgames.com/robots.txt
2025-04-15 21:42:28,252 [INFO] Fetching robots.txt from https://twitter.com/robots.txt
2025-04-15 21:42:33,947 [INFO] Timeout occurred while fetching https://twitter.com/robots.txt
2025-04-15 21:42:33,948 [INFO] Skipping https://twitter.com/ValorantEsports as robots.txt could not be fetched.
2025-04-15 21:42:33,948 [INFO] Fetching robots.txt from https://valorant.fandom.com/robots.txt
2025-04-15 21:42:34,210 [INFO] Fetching robots.txt from https://www.theguardian.com/robots.txt
2025-04-15 21:42:34,476 [INFO] Fetching robots.txt from https://www.uakron.edu/robots.txt
2025-04-15 21:42:35,947 [INFO] Collected 15 unique URLs so far
2025-04-15 21:42:38,577 [INFO] Google Search API returned 10 URLs
2025-04-15 21:42:38,578 [INFO] Blocked domain detected: www.xbox.com
2025-04-15 21:42:38,578 [INFO] Filtered 1 blocked domains
2025-04-15 21:42:38,579 [INFO] Fetching robots.txt from https://www.challengermode.com/robots.txt
2025-04-15 21:42:39,287 [INFO] Non-200 response from https://www.challengermode.com/robots.txt: 404
2025-04-15 21:42:39,288 [INFO] Skipping https://www.challengermode.com/valorant?lang=en as robots.txt could not be fetched.
2025-04-15 21:42:39,288 [INFO] Fetching robots.txt from https://www.playstation.com/robots.txt
2025-04-15 21:42:39,905 [INFO] Fetching robots.txt from https://www.jmu.edu/robots.txt
2025-04-15 21:42:41,280 [INFO] Fetching robots.txt from https://www.tiktok.com/robots.txt
2025-04-15 21:42:41,618 [INFO] Fetching robots.txt from https://www.uaf.edu/robots.txt
2025-04-15 21:42:43,462 [INFO] Fetching robots.txt from https://www.niu.edu/robots.txt
2025-04-15 21:42:44,387 [INFO] Fetching robots.txt from https://www.winthrop.edu/robots.txt
2025-04-15 21:42:45,291 [INFO] Fetching robots.txt from https://kick.com/robots.txt
2025-04-15 21:42:45,383 [INFO] Non-200 response from https://kick.com/robots.txt: 403
2025-04-15 21:42:45,384 [INFO] Skipping https://kick.com/category/valorant as robots.txt could not be fetched.
2025-04-15 21:42:45,384 [INFO] Fetching robots.txt from https://liquipedia.net/robots.txt
2025-04-15 21:42:45,893 [INFO] Collected 24 unique URLs so far
2025-04-15 21:42:45,894 [INFO] Limited URL collection to 20
2025-04-15 21:42:45,894 [INFO] Scraping content from 20 collected URLs...
2025-04-15 21:42:46,937 [INFO] newspaper3k extracted low-quality content from https://www.playstation.com/en-us/games/valorant/, trying BeautifulSoup
2025-04-15 21:42:47,336 [INFO] newspaper3k extracted low-quality content from https://playvalorant.com/en-us/, trying BeautifulSoup
2025-04-15 21:42:47,348 [INFO] Failed to extract meaningful content from https://playvalorant.com/en-us/
2025-04-15 21:42:47,509 [INFO] newspaper3k extracted low-quality content from https://valorantesports.com/, trying BeautifulSoup
2025-04-15 21:42:47,597 [INFO] Failed to extract meaningful content from https://valorantesports.com/
2025-04-15 21:42:47,713 [ERROR] Access denied to https://tracker.gg/valorant: HTTP 403 Forbidden.
2025-04-15 21:42:48,008 [INFO] newspaper3k extracted low-quality content from https://valorant.fandom.com/wiki/VALORANT_Wiki, trying BeautifulSoup
2025-04-15 21:42:48,110 [INFO] Failed to extract meaningful content from https://valorant.fandom.com/wiki/VALORANT_Wiki
2025-04-15 21:42:48,707 [INFO] newspaper3k extracted low-quality content from https://www.twitch.tv/valorant_pacific, trying BeautifulSoup
2025-04-15 21:42:48,714 [INFO] Failed to extract meaningful content from https://www.twitch.tv/valorant_pacific
2025-04-15 21:42:49,042 [INFO] newspaper3k extracted low-quality content from https://www.jmu.edu/jmuxlabs/esports/valorant.shtml, trying BeautifulSoup
2025-04-15 21:42:49,065 [INFO] Failed to extract meaningful content from https://www.jmu.edu/jmuxlabs/esports/valorant.shtml
2025-04-15 21:42:49,470 [INFO] newspaper3k extracted low-quality content from https://playvalorant.com/en-us/download/, trying BeautifulSoup
2025-04-15 21:42:49,473 [INFO] Failed to extract meaningful content from https://playvalorant.com/en-us/download/
2025-04-15 21:42:49,820 [INFO] newspaper3k extracted low-quality content from https://www.tiktok.com/live/gaming/VALORANT, trying BeautifulSoup
2025-04-15 21:42:49,825 [INFO] Failed to extract meaningful content from https://www.tiktok.com/live/gaming/VALORANT
2025-04-15 21:42:50,453 [INFO] newspaper3k extracted low-quality content from https://www.uakron.edu/esports/varsity/valorant, trying BeautifulSoup
2025-04-15 21:42:50,468 [INFO] Failed to extract meaningful content from https://www.uakron.edu/esports/varsity/valorant
2025-04-15 21:42:50,723 [INFO] newspaper3k extracted low-quality content from https://support-valorant.riotgames.com/hc/en-us, trying BeautifulSoup
2025-04-15 21:42:50,730 [INFO] Failed to extract meaningful content from https://support-valorant.riotgames.com/hc/en-us
2025-04-15 21:42:50,873 [ERROR] Access denied to https://store.epicgames.com/en-US/p/valorant: HTTP 403 Forbidden.
2025-04-15 21:42:51,532 [INFO] newspaper3k extracted low-quality content from https://www.riotgames.com/en, trying BeautifulSoup
2025-04-15 21:42:51,548 [INFO] Failed to extract meaningful content from https://www.riotgames.com/en
2025-04-15 21:42:51,804 [INFO] newspaper3k extracted low-quality content from https://www.challengermode.com/valorant?lang=en, trying BeautifulSoup
2025-04-15 21:42:51,810 [INFO] Failed to extract meaningful content from https://www.challengermode.com/valorant?lang=en
2025-04-15 21:42:52,956 [INFO] newspaper3k extracted low-quality content from https://www.uaf.edu/esports/teams/valorant.php, trying BeautifulSoup
2025-04-15 21:42:52,982 [INFO] Failed to extract meaningful content from https://www.uaf.edu/esports/teams/valorant.php
2025-04-15 21:42:53,039 [INFO] newspaper3k extracted low-quality content from https://columbiacougars.com/sports/valorant, trying BeautifulSoup
2025-04-15 21:42:53,063 [INFO] Failed to extract meaningful content from https://columbiacougars.com/sports/valorant
2025-04-15 21:42:53,504 [INFO] newspaper3k extracted low-quality content from https://open.spotify.com/artist/3wrFoI9EVjWg6m8xXeWr5t, trying BeautifulSoup
2025-04-15 21:42:53,508 [INFO] Failed to extract meaningful content from https://open.spotify.com/artist/3wrFoI9EVjWg6m8xXeWr5t
2025-04-15 21:43:06,933 [WARNING] Error fetching article at https://twitter.com/ValorantEsports: . Retrying in 1.5s (1/3)...
2025-04-15 21:43:23,955 [WARNING] Error fetching article at https://twitter.com/ValorantEsports: . Retrying in 3.0s (2/3)...
2025-04-15 21:43:42,947 [ERROR] Max retries reached for https://twitter.com/ValorantEsports: 
2025-04-15 21:43:42,948 [INFO] Article 'Valorant - PS5 Games | PlayStation' added to valid articles.
2025-04-15 21:43:42,949 [INFO] Article 'Valorant review – mind games and strategy meet competitive shooting' added to valid articles.
2025-04-15 21:43:42,949 [INFO] Article 'VALORANT's 128-Tick Servers' added to valid articles.
2025-04-15 21:43:42,956 [INFO] Formatted content for summarization with 4517 words
2025-04-15 21:43:42,960 [INFO] Summarizing chunk 1/7
2025-04-15 21:43:45,351 [WARNING] Gemini generated a short summary (12 words), using fallback
2025-04-15 21:43:45,351 [INFO] Using extractive summarization fallback
2025-04-15 21:43:45,352 [INFO] Summarizing chunk 2/7
2025-04-15 21:43:46,523 [WARNING] Gemini generated a short summary (18 words), using fallback
2025-04-15 21:43:46,524 [INFO] Using extractive summarization fallback
2025-04-15 21:43:46,524 [INFO] Summarizing chunk 3/7
2025-04-15 21:43:48,348 [WARNING] Gemini generated a short summary (27 words), using fallback
2025-04-15 21:43:48,348 [INFO] Using extractive summarization fallback
2025-04-15 21:43:48,348 [INFO] Summarizing chunk 4/7
2025-04-15 21:43:49,601 [WARNING] Gemini generated a short summary (38 words), using fallback
2025-04-15 21:43:49,601 [INFO] Using extractive summarization fallback
2025-04-15 21:43:49,602 [INFO] Summarizing chunk 5/7
2025-04-15 21:43:50,785 [INFO] Summarizing chunk 6/7
2025-04-15 21:43:52,258 [INFO] Summarizing chunk 7/7
2025-04-15 21:43:56,168 [WARNING] Gemini generated a short summary (87 words), using fallback
2025-04-15 21:43:56,168 [INFO] Using extractive summarization fallback
2025-04-15 21:43:56,170 [INFO] Summarization completed in 13.21 seconds
2025-04-15 21:43:56,170 [INFO] Generated summary with 246 words.
2025-04-15 21:43:56,170 [WARNING] Generated summary is too short (246 words). Attempting to regenerate.
2025-04-15 21:43:59,932 [WARNING] Gemini generated a short summary (20 words), using fallback
2025-04-15 21:43:59,932 [INFO] Using extractive summarization fallback
2025-04-15 21:43:59,935 [INFO] Regenerated summary with 215 words.
2025-04-15 21:43:59,935 [WARNING] Summary remains short (246 words), returning as is.
2025-04-15 21:44:00,628 [INFO] HTTP Request: POST https://api.elevenlabs.io/v1/text-to-speech/JBFqnCBsd6RMkjVDRZzb/stream "HTTP/1.1 401 Unauthorized"
2025-04-15 21:44:00,629 [ERROR] Text-to-speech conversion failed: status_code: 401, body: {'detail': {'status': 'quota_exceeded', 'message': 'This request exceeds your quota of 10000. You have 40 credits remaining, while 1643 credits are required for this request.'}}
2025-04-15 21:44:00,630 [INFO] Data written to output.json.
2025-04-15 21:44:01,411 [INFO] HTTP Request: POST https://ljrlwlsqivyghpshguee.supabase.co/rest/v1/Queries "HTTP/2 201 Created"
2025-04-15 21:44:33,238 [ERROR] D-ID API Error Response: {"kind":"UnknownError","description":"Internal Server Error"}
2025-04-15 21:44:33,239 [ERROR] Error generating video: 500: D-ID API error: 500 Server Error: Internal Server Error for url: https://api.d-id.com/talks
2025-04-15 23:36:13,439 [ERROR] D-ID API Error Response: {"kind":"UnknownError","description":"Internal Server Error"}
2025-04-15 23:36:13,441 [ERROR] Error generating video: 500: D-ID API error: 500 Server Error: Internal Server Error for url: https://api.d-id.com/talks
2025-04-15 23:37:13,677 [INFO] Configuration loaded successfully
2025-04-15 23:37:14,311 [INFO] Gemini model initialized successfully
2025-04-15 23:37:16,217 [INFO] Using Supabase URL: https://ljrlwlsqivyghpshguee.supabase.co
2025-04-15 23:37:16,218 [INFO] API Key found (masked): eyJh********************************************************************************************************************************************************************************************************K5Tg
2025-04-15 23:37:16,218 [INFO] Supabase username and password found in environment variables
2025-04-15 23:37:17,082 [INFO] Supabase client initialized successfully
2025-04-15 23:37:17,580 [INFO] Successfully created Supabase client
2025-04-15 23:37:18,276 [INFO] HTTP Request: GET https://ljrlwlsqivyghpshguee.supabase.co/rest/v1/Users?select=count&limit=1 "HTTP/2 200 OK"
2025-04-15 23:37:18,284 [INFO] Successfully connected to Supabase
2025-04-15 23:37:18,284 [INFO] Successfully connected to Supabase at startup
2025-04-15 23:37:49,258 [INFO] Scrape request received: Query='valorant', Num URLs=10
2025-04-15 23:37:49,258 [INFO] Starting collection process for query: 'valorant'
2025-04-15 23:37:49,258 [INFO] Desired article count: 10
2025-04-15 23:37:50,891 [INFO] Google Search API returned 10 URLs
2025-04-15 23:37:50,892 [INFO] Blocked domain detected: www.reddit.com
2025-04-15 23:37:50,892 [INFO] Blocked domain detected: en.wikipedia.org
2025-04-15 23:37:50,892 [INFO] Blocked domain detected: x.com
2025-04-15 23:37:50,893 [INFO] Blocked domain detected: www.youtube.com
2025-04-15 23:37:50,893 [INFO] Filtered 4 blocked domains
2025-04-15 23:37:50,893 [INFO] Fetching robots.txt from https://playvalorant.com/robots.txt
2025-04-15 23:37:51,699 [INFO] Fetching robots.txt from https://playvalorant.com/robots.txt
2025-04-15 23:37:52,266 [INFO] Fetching robots.txt from https://www.riotgames.com/robots.txt
2025-04-15 23:37:53,310 [INFO] Fetching robots.txt from https://valorantesports.com/robots.txt
2025-04-15 23:37:54,181 [INFO] Fetching robots.txt from https://tracker.gg/robots.txt
2025-04-15 23:37:54,304 [INFO] Fetching robots.txt from https://technology.riotgames.com/robots.txt
2025-04-15 23:37:54,638 [INFO] Collected 6 unique URLs so far
2025-04-15 23:37:57,311 [INFO] Google Search API returned 10 URLs
2025-04-15 23:37:57,312 [INFO] Blocked domain detected: www.instagram.com
2025-04-15 23:37:57,313 [INFO] Filtered 1 blocked domains
2025-04-15 23:37:57,313 [INFO] Fetching robots.txt from https://store.epicgames.com/robots.txt
2025-04-15 23:37:57,817 [INFO] Non-200 response from https://store.epicgames.com/robots.txt: 403
2025-04-15 23:37:57,818 [INFO] Skipping https://store.epicgames.com/en-US/p/valorant as robots.txt could not be fetched.
2025-04-15 23:37:57,818 [INFO] Fetching robots.txt from https://open.spotify.com/robots.txt
2025-04-15 23:37:57,962 [INFO] Fetching robots.txt from https://www.twitch.tv/robots.txt
2025-04-15 23:37:58,213 [INFO] Fetching robots.txt from https://columbiacougars.com/robots.txt
2025-04-15 23:37:59,265 [INFO] Fetching robots.txt from https://support-valorant.riotgames.com/robots.txt
2025-04-15 23:38:00,076 [INFO] Fetching robots.txt from https://twitter.com/robots.txt
2025-04-15 23:38:05,949 [INFO] Timeout occurred while fetching https://twitter.com/robots.txt
2025-04-15 23:38:05,950 [INFO] Skipping https://twitter.com/ValorantEsports as robots.txt could not be fetched.
2025-04-15 23:38:05,950 [INFO] Fetching robots.txt from https://valorant.fandom.com/robots.txt
2025-04-15 23:38:06,123 [INFO] Fetching robots.txt from https://www.uakron.edu/robots.txt
2025-04-15 23:38:07,672 [INFO] Fetching robots.txt from https://www.facebook.com/robots.txt
2025-04-15 23:38:07,832 [INFO] Scraping not allowed for https://www.facebook.com/ValorantEsportsVietnam/ as per robots.txt.
2025-04-15 23:38:07,833 [INFO] Collected 14 unique URLs so far
2025-04-15 23:38:10,465 [INFO] Google Search API returned 10 URLs
2025-04-15 23:38:10,465 [INFO] Blocked domain detected: www.xbox.com
2025-04-15 23:38:10,465 [INFO] Filtered 1 blocked domains
2025-04-15 23:38:10,466 [INFO] Fetching robots.txt from https://www.facebook.com/robots.txt
2025-04-15 23:38:10,614 [INFO] Scraping not allowed for https://www.facebook.com/ValorantEsportsVietnam/ as per robots.txt.
2025-04-15 23:38:10,615 [INFO] Fetching robots.txt from https://www.challengermode.com/robots.txt
2025-04-15 23:38:11,348 [INFO] Non-200 response from https://www.challengermode.com/robots.txt: 404
2025-04-15 23:38:11,348 [INFO] Skipping https://www.challengermode.com/valorant?lang=en as robots.txt could not be fetched.
2025-04-15 23:38:11,348 [INFO] Fetching robots.txt from https://www.playstation.com/robots.txt
2025-04-15 23:38:11,969 [INFO] Fetching robots.txt from https://www.jmu.edu/robots.txt
2025-04-15 23:38:13,512 [INFO] Fetching robots.txt from https://www.tiktok.com/robots.txt
2025-04-15 23:38:13,789 [INFO] Fetching robots.txt from https://www.uaf.edu/robots.txt
2025-04-15 23:38:15,756 [INFO] Fetching robots.txt from https://www.niu.edu/robots.txt
2025-04-15 23:38:16,695 [INFO] Fetching robots.txt from https://www.winthrop.edu/robots.txt
2025-04-15 23:38:18,088 [INFO] Fetching robots.txt from https://kick.com/robots.txt
2025-04-15 23:38:18,184 [INFO] Non-200 response from https://kick.com/robots.txt: 403
2025-04-15 23:38:18,184 [INFO] Skipping https://kick.com/category/valorant as robots.txt could not be fetched.
2025-04-15 23:38:18,185 [INFO] Collected 22 unique URLs so far
2025-04-15 23:38:18,185 [INFO] Limited URL collection to 20
2025-04-15 23:38:18,185 [INFO] Scraping content from 20 collected URLs...
2025-04-15 23:38:18,989 [INFO] newspaper3k extracted low-quality content from https://playvalorant.com/en-us/, trying BeautifulSoup
2025-04-15 23:38:19,003 [INFO] Failed to extract meaningful content from https://playvalorant.com/en-us/
2025-04-15 23:38:19,427 [INFO] newspaper3k extracted low-quality content from https://www.jmu.edu/jmuxlabs/esports/valorant.shtml, trying BeautifulSoup
2025-04-15 23:38:19,452 [INFO] Failed to extract meaningful content from https://www.jmu.edu/jmuxlabs/esports/valorant.shtml
2025-04-15 23:38:19,625 [INFO] newspaper3k extracted low-quality content from https://valorantesports.com/, trying BeautifulSoup
2025-04-15 23:38:19,712 [INFO] Failed to extract meaningful content from https://valorantesports.com/
2025-04-15 23:38:19,967 [INFO] newspaper3k extracted low-quality content from https://valorant.fandom.com/wiki/VALORANT_Wiki, trying BeautifulSoup
2025-04-15 23:38:20,070 [INFO] Failed to extract meaningful content from https://valorant.fandom.com/wiki/VALORANT_Wiki
2025-04-15 23:38:20,166 [ERROR] Access denied to https://tracker.gg/valorant: HTTP 403 Forbidden.
2025-04-15 23:38:20,452 [INFO] newspaper3k extracted low-quality content from https://www.twitch.tv/valorant, trying BeautifulSoup
2025-04-15 23:38:20,458 [INFO] Failed to extract meaningful content from https://www.twitch.tv/valorant
2025-04-15 23:38:20,569 [INFO] newspaper3k extracted low-quality content from https://www.tiktok.com/live/gaming/VALORANT, trying BeautifulSoup
2025-04-15 23:38:20,574 [INFO] Failed to extract meaningful content from https://www.tiktok.com/live/gaming/VALORANT
2025-04-15 23:38:21,120 [INFO] newspaper3k extracted low-quality content from https://www.uakron.edu/esports/varsity/valorant, trying BeautifulSoup
2025-04-15 23:38:21,136 [INFO] Failed to extract meaningful content from https://www.uakron.edu/esports/varsity/valorant
2025-04-15 23:38:21,523 [INFO] newspaper3k extracted low-quality content from https://playvalorant.com/en-us/download/, trying BeautifulSoup
2025-04-15 23:38:21,526 [INFO] Failed to extract meaningful content from https://playvalorant.com/en-us/download/
2025-04-15 23:38:22,456 [INFO] newspaper3k extracted low-quality content from https://www.challengermode.com/valorant?lang=en, trying BeautifulSoup
2025-04-15 23:38:22,462 [INFO] Failed to extract meaningful content from https://www.challengermode.com/valorant?lang=en
2025-04-15 23:38:22,604 [INFO] newspaper3k extracted low-quality content from https://support-valorant.riotgames.com/hc/en-us, trying BeautifulSoup
2025-04-15 23:38:22,614 [INFO] Failed to extract meaningful content from https://support-valorant.riotgames.com/hc/en-us
2025-04-15 23:38:22,962 [ERROR] Access denied to https://store.epicgames.com/en-US/p/valorant: HTTP 403 Forbidden.
2025-04-15 23:38:23,735 [INFO] newspaper3k extracted low-quality content from https://www.uaf.edu/esports/teams/valorant.php, trying BeautifulSoup
2025-04-15 23:38:23,761 [INFO] Failed to extract meaningful content from https://www.uaf.edu/esports/teams/valorant.php
2025-04-15 23:38:23,816 [INFO] newspaper3k extracted low-quality content from https://www.riotgames.com/en, trying BeautifulSoup
2025-04-15 23:38:23,839 [INFO] Failed to extract meaningful content from https://www.riotgames.com/en
2025-04-15 23:38:24,752 [INFO] newspaper3k extracted low-quality content from https://www.playstation.com/en-us/games/valorant/, trying BeautifulSoup
2025-04-15 23:38:25,016 [INFO] newspaper3k extracted low-quality content from https://columbiacougars.com/sports/valorant, trying BeautifulSoup
2025-04-15 23:38:25,032 [INFO] Failed to extract meaningful content from https://columbiacougars.com/sports/valorant
2025-04-15 23:38:25,155 [INFO] newspaper3k extracted low-quality content from https://www.niu.edu/esports/play/varsity/valorant.shtml, trying BeautifulSoup
2025-04-15 23:38:25,177 [INFO] Failed to extract meaningful content from https://www.niu.edu/esports/play/varsity/valorant.shtml
2025-04-15 23:38:25,505 [INFO] newspaper3k extracted low-quality content from https://open.spotify.com/artist/3wrFoI9EVjWg6m8xXeWr5t, trying BeautifulSoup
2025-04-15 23:38:25,507 [INFO] Failed to extract meaningful content from https://open.spotify.com/artist/3wrFoI9EVjWg6m8xXeWr5t
2025-04-15 23:38:39,933 [WARNING] Error fetching article at https://twitter.com/ValorantEsports: . Retrying in 1.5s (1/3)...
2025-04-15 23:38:56,948 [WARNING] Error fetching article at https://twitter.com/ValorantEsports: . Retrying in 3.0s (2/3)...
2025-04-15 23:39:15,946 [ERROR] Max retries reached for https://twitter.com/ValorantEsports: 
2025-04-15 23:39:15,947 [INFO] Article 'VALORANT's 128-Tick Servers' added to valid articles.
2025-04-15 23:39:15,948 [INFO] Article 'Valorant - PS5 Games | PlayStation' added to valid articles.
2025-04-15 23:39:15,953 [INFO] Formatted content for summarization with 3990 words
2025-04-15 23:39:15,956 [INFO] Summarizing chunk 1/7
2025-04-15 23:39:18,294 [WARNING] Gemini generated a short summary (0 words), using fallback
2025-04-15 23:39:18,294 [INFO] Using extractive summarization fallback
2025-04-15 23:39:18,295 [INFO] Summarizing chunk 2/7
2025-04-15 23:39:19,558 [INFO] Summarizing chunk 3/7
2025-04-15 23:39:21,096 [INFO] Summarizing chunk 4/7
2025-04-15 23:39:22,307 [INFO] Summarizing chunk 5/7
2025-04-15 23:39:23,676 [INFO] Summarizing chunk 6/7
2025-04-15 23:39:24,826 [INFO] Summarizing chunk 7/7
2025-04-15 23:39:25,803 [WARNING] Gemini generated a short summary (17 words), using fallback
2025-04-15 23:39:25,804 [INFO] Using extractive summarization fallback
2025-04-15 23:39:29,197 [WARNING] Gemini generated a short summary (141 words), using fallback
2025-04-15 23:39:29,197 [INFO] Using extractive summarization fallback
2025-04-15 23:39:29,198 [INFO] Summarization completed in 13.24 seconds
2025-04-15 23:39:29,198 [INFO] Generated summary with 94 words.
2025-04-15 23:39:29,199 [WARNING] Generated summary is too short (94 words). Attempting to regenerate.
2025-04-15 23:39:33,072 [WARNING] Gemini generated a short summary (146 words), using fallback
2025-04-15 23:39:33,072 [INFO] Using extractive summarization fallback
2025-04-15 23:39:33,074 [INFO] Regenerated summary with 103 words.
2025-04-15 23:39:33,074 [WARNING] Summary remains short (103 words), returning as is.
2025-04-15 23:39:33,766 [INFO] HTTP Request: POST https://api.elevenlabs.io/v1/text-to-speech/JBFqnCBsd6RMkjVDRZzb/stream "HTTP/1.1 401 Unauthorized"
2025-04-15 23:39:33,767 [ERROR] Text-to-speech conversion failed: status_code: 401, body: {'detail': {'status': 'quota_exceeded', 'message': 'This request exceeds your quota of 10000. You have 40 credits remaining, while 558 credits are required for this request.'}}
2025-04-15 23:39:33,768 [INFO] Data written to output.json.
2025-04-15 23:39:34,547 [INFO] HTTP Request: POST https://ljrlwlsqivyghpshguee.supabase.co/rest/v1/Queries "HTTP/2 201 Created"
2025-04-15 23:46:50,106 [ERROR] D-ID API Error Response: {"kind":"ValidationError","description":"validation failed","details":{"body.script":{"message":"'script' is required"}}}
2025-04-15 23:46:50,106 [ERROR] Error generating video: 500: D-ID API error: 400 Client Error: Bad Request for url: https://api.d-id.com/talks
2025-04-15 23:48:23,943 [ERROR] D-ID API Error Response: {"kind":"ValidationError","description":"validation failed","details":{"body.script":{"message":"'script' is required"}}}
2025-04-15 23:48:23,943 [ERROR] Error generating video: 500: D-ID API error: 400 Client Error: Bad Request for url: https://api.d-id.com/talks
2025-04-15 23:50:13,854 [ERROR] D-ID API Error Response: {"kind":"ValidationError","description":"validation failed","details":{"body.script":{"message":"'script' is required"}}}
2025-04-15 23:50:13,855 [ERROR] Error generating video: 500: D-ID API error: 400 Client Error: Bad Request for url: https://api.d-id.com/talks
2025-04-15 23:50:53,829 [INFO] Configuration loaded successfully
2025-04-15 23:50:54,190 [INFO] Gemini model initialized successfully
2025-04-15 23:50:55,131 [INFO] Using Supabase URL: https://ljrlwlsqivyghpshguee.supabase.co
2025-04-15 23:50:55,131 [INFO] API Key found (masked): eyJh********************************************************************************************************************************************************************************************************K5Tg
2025-04-15 23:50:55,132 [INFO] Supabase username and password found in environment variables
2025-04-15 23:50:55,392 [INFO] Supabase client initialized successfully
2025-04-15 23:50:55,637 [INFO] Successfully created Supabase client
2025-04-15 23:50:56,624 [INFO] HTTP Request: GET https://ljrlwlsqivyghpshguee.supabase.co/rest/v1/Users?select=count&limit=1 "HTTP/2 200 OK"
2025-04-15 23:50:56,627 [INFO] Successfully connected to Supabase
2025-04-15 23:50:56,628 [INFO] Successfully connected to Supabase at startup
2025-04-15 23:51:41,653 [INFO] Scrape request received: Query='valorant', Num URLs=10
2025-04-15 23:51:41,653 [INFO] Starting collection process for query: 'valorant'
2025-04-15 23:51:41,654 [INFO] Desired article count: 10
2025-04-15 23:51:43,461 [INFO] Google Search API returned 10 URLs
2025-04-15 23:51:43,462 [INFO] Blocked domain detected: www.reddit.com
2025-04-15 23:51:43,462 [INFO] Blocked domain detected: en.wikipedia.org
2025-04-15 23:51:43,462 [INFO] Blocked domain detected: x.com
2025-04-15 23:51:43,462 [INFO] Blocked domain detected: www.youtube.com
2025-04-15 23:51:43,463 [INFO] Filtered 4 blocked domains
2025-04-15 23:51:43,463 [INFO] Fetching robots.txt from https://playvalorant.com/robots.txt
2025-04-15 23:51:44,037 [INFO] Fetching robots.txt from https://playvalorant.com/robots.txt
2025-04-15 23:51:44,617 [INFO] Fetching robots.txt from https://www.riotgames.com/robots.txt
2025-04-15 23:51:45,482 [INFO] Fetching robots.txt from https://valorantesports.com/robots.txt
2025-04-15 23:51:46,197 [INFO] Fetching robots.txt from https://tracker.gg/robots.txt
2025-04-15 23:51:46,303 [INFO] Fetching robots.txt from https://technology.riotgames.com/robots.txt
2025-04-15 23:51:46,479 [INFO] Collected 6 unique URLs so far
2025-04-15 23:51:49,320 [INFO] Google Search API returned 10 URLs
2025-04-15 23:51:49,320 [INFO] Blocked domain detected: www.instagram.com
2025-04-15 23:51:49,321 [INFO] Filtered 1 blocked domains
2025-04-15 23:51:49,321 [INFO] Fetching robots.txt from https://store.epicgames.com/robots.txt
2025-04-15 23:51:49,802 [INFO] Non-200 response from https://store.epicgames.com/robots.txt: 403
2025-04-15 23:51:49,802 [INFO] Skipping https://store.epicgames.com/en-US/p/valorant as robots.txt could not be fetched.
2025-04-15 23:51:49,802 [INFO] Fetching robots.txt from https://open.spotify.com/robots.txt
2025-04-15 23:51:49,945 [INFO] Fetching robots.txt from https://www.twitch.tv/robots.txt
2025-04-15 23:51:50,197 [INFO] Fetching robots.txt from https://columbiacougars.com/robots.txt
2025-04-15 23:51:51,342 [INFO] Fetching robots.txt from https://support-valorant.riotgames.com/robots.txt
2025-04-15 23:51:51,556 [INFO] Fetching robots.txt from https://twitter.com/robots.txt
2025-04-15 23:51:56,955 [INFO] Timeout occurred while fetching https://twitter.com/robots.txt
2025-04-15 23:51:56,955 [INFO] Skipping https://twitter.com/ValorantEsports as robots.txt could not be fetched.
2025-04-15 23:51:56,955 [INFO] Fetching robots.txt from https://valorant.fandom.com/robots.txt
2025-04-15 23:51:57,100 [INFO] Fetching robots.txt from https://www.uakron.edu/robots.txt
2025-04-15 23:51:58,522 [INFO] Fetching robots.txt from https://www.facebook.com/robots.txt
2025-04-15 23:51:58,668 [INFO] Scraping not allowed for https://www.facebook.com/ValorantEsportsVietnam/ as per robots.txt.
2025-04-15 23:51:58,668 [INFO] Collected 14 unique URLs so far
2025-04-15 23:52:01,468 [INFO] Google Search API returned 10 URLs
2025-04-15 23:52:01,469 [INFO] Blocked domain detected: www.xbox.com
2025-04-15 23:52:01,469 [INFO] Filtered 1 blocked domains
2025-04-15 23:52:01,470 [INFO] Fetching robots.txt from https://www.challengermode.com/robots.txt
2025-04-15 23:52:02,447 [INFO] Non-200 response from https://www.challengermode.com/robots.txt: 404
2025-04-15 23:52:02,447 [INFO] Skipping https://www.challengermode.com/valorant?lang=en as robots.txt could not be fetched.
2025-04-15 23:52:02,448 [INFO] Fetching robots.txt from https://www.playstation.com/robots.txt
2025-04-15 23:52:03,007 [INFO] Fetching robots.txt from https://www.jmu.edu/robots.txt
2025-04-15 23:52:03,888 [INFO] Fetching robots.txt from https://www.tiktok.com/robots.txt
2025-04-15 23:52:04,156 [INFO] Fetching robots.txt from https://www.uaf.edu/robots.txt
2025-04-15 23:52:06,074 [INFO] Fetching robots.txt from https://www.niu.edu/robots.txt
2025-04-15 23:52:07,006 [INFO] Fetching robots.txt from https://www.winthrop.edu/robots.txt
2025-04-15 23:52:07,923 [INFO] Fetching robots.txt from https://kick.com/robots.txt
2025-04-15 23:52:08,019 [INFO] Non-200 response from https://kick.com/robots.txt: 403
2025-04-15 23:52:08,019 [INFO] Skipping https://kick.com/category/valorant as robots.txt could not be fetched.
2025-04-15 23:52:08,020 [INFO] Fetching robots.txt from https://liquipedia.net/robots.txt
2025-04-15 23:52:08,531 [INFO] Collected 23 unique URLs so far
2025-04-15 23:52:08,531 [INFO] Limited URL collection to 20
2025-04-15 23:52:08,531 [INFO] Scraping content from 20 collected URLs...
2025-04-15 23:52:09,665 [INFO] newspaper3k extracted low-quality content from https://playvalorant.com/en-us/, trying BeautifulSoup
2025-04-15 23:52:09,675 [INFO] Failed to extract meaningful content from https://playvalorant.com/en-us/
2025-04-15 23:52:09,827 [INFO] newspaper3k extracted low-quality content from https://valorantesports.com/, trying BeautifulSoup
2025-04-15 23:52:09,905 [INFO] Failed to extract meaningful content from https://valorantesports.com/
2025-04-15 23:52:09,946 [INFO] newspaper3k extracted low-quality content from https://www.jmu.edu/jmuxlabs/esports/valorant.shtml, trying BeautifulSoup
2025-04-15 23:52:09,971 [INFO] Failed to extract meaningful content from https://www.jmu.edu/jmuxlabs/esports/valorant.shtml
2025-04-15 23:52:10,056 [ERROR] Access denied to https://tracker.gg/valorant: HTTP 403 Forbidden.
2025-04-15 23:52:10,332 [INFO] newspaper3k extracted low-quality content from https://valorant.fandom.com/wiki/VALORANT_Wiki, trying BeautifulSoup
2025-04-15 23:52:10,424 [INFO] Failed to extract meaningful content from https://valorant.fandom.com/wiki/VALORANT_Wiki
2025-04-15 23:52:10,439 [INFO] newspaper3k extracted low-quality content from https://www.twitch.tv/valorant, trying BeautifulSoup
2025-04-15 23:52:10,444 [INFO] Failed to extract meaningful content from https://www.twitch.tv/valorant
2025-04-15 23:52:10,717 [INFO] newspaper3k extracted low-quality content from https://www.tiktok.com/live/gaming/VALORANT, trying BeautifulSoup
2025-04-15 23:52:10,722 [INFO] Failed to extract meaningful content from https://www.tiktok.com/live/gaming/VALORANT
2025-04-15 23:52:11,415 [INFO] newspaper3k extracted low-quality content from https://www.uakron.edu/esports/varsity/valorant, trying BeautifulSoup
2025-04-15 23:52:11,428 [INFO] Failed to extract meaningful content from https://www.uakron.edu/esports/varsity/valorant
2025-04-15 23:52:11,931 [INFO] newspaper3k extracted low-quality content from https://playvalorant.com/en-us/download/, trying BeautifulSoup
2025-04-15 23:52:11,934 [INFO] Failed to extract meaningful content from https://playvalorant.com/en-us/download/
2025-04-15 23:52:12,035 [INFO] newspaper3k extracted low-quality content from https://columbiacougars.com/sports/valorant, trying BeautifulSoup
2025-04-15 23:52:12,049 [INFO] Failed to extract meaningful content from https://columbiacougars.com/sports/valorant
2025-04-15 23:52:12,185 [INFO] newspaper3k extracted low-quality content from https://www.challengermode.com/valorant?lang=en, trying BeautifulSoup
2025-04-15 23:52:12,189 [INFO] Failed to extract meaningful content from https://www.challengermode.com/valorant?lang=en
2025-04-15 23:52:12,430 [INFO] newspaper3k extracted low-quality content from https://support-valorant.riotgames.com/hc/en-us, trying BeautifulSoup
2025-04-15 23:52:12,437 [INFO] Failed to extract meaningful content from https://support-valorant.riotgames.com/hc/en-us
2025-04-15 23:52:12,591 [ERROR] Access denied to https://store.epicgames.com/en-US/p/valorant: HTTP 403 Forbidden.
2025-04-15 23:52:13,223 [INFO] newspaper3k extracted low-quality content from https://www.riotgames.com/en, trying BeautifulSoup
2025-04-15 23:52:13,238 [INFO] Failed to extract meaningful content from https://www.riotgames.com/en
2025-04-15 23:52:13,588 [INFO] newspaper3k extracted low-quality content from https://www.niu.edu/esports/play/varsity/valorant.shtml, trying BeautifulSoup
2025-04-15 23:52:13,609 [INFO] Failed to extract meaningful content from https://www.niu.edu/esports/play/varsity/valorant.shtml
2025-04-15 23:52:14,072 [INFO] newspaper3k extracted low-quality content from https://www.playstation.com/en-us/games/valorant/, trying BeautifulSoup
2025-04-15 23:52:14,596 [INFO] newspaper3k extracted low-quality content from https://open.spotify.com/artist/3wrFoI9EVjWg6m8xXeWr5t, trying BeautifulSoup
2025-04-15 23:52:14,600 [INFO] Failed to extract meaningful content from https://open.spotify.com/artist/3wrFoI9EVjWg6m8xXeWr5t
2025-04-15 23:52:14,988 [INFO] newspaper3k extracted low-quality content from https://www.uaf.edu/esports/teams/valorant.php, trying BeautifulSoup
2025-04-15 23:52:15,007 [INFO] Failed to extract meaningful content from https://www.uaf.edu/esports/teams/valorant.php
2025-04-15 23:52:28,955 [WARNING] Error fetching article at https://twitter.com/ValorantEsports: . Retrying in 1.5s (1/3)...
2025-04-15 23:52:45,943 [WARNING] Error fetching article at https://twitter.com/ValorantEsports: . Retrying in 3.0s (2/3)...
2025-04-15 23:53:04,954 [ERROR] Max retries reached for https://twitter.com/ValorantEsports: 
2025-04-15 23:53:04,955 [INFO] Article 'VALORANT's 128-Tick Servers' added to valid articles.
2025-04-15 23:53:04,955 [INFO] Article 'Valorant - PS5 Games | PlayStation' added to valid articles.
2025-04-15 23:53:04,960 [INFO] Formatted content for summarization with 3990 words
2025-04-15 23:53:04,964 [INFO] Summarizing chunk 1/7
2025-04-15 23:53:07,476 [WARNING] Gemini generated a short summary (0 words), using fallback
2025-04-15 23:53:07,476 [INFO] Using extractive summarization fallback
2025-04-15 23:53:07,476 [INFO] Summarizing chunk 2/7
2025-04-15 23:53:08,764 [WARNING] Gemini generated a short summary (32 words), using fallback
2025-04-15 23:53:08,764 [INFO] Using extractive summarization fallback
2025-04-15 23:53:08,764 [INFO] Summarizing chunk 3/7
2025-04-15 23:53:10,244 [INFO] Summarizing chunk 4/7
2025-04-15 23:53:11,392 [INFO] Summarizing chunk 5/7
2025-04-15 23:53:12,697 [INFO] Summarizing chunk 6/7
2025-04-15 23:53:13,830 [WARNING] Gemini generated a short summary (32 words), using fallback
2025-04-15 23:53:13,830 [INFO] Using extractive summarization fallback
2025-04-15 23:53:13,840 [INFO] Summarizing chunk 7/7
2025-04-15 23:53:14,866 [WARNING] Gemini generated a short summary (17 words), using fallback
2025-04-15 23:53:14,867 [INFO] Using extractive summarization fallback
2025-04-15 23:53:17,860 [WARNING] Gemini generated a short summary (48 words), using fallback
2025-04-15 23:53:17,860 [INFO] Using extractive summarization fallback
2025-04-15 23:53:17,862 [INFO] Summarization completed in 12.90 seconds
2025-04-15 23:53:17,862 [INFO] Generated summary with 165 words.
2025-04-15 23:53:17,862 [WARNING] Generated summary is too short (165 words). Attempting to regenerate.
2025-04-15 23:53:22,795 [WARNING] Gemini generated a short summary (252 words), using fallback
2025-04-15 23:53:22,795 [INFO] Using extractive summarization fallback
2025-04-15 23:53:22,796 [INFO] Regenerated summary with 103 words.
2025-04-15 23:53:22,796 [WARNING] Summary remains short (165 words), returning as is.
2025-04-15 23:53:23,550 [INFO] HTTP Request: POST https://api.elevenlabs.io/v1/text-to-speech/JBFqnCBsd6RMkjVDRZzb/stream "HTTP/1.1 401 Unauthorized"
2025-04-15 23:53:23,551 [ERROR] Text-to-speech conversion failed: status_code: 401, body: {'detail': {'status': 'quota_exceeded', 'message': 'This request exceeds your quota of 10000. You have 40 credits remaining, while 1039 credits are required for this request.'}}
2025-04-15 23:53:23,552 [INFO] Data written to output.json.
2025-04-15 23:53:24,315 [INFO] HTTP Request: POST https://ljrlwlsqivyghpshguee.supabase.co/rest/v1/Queries "HTTP/2 201 Created"
2025-04-15 23:53:33,124 [ERROR] D-ID API Error Response: {"kind":"UnknownError","description":"Internal Server Error"}
2025-04-15 23:53:33,124 [ERROR] Error generating video: 500: D-ID API error: 500 Server Error: Internal Server Error for url: https://api.d-id.com/talks
2025-04-15 23:55:59,752 [ERROR] D-ID API Error Response: {"kind":"UnknownError","description":"Internal Server Error"}
2025-04-15 23:55:59,752 [ERROR] Error generating video: 500: D-ID API error: 500 Server Error: Internal Server Error for url: https://api.d-id.com/talks
2025-04-15 23:57:03,625 [INFO] Scrape request received: Query='valorant', Num URLs=10
2025-04-15 23:57:03,625 [INFO] Starting collection process for query: 'valorant'
2025-04-15 23:57:03,625 [INFO] Desired article count: 10
2025-04-15 23:57:05,428 [INFO] Google Search API returned 10 URLs
2025-04-15 23:57:05,429 [INFO] Blocked domain detected: www.reddit.com
2025-04-15 23:57:05,429 [INFO] Blocked domain detected: en.wikipedia.org
2025-04-15 23:57:05,429 [INFO] Blocked domain detected: x.com
2025-04-15 23:57:05,429 [INFO] Blocked domain detected: www.youtube.com
2025-04-15 23:57:05,430 [INFO] Filtered 4 blocked domains
2025-04-15 23:57:05,430 [INFO] Fetching robots.txt from https://playvalorant.com/robots.txt
2025-04-15 23:57:06,045 [INFO] Fetching robots.txt from https://playvalorant.com/robots.txt
2025-04-15 23:57:06,597 [INFO] Fetching robots.txt from https://www.riotgames.com/robots.txt
2025-04-15 23:57:07,458 [INFO] Fetching robots.txt from https://valorantesports.com/robots.txt
2025-04-15 23:57:08,011 [INFO] Fetching robots.txt from https://tracker.gg/robots.txt
2025-04-15 23:57:08,128 [INFO] Fetching robots.txt from https://technology.riotgames.com/robots.txt
2025-04-15 23:57:08,302 [INFO] Collected 6 unique URLs so far
2025-04-15 23:57:10,976 [INFO] Google Search API returned 10 URLs
2025-04-15 23:57:10,976 [INFO] Blocked domain detected: www.instagram.com
2025-04-15 23:57:10,976 [INFO] Filtered 1 blocked domains
2025-04-15 23:57:10,976 [INFO] Fetching robots.txt from https://store.epicgames.com/robots.txt
2025-04-15 23:57:11,591 [INFO] Non-200 response from https://store.epicgames.com/robots.txt: 403
2025-04-15 23:57:11,592 [INFO] Skipping https://store.epicgames.com/en-US/p/valorant as robots.txt could not be fetched.
2025-04-15 23:57:11,592 [INFO] Fetching robots.txt from https://open.spotify.com/robots.txt
2025-04-15 23:57:11,733 [INFO] Fetching robots.txt from https://www.twitch.tv/robots.txt
2025-04-15 23:57:12,004 [INFO] Fetching robots.txt from https://columbiacougars.com/robots.txt
2025-04-15 23:57:13,065 [INFO] Fetching robots.txt from https://support-valorant.riotgames.com/robots.txt
2025-04-15 23:57:13,275 [INFO] Fetching robots.txt from https://twitter.com/robots.txt
2025-04-15 23:57:18,948 [INFO] Timeout occurred while fetching https://twitter.com/robots.txt
2025-04-15 23:57:18,948 [INFO] Skipping https://twitter.com/ValorantEsports as robots.txt could not be fetched.
2025-04-15 23:57:18,949 [INFO] Fetching robots.txt from https://valorant.fandom.com/robots.txt
2025-04-15 23:57:19,189 [INFO] Fetching robots.txt from https://www.uakron.edu/robots.txt
2025-04-15 23:57:20,522 [INFO] Fetching robots.txt from https://www.facebook.com/robots.txt
2025-04-15 23:57:20,684 [INFO] Scraping not allowed for https://www.facebook.com/ValorantEsportsVietnam/ as per robots.txt.
2025-04-15 23:57:20,684 [INFO] Collected 14 unique URLs so far
2025-04-15 23:57:23,369 [INFO] Google Search API returned 10 URLs
2025-04-15 23:57:23,370 [INFO] Blocked domain detected: www.xbox.com
2025-04-15 23:57:23,370 [INFO] Filtered 1 blocked domains
2025-04-15 23:57:23,370 [INFO] Fetching robots.txt from https://www.challengermode.com/robots.txt
2025-04-15 23:57:24,083 [INFO] Non-200 response from https://www.challengermode.com/robots.txt: 404
2025-04-15 23:57:24,084 [INFO] Skipping https://www.challengermode.com/valorant?lang=en as robots.txt could not be fetched.
2025-04-15 23:57:24,084 [INFO] Fetching robots.txt from https://www.playstation.com/robots.txt
2025-04-15 23:57:24,724 [INFO] Fetching robots.txt from https://www.jmu.edu/robots.txt
2025-04-15 23:57:26,130 [INFO] Fetching robots.txt from https://www.tiktok.com/robots.txt
2025-04-15 23:57:26,423 [INFO] Fetching robots.txt from https://www.uaf.edu/robots.txt
2025-04-15 23:57:28,102 [INFO] Fetching robots.txt from https://www.niu.edu/robots.txt
2025-04-15 23:57:29,012 [INFO] Fetching robots.txt from https://www.winthrop.edu/robots.txt
2025-04-15 23:57:31,456 [INFO] Fetching robots.txt from https://kick.com/robots.txt
2025-04-15 23:57:31,568 [INFO] Non-200 response from https://kick.com/robots.txt: 403
2025-04-15 23:57:31,568 [INFO] Skipping https://kick.com/category/valorant as robots.txt could not be fetched.
2025-04-15 23:57:31,568 [INFO] Fetching robots.txt from https://liquipedia.net/robots.txt
2025-04-15 23:57:32,074 [INFO] Collected 23 unique URLs so far
2025-04-15 23:57:32,074 [INFO] Limited URL collection to 20
2025-04-15 23:57:32,075 [INFO] Scraping content from 20 collected URLs...
2025-04-15 23:57:32,473 [INFO] newspaper3k extracted low-quality content from https://valorant.fandom.com/wiki/VALORANT_Wiki, trying BeautifulSoup
2025-04-15 23:57:32,761 [INFO] Failed to extract meaningful content from https://valorant.fandom.com/wiki/VALORANT_Wiki
2025-04-15 23:57:32,788 [INFO] newspaper3k extracted low-quality content from https://www.twitch.tv/valorant, trying BeautifulSoup
2025-04-15 23:57:32,799 [INFO] Failed to extract meaningful content from https://www.twitch.tv/valorant
2025-04-15 23:57:32,885 [ERROR] Access denied to https://tracker.gg/valorant: HTTP 403 Forbidden.
2025-04-15 23:57:33,712 [INFO] newspaper3k extracted low-quality content from https://www.jmu.edu/jmuxlabs/esports/valorant.shtml, trying BeautifulSoup
2025-04-15 23:57:33,740 [INFO] Failed to extract meaningful content from https://www.jmu.edu/jmuxlabs/esports/valorant.shtml
2025-04-15 23:57:33,875 [INFO] newspaper3k extracted low-quality content from https://playvalorant.com/en-us/, trying BeautifulSoup
2025-04-15 23:57:33,885 [INFO] Failed to extract meaningful content from https://playvalorant.com/en-us/
2025-04-15 23:57:34,358 [INFO] newspaper3k extracted low-quality content from https://www.tiktok.com/live/gaming/VALORANT, trying BeautifulSoup
2025-04-15 23:57:34,364 [INFO] Failed to extract meaningful content from https://www.tiktok.com/live/gaming/VALORANT
2025-04-15 23:57:34,817 [INFO] newspaper3k extracted low-quality content from https://www.uakron.edu/esports/varsity/valorant, trying BeautifulSoup
2025-04-15 23:57:34,833 [INFO] Failed to extract meaningful content from https://www.uakron.edu/esports/varsity/valorant
2025-04-15 23:57:35,303 [INFO] newspaper3k extracted low-quality content from https://www.uaf.edu/esports/teams/valorant.php, trying BeautifulSoup
2025-04-15 23:57:35,325 [INFO] Failed to extract meaningful content from https://www.uaf.edu/esports/teams/valorant.php
2025-04-15 23:57:35,810 [INFO] newspaper3k extracted low-quality content from https://playvalorant.com/en-us/download/, trying BeautifulSoup
2025-04-15 23:57:35,813 [INFO] Failed to extract meaningful content from https://playvalorant.com/en-us/download/
2025-04-15 23:57:35,928 [INFO] newspaper3k extracted low-quality content from https://support-valorant.riotgames.com/hc/en-us, trying BeautifulSoup
2025-04-15 23:57:35,936 [INFO] Failed to extract meaningful content from https://support-valorant.riotgames.com/hc/en-us
2025-04-15 23:57:36,008 [INFO] newspaper3k extracted low-quality content from https://columbiacougars.com/sports/valorant, trying BeautifulSoup
2025-04-15 23:57:36,023 [INFO] Failed to extract meaningful content from https://columbiacougars.com/sports/valorant
2025-04-15 23:57:36,060 [INFO] newspaper3k extracted low-quality content from https://www.challengermode.com/valorant?lang=en, trying BeautifulSoup
2025-04-15 23:57:36,064 [INFO] Failed to extract meaningful content from https://www.challengermode.com/valorant?lang=en
2025-04-15 23:57:36,324 [ERROR] Access denied to https://store.epicgames.com/en-US/p/valorant: HTTP 403 Forbidden.
2025-04-15 23:57:36,772 [INFO] newspaper3k extracted low-quality content from https://www.riotgames.com/en, trying BeautifulSoup
2025-04-15 23:57:36,786 [INFO] Failed to extract meaningful content from https://www.riotgames.com/en
2025-04-15 23:57:37,072 [INFO] newspaper3k extracted low-quality content from https://www.niu.edu/esports/play/varsity/valorant.shtml, trying BeautifulSoup
2025-04-15 23:57:37,093 [INFO] Failed to extract meaningful content from https://www.niu.edu/esports/play/varsity/valorant.shtml
2025-04-15 23:57:37,493 [INFO] newspaper3k extracted low-quality content from https://www.playstation.com/en-us/games/valorant/, trying BeautifulSoup
2025-04-15 23:57:37,577 [INFO] newspaper3k extracted low-quality content from https://open.spotify.com/artist/3wrFoI9EVjWg6m8xXeWr5t, trying BeautifulSoup
2025-04-15 23:57:37,581 [INFO] Failed to extract meaningful content from https://open.spotify.com/artist/3wrFoI9EVjWg6m8xXeWr5t
2025-04-15 23:57:38,481 [INFO] newspaper3k extracted low-quality content from https://valorantesports.com/, trying BeautifulSoup
2025-04-15 23:57:38,562 [INFO] Failed to extract meaningful content from https://valorantesports.com/
2025-04-15 23:57:51,933 [WARNING] Error fetching article at https://twitter.com/ValorantEsports: . Retrying in 1.5s (1/3)...
2025-04-15 23:58:08,939 [WARNING] Error fetching article at https://twitter.com/ValorantEsports: . Retrying in 3.0s (2/3)...
2025-04-15 23:58:08,940 [ERROR] Cancelling an overlapped future failed
future: <_OverlappedFuture pending cb=[_ProactorReadPipeTransport._loop_reading()]>
Traceback (most recent call last):
  File "C:\Users\Hamza\AppData\Local\Programs\Python\Python312\Lib\asyncio\proactor_events.py", line 402, in _loop_writing
    self._write_fut = self._loop._proactor.send(self._sock, data)
                      ^^^^^^^^^^^^^^^^^^^^^^^^^^^^^^^^^^^^^^^^^^^
  File "C:\Users\Hamza\AppData\Local\Programs\Python\Python312\Lib\asyncio\windows_events.py", line 542, in send
    ov.WSASend(conn.fileno(), buf, flags)
OSError: [WinError 10038] An operation was attempted on something that is not a socket

During handling of the above exception, another exception occurred:

Traceback (most recent call last):
  File "C:\Users\Hamza\AppData\Local\Programs\Python\Python312\Lib\asyncio\windows_events.py", line 72, in _cancel_overlapped
    self._ov.cancel()
OSError: [WinError 6] The handle is invalid
2025-04-15 23:58:26,933 [ERROR] Max retries reached for https://twitter.com/ValorantEsports: 
2025-04-15 23:58:26,934 [INFO] Article 'VALORANT's 128-Tick Servers' added to valid articles.
2025-04-15 23:58:26,934 [INFO] Article 'Valorant - PS5 Games | PlayStation' added to valid articles.
2025-04-15 23:58:26,938 [INFO] Formatted content for summarization with 3990 words
2025-04-15 23:58:26,942 [INFO] Summarizing chunk 1/7
2025-04-15 23:58:29,205 [WARNING] Gemini generated a short summary (0 words), using fallback
2025-04-15 23:58:29,205 [INFO] Using extractive summarization fallback
2025-04-15 23:58:29,205 [INFO] Summarizing chunk 2/7
2025-04-15 23:58:30,318 [INFO] Summarizing chunk 3/7
2025-04-15 23:58:31,606 [INFO] Summarizing chunk 4/7
2025-04-15 23:58:32,786 [INFO] Summarizing chunk 5/7
2025-04-15 23:58:34,074 [INFO] Summarizing chunk 6/7
2025-04-15 23:58:35,223 [INFO] Summarizing chunk 7/7
2025-04-15 23:58:36,254 [WARNING] Gemini generated a short summary (0 words), using fallback
2025-04-15 23:58:36,255 [INFO] Using extractive summarization fallback
2025-04-15 23:58:39,263 [WARNING] Gemini generated a short summary (156 words), using fallback
2025-04-15 23:58:39,263 [INFO] Using extractive summarization fallback
2025-04-15 23:58:39,264 [INFO] Summarization completed in 12.32 seconds
2025-04-15 23:58:39,264 [INFO] Generated summary with 101 words.
2025-04-15 23:58:39,264 [WARNING] Generated summary is too short (101 words). Attempting to regenerate.
2025-04-15 23:58:43,898 [WARNING] Gemini generated a short summary (108 words), using fallback
2025-04-15 23:58:43,899 [INFO] Using extractive summarization fallback
2025-04-15 23:58:43,900 [INFO] Regenerated summary with 103 words.
2025-04-15 23:58:43,900 [WARNING] Summary remains short (103 words), returning as is.
2025-04-15 23:58:44,682 [INFO] HTTP Request: POST https://api.elevenlabs.io/v1/text-to-speech/JBFqnCBsd6RMkjVDRZzb/stream "HTTP/1.1 401 Unauthorized"
2025-04-15 23:58:44,683 [ERROR] Text-to-speech conversion failed: status_code: 401, body: {'detail': {'status': 'quota_exceeded', 'message': 'This request exceeds your quota of 10000. You have 40 credits remaining, while 558 credits are required for this request.'}}
2025-04-15 23:58:44,684 [INFO] Data written to output.json.
2025-04-15 23:58:45,160 [INFO] HTTP Request: POST https://ljrlwlsqivyghpshguee.supabase.co/rest/v1/Queries "HTTP/2 201 Created"
2025-04-16 00:08:42,799 [ERROR] D-ID API Error Response: {"kind":"UnknownError","description":"Internal Server Error"}
2025-04-16 00:08:42,800 [ERROR] Error generating video: 500: D-ID API error: 500 Server Error: Internal Server Error for url: https://api.d-id.com/talks
2025-04-16 00:13:06,519 [INFO] Configuration loaded successfully
2025-04-16 00:13:07,034 [INFO] Gemini model initialized successfully
2025-04-16 00:13:08,129 [INFO] Using Supabase URL: https://ljrlwlsqivyghpshguee.supabase.co
2025-04-16 00:13:08,129 [INFO] API Key found (masked): eyJh********************************************************************************************************************************************************************************************************K5Tg
2025-04-16 00:13:08,129 [INFO] Supabase username and password found in environment variables
2025-04-16 00:13:08,419 [INFO] Supabase client initialized successfully
2025-04-16 00:13:08,677 [INFO] Successfully created Supabase client
2025-04-16 00:13:09,629 [INFO] HTTP Request: GET https://ljrlwlsqivyghpshguee.supabase.co/rest/v1/Users?select=count&limit=1 "HTTP/2 200 OK"
2025-04-16 00:13:09,633 [INFO] Successfully connected to Supabase
2025-04-16 00:13:09,633 [INFO] Successfully connected to Supabase at startup
2025-04-16 00:13:39,117 [INFO] Scrape request received: Query='machine learning', Num URLs=10
2025-04-16 00:13:39,117 [INFO] Starting collection process for query: 'machine learning'
2025-04-16 00:13:39,118 [INFO] Desired article count: 10
2025-04-16 00:13:40,805 [INFO] Google Search API returned 10 URLs
2025-04-16 00:13:40,806 [INFO] Blocked domain detected: en.wikipedia.org
2025-04-16 00:13:40,806 [INFO] Filtered 1 blocked domains
2025-04-16 00:13:40,806 [INFO] Fetching robots.txt from https://www.ibm.com/robots.txt
2025-04-16 00:13:41,202 [INFO] Fetching robots.txt from https://developers.google.com/robots.txt
2025-04-16 00:13:41,826 [INFO] Fetching robots.txt from https://www.coursera.org/robots.txt
2025-04-16 00:13:42,189 [INFO] Fetching robots.txt from https://mitsloan.mit.edu/robots.txt
2025-04-16 00:13:42,669 [INFO] Fetching robots.txt from https://link.springer.com/robots.txt
2025-04-16 00:13:42,982 [INFO] Scraping not allowed for https://link.springer.com/journal/10994 as per robots.txt.
2025-04-16 00:13:42,982 [INFO] Fetching robots.txt from https://aws.amazon.com/robots.txt
2025-04-16 00:13:43,345 [INFO] Fetching robots.txt from https://www.sas.com/robots.txt
2025-04-16 00:13:44,784 [INFO] Fetching robots.txt from https://www.techtarget.com/robots.txt
2025-04-16 00:13:45,833 [INFO] Non-200 response from https://www.techtarget.com/robots.txt: 403
2025-04-16 00:13:45,834 [INFO] Skipping https://www.techtarget.com/searchenterpriseai/definition/machine-learning-ML as robots.txt could not be fetched.
2025-04-16 00:13:45,834 [INFO] Fetching robots.txt from https://azure.microsoft.com/robots.txt
2025-04-16 00:13:47,068 [INFO] Collected 8 unique URLs so far
2025-04-16 00:13:49,654 [INFO] Google Search API returned 10 URLs
2025-04-16 00:13:49,655 [INFO] Blocked domain detected: www.reddit.com
2025-04-16 00:13:49,655 [INFO] Filtered 1 blocked domains
2025-04-16 00:13:49,655 [INFO] Fetching robots.txt from https://cloud.google.com/robots.txt
2025-04-16 00:13:50,192 [INFO] Fetching robots.txt from https://www.ml.cmu.edu/robots.txt
2025-04-16 00:13:52,348 [INFO] Fetching robots.txt from https://ecornell.cornell.edu/robots.txt
2025-04-16 00:13:52,807 [INFO] Fetching robots.txt from https://kozyrkov.medium.com/robots.txt
2025-04-16 00:13:53,281 [INFO] Fetching robots.txt from https://cloud.google.com/robots.txt
2025-04-16 00:13:53,821 [INFO] Fetching robots.txt from https://www.nature.com/robots.txt
2025-04-16 00:13:54,142 [INFO] Fetching robots.txt from https://www.technologyreview.com/robots.txt
2025-04-16 00:13:54,454 [INFO] Fetching robots.txt from https://ai.engineering.columbia.edu/robots.txt
2025-04-16 00:13:55,203 [INFO] Fetching robots.txt from https://archive.ics.uci.edu/robots.txt
2025-04-16 00:13:57,106 [INFO] Non-200 response from https://archive.ics.uci.edu/robots.txt: 404
2025-04-16 00:13:57,106 [INFO] Skipping https://archive.ics.uci.edu/ as robots.txt could not be fetched.
2025-04-16 00:13:57,107 [INFO] Collected 17 unique URLs so far
2025-04-16 00:13:59,721 [INFO] Google Search API returned 10 URLs
2025-04-16 00:13:59,722 [INFO] Filtered 0 blocked domains
2025-04-16 00:13:59,722 [INFO] Fetching robots.txt from https://www.centralsquaretheater.org/robots.txt
2025-04-16 00:14:01,628 [INFO] Fetching robots.txt from https://www.jmlr.org/robots.txt
2025-04-16 00:14:02,328 [INFO] Non-200 response from https://www.jmlr.org/robots.txt: 404
2025-04-16 00:14:02,329 [INFO] Skipping https://www.jmlr.org/ as robots.txt could not be fetched.
2025-04-16 00:14:02,329 [INFO] Fetching robots.txt from https://www.energy.gov/robots.txt
2025-04-16 00:14:03,351 [INFO] Fetching robots.txt from https://www.splunk.com/robots.txt
2025-04-16 00:14:05,464 [INFO] Fetching robots.txt from https://teachablemachine.withgoogle.com/robots.txt
2025-04-16 00:14:05,995 [INFO] Fetching robots.txt from http://www.cs.cmu.edu/robots.txt
2025-04-16 00:14:08,732 [INFO] Fetching robots.txt from https://yoshuabengio.org/robots.txt
2025-04-16 00:14:09,926 [INFO] Fetching robots.txt from https://developer.apple.com/robots.txt
2025-04-16 00:14:11,012 [INFO] Fetching robots.txt from https://blog.gregbrockman.com/robots.txt
2025-04-16 00:14:12,058 [INFO] Fetching robots.txt from https://icml.cc/robots.txt
2025-04-16 00:14:13,722 [INFO] Collected 27 unique URLs so far
2025-04-16 00:14:13,722 [INFO] Limited URL collection to 20
2025-04-16 00:14:13,723 [INFO] Scraping content from 20 collected URLs...
2025-04-16 00:14:15,374 [INFO] newspaper3k extracted low-quality content from https://archive.ics.uci.edu/, trying BeautifulSoup
2025-04-16 00:14:16,305 [INFO] newspaper3k extracted low-quality content from https://aws.amazon.com/ai/machine-learning/, trying BeautifulSoup
2025-04-16 00:14:19,452 [INFO] newspaper3k extracted low-quality content from https://www.centralsquaretheater.org/shows/machine-learning/, trying BeautifulSoup
2025-04-16 00:14:19,485 [INFO] Failed to extract meaningful content from https://www.centralsquaretheater.org/shows/machine-learning/
2025-04-16 00:14:19,541 [INFO] Article at https://www.ml.cmu.edu/ has insufficient content after processing.
2025-04-16 00:14:20,442 [INFO] newspaper3k extracted low-quality content from https://developers.google.com/machine-learning/crash-course, trying BeautifulSoup
2025-04-16 00:14:20,487 [INFO] Failed to extract meaningful content from https://developers.google.com/machine-learning/crash-course
2025-04-16 00:14:22,445 [INFO] Article at https://ecornell.cornell.edu/certificates/technology/machine-learning/ has insufficient content after processing.
2025-04-16 00:14:25,573 [INFO] Article at https://www.sas.com/en_gb/insights/analytics/machine-learning.html has insufficient content after processing.
2025-04-16 00:14:25,736 [INFO] newspaper3k extracted low-quality content from https://www.coursera.org/learn/machine-learning, trying BeautifulSoup
2025-04-16 00:14:34,626 [INFO] newspaper3k extracted low-quality content from https://azure.microsoft.com/en-us/products/machine-learning, trying BeautifulSoup
2025-04-16 00:14:34,744 [INFO] Failed to extract meaningful content from https://azure.microsoft.com/en-us/products/machine-learning
2025-04-16 00:14:34,748 [INFO] Article 'What Is Machine Learning (ML)?' added to valid articles.
2025-04-16 00:14:34,748 [INFO] Article 'UCI Machine Learning Repository' added to valid articles.
2025-04-16 00:14:34,748 [INFO] Article 'Machine learning, explained' added to valid articles.
2025-04-16 00:14:34,748 [INFO] Article 'Machine Learning (ML) on AWS' added to valid articles.
2025-04-16 00:14:34,749 [INFO] Article 'AI and Machine Learning Products and Services' added to valid articles.
2025-04-16 00:14:34,749 [INFO] Article 'What is Machine Learning? Types & Uses' added to valid articles.
2025-04-16 00:14:34,749 [INFO] Article 'A predictive machine learning force-field framework for liquid electrolyte development' added to valid articles.
2025-04-16 00:14:34,749 [INFO] Article 'Journal of Machine Learning Research' added to valid articles.
2025-04-16 00:14:34,749 [INFO] Article 'What is machine learning?' added to valid articles.
2025-04-16 00:14:34,749 [INFO] Article 'What is machine learning? Guide, definition and examples' added to valid articles.
2025-04-16 00:14:34,786 [INFO] Formatted content for summarization with 13059 words
2025-04-16 00:14:34,797 [INFO] Summarizing chunk 1/24
2025-04-16 00:14:36,822 [INFO] Summarizing chunk 2/24
2025-04-16 00:14:38,084 [INFO] Summarizing chunk 3/24
2025-04-16 00:14:39,228 [INFO] Summarizing chunk 4/24
2025-04-16 00:14:40,296 [INFO] Summarizing chunk 5/24
2025-04-16 00:14:41,459 [INFO] Summarizing chunk 6/24
2025-04-16 00:14:42,581 [INFO] Summarizing chunk 7/24
2025-04-16 00:14:43,535 [INFO] Summarizing chunk 8/24
2025-04-16 00:14:44,870 [INFO] Summarizing chunk 9/24
2025-04-16 00:14:45,902 [INFO] Summarizing chunk 10/24
2025-04-16 00:14:47,007 [INFO] Summarizing chunk 11/24
2025-04-16 00:14:48,145 [INFO] Summarizing chunk 12/24
2025-04-16 00:14:49,241 [WARNING] Gemini generated a short summary (0 words), using fallback
2025-04-16 00:14:49,242 [INFO] Using extractive summarization fallback
2025-04-16 00:14:49,242 [INFO] Summarizing chunk 13/24
2025-04-16 00:14:50,200 [INFO] Summarizing chunk 14/24
2025-04-16 00:14:51,582 [INFO] Summarizing chunk 15/24
2025-04-16 00:14:52,773 [INFO] Summarizing chunk 16/24
2025-04-16 00:14:54,042 [INFO] Summarizing chunk 17/24
2025-04-16 00:14:54,289 [ERROR] Error in Gemini summarization: 429 You exceeded your current quota, please check your plan and billing details. For more information on this error, head to: https://ai.google.dev/gemini-api/docs/rate-limits. [violations {
}
, links {
  description: "Learn more about Gemini API quotas"
  url: "https://ai.google.dev/gemini-api/docs/rate-limits"
}
, retry_delay {
  seconds: 5
}
]
2025-04-16 00:14:54,289 [INFO] Falling back to extractive summarization
2025-04-16 00:14:54,289 [INFO] Using extractive summarization fallback
2025-04-16 00:14:54,289 [INFO] Summarizing chunk 18/24
2025-04-16 00:14:54,503 [ERROR] Error in Gemini summarization: 429 You exceeded your current quota, please check your plan and billing details. For more information on this error, head to: https://ai.google.dev/gemini-api/docs/rate-limits. [violations {
}
, links {
  description: "Learn more about Gemini API quotas"
  url: "https://ai.google.dev/gemini-api/docs/rate-limits"
}
, retry_delay {
  seconds: 5
}
]
2025-04-16 00:14:54,503 [INFO] Falling back to extractive summarization
2025-04-16 00:14:54,503 [INFO] Using extractive summarization fallback
2025-04-16 00:14:54,504 [INFO] Summarizing chunk 19/24
2025-04-16 00:14:54,713 [ERROR] Error in Gemini summarization: 429 You exceeded your current quota, please check your plan and billing details. For more information on this error, head to: https://ai.google.dev/gemini-api/docs/rate-limits. [violations {
}
, links {
  description: "Learn more about Gemini API quotas"
  url: "https://ai.google.dev/gemini-api/docs/rate-limits"
}
, retry_delay {
  seconds: 5
}
]
2025-04-16 00:14:54,713 [INFO] Falling back to extractive summarization
2025-04-16 00:14:54,714 [INFO] Using extractive summarization fallback
2025-04-16 00:14:54,714 [INFO] Summarizing chunk 20/24
2025-04-16 00:14:54,913 [ERROR] Error in Gemini summarization: 429 You exceeded your current quota, please check your plan and billing details. For more information on this error, head to: https://ai.google.dev/gemini-api/docs/rate-limits. [violations {
}
, links {
  description: "Learn more about Gemini API quotas"
  url: "https://ai.google.dev/gemini-api/docs/rate-limits"
}
, retry_delay {
  seconds: 4
}
]
2025-04-16 00:14:54,914 [INFO] Falling back to extractive summarization
2025-04-16 00:14:54,914 [INFO] Using extractive summarization fallback
2025-04-16 00:14:54,914 [INFO] Summarizing chunk 21/24
2025-04-16 00:14:55,109 [ERROR] Error in Gemini summarization: 429 You exceeded your current quota, please check your plan and billing details. For more information on this error, head to: https://ai.google.dev/gemini-api/docs/rate-limits. [violations {
}
, links {
  description: "Learn more about Gemini API quotas"
  url: "https://ai.google.dev/gemini-api/docs/rate-limits"
}
, retry_delay {
  seconds: 4
}
]
2025-04-16 00:14:55,109 [INFO] Falling back to extractive summarization
2025-04-16 00:14:55,109 [INFO] Using extractive summarization fallback
2025-04-16 00:14:55,109 [INFO] Summarizing chunk 22/24
2025-04-16 00:14:55,314 [ERROR] Error in Gemini summarization: 429 You exceeded your current quota, please check your plan and billing details. For more information on this error, head to: https://ai.google.dev/gemini-api/docs/rate-limits. [violations {
}
, links {
  description: "Learn more about Gemini API quotas"
  url: "https://ai.google.dev/gemini-api/docs/rate-limits"
}
, retry_delay {
  seconds: 4
}
]
2025-04-16 00:14:55,314 [INFO] Falling back to extractive summarization
2025-04-16 00:14:55,315 [INFO] Using extractive summarization fallback
2025-04-16 00:14:55,315 [INFO] Summarizing chunk 23/24
2025-04-16 00:14:55,519 [ERROR] Error in Gemini summarization: 429 You exceeded your current quota, please check your plan and billing details. For more information on this error, head to: https://ai.google.dev/gemini-api/docs/rate-limits. [violations {
}
, links {
  description: "Learn more about Gemini API quotas"
  url: "https://ai.google.dev/gemini-api/docs/rate-limits"
}
, retry_delay {
  seconds: 4
}
]
2025-04-16 00:14:55,520 [INFO] Falling back to extractive summarization
2025-04-16 00:14:55,520 [INFO] Using extractive summarization fallback
2025-04-16 00:14:55,520 [INFO] Summarizing chunk 24/24
2025-04-16 00:14:55,721 [ERROR] Error in Gemini summarization: 429 You exceeded your current quota, please check your plan and billing details. For more information on this error, head to: https://ai.google.dev/gemini-api/docs/rate-limits. [violations {
}
, links {
  description: "Learn more about Gemini API quotas"
  url: "https://ai.google.dev/gemini-api/docs/rate-limits"
}
, retry_delay {
  seconds: 4
}
]
2025-04-16 00:14:55,721 [INFO] Falling back to extractive summarization
2025-04-16 00:14:55,721 [INFO] Using extractive summarization fallback
2025-04-16 00:14:56,039 [ERROR] Error in Gemini summarization: 429 You exceeded your current quota, please check your plan and billing details. For more information on this error, head to: https://ai.google.dev/gemini-api/docs/rate-limits. [violations {
}
, links {
  description: "Learn more about Gemini API quotas"
  url: "https://ai.google.dev/gemini-api/docs/rate-limits"
}
, retry_delay {
  seconds: 3
}
]
2025-04-16 00:14:56,040 [INFO] Falling back to extractive summarization
2025-04-16 00:14:56,040 [INFO] Using extractive summarization fallback
2025-04-16 00:14:56,042 [INFO] Summarization completed in 21.25 seconds
2025-04-16 00:14:56,042 [INFO] Generated summary with 246 words.
2025-04-16 00:14:56,042 [WARNING] Generated summary is too short (246 words). Attempting to regenerate.
2025-04-16 00:14:56,382 [ERROR] Error in Gemini summarization: 429 You exceeded your current quota, please check your plan and billing details. For more information on this error, head to: https://ai.google.dev/gemini-api/docs/rate-limits. [violations {
}
, links {
  description: "Learn more about Gemini API quotas"
  url: "https://ai.google.dev/gemini-api/docs/rate-limits"
}
, retry_delay {
  seconds: 3
}
]
2025-04-16 00:14:56,384 [INFO] Falling back to extractive summarization
2025-04-16 00:14:56,384 [INFO] Using extractive summarization fallback
2025-04-16 00:14:56,386 [INFO] Regenerated summary with 310 words.
2025-04-16 00:14:56,991 [INFO] HTTP Request: POST https://api.elevenlabs.io/v1/text-to-speech/JBFqnCBsd6RMkjVDRZzb/stream "HTTP/1.1 401 Unauthorized"
2025-04-16 00:14:56,992 [ERROR] Text-to-speech conversion failed: status_code: 401, body: {'detail': {'status': 'quota_exceeded', 'message': 'This request exceeds your quota of 10000. You have 40 credits remaining, while 2074 credits are required for this request.'}}
2025-04-16 00:14:56,994 [INFO] Data written to output.json.
2025-04-16 00:14:58,063 [INFO] HTTP Request: POST https://ljrlwlsqivyghpshguee.supabase.co/rest/v1/Queries "HTTP/2 201 Created"
2025-04-16 00:15:03,816 [ERROR] D-ID API Error Response: {"kind":"UnknownError","description":"Internal Server Error"}
2025-04-16 00:15:03,816 [ERROR] Error generating video: 500: D-ID API error: 500 Server Error: Internal Server Error for url: https://api.d-id.com/talks
2025-04-16 00:15:11,365 [ERROR] D-ID API Error Response: {"kind":"UnknownError","description":"Internal Server Error"}
2025-04-16 00:15:11,365 [ERROR] Error generating video: 500: D-ID API error: 500 Server Error: Internal Server Error for url: https://api.d-id.com/talks
2025-04-16 00:18:53,582 [ERROR] D-ID API Error Response: {"kind":"UnknownError","description":"Internal Server Error"}
2025-04-16 00:18:53,583 [ERROR] Error generating video: 500: D-ID API error: 500 Server Error: Internal Server Error for url: https://api.d-id.com/talks
2025-04-16 00:19:19,932 [INFO] Configuration loaded successfully
2025-04-16 00:19:20,332 [INFO] Gemini model initialized successfully
2025-04-16 00:19:21,292 [INFO] Using Supabase URL: https://ljrlwlsqivyghpshguee.supabase.co
2025-04-16 00:19:21,292 [INFO] API Key found (masked): eyJh********************************************************************************************************************************************************************************************************K5Tg
2025-04-16 00:19:21,293 [INFO] Supabase username and password found in environment variables
2025-04-16 00:19:21,613 [INFO] Supabase client initialized successfully
2025-04-16 00:19:22,152 [INFO] Successfully created Supabase client
2025-04-16 00:19:22,871 [INFO] HTTP Request: GET https://ljrlwlsqivyghpshguee.supabase.co/rest/v1/Users?select=count&limit=1 "HTTP/2 200 OK"
2025-04-16 00:19:22,874 [INFO] Successfully connected to Supabase
2025-04-16 00:19:22,874 [INFO] Successfully connected to Supabase at startup
2025-04-16 00:19:46,546 [INFO] Scrape request received: Query='valorant', Num URLs=10
2025-04-16 00:19:46,546 [INFO] Starting collection process for query: 'valorant'
2025-04-16 00:19:46,547 [INFO] Desired article count: 10
2025-04-16 00:19:48,129 [INFO] Google Search API returned 10 URLs
2025-04-16 00:19:48,130 [INFO] Blocked domain detected: www.reddit.com
2025-04-16 00:19:48,130 [INFO] Blocked domain detected: en.wikipedia.org
2025-04-16 00:19:48,130 [INFO] Blocked domain detected: x.com
2025-04-16 00:19:48,130 [INFO] Blocked domain detected: www.youtube.com
2025-04-16 00:19:48,130 [INFO] Filtered 4 blocked domains
2025-04-16 00:19:48,130 [INFO] Fetching robots.txt from https://playvalorant.com/robots.txt
2025-04-16 00:19:49,153 [INFO] Fetching robots.txt from https://playvalorant.com/robots.txt
2025-04-16 00:19:49,712 [INFO] Fetching robots.txt from https://www.riotgames.com/robots.txt
2025-04-16 00:19:50,467 [INFO] Fetching robots.txt from https://valorantesports.com/robots.txt
2025-04-16 00:19:51,274 [INFO] Fetching robots.txt from https://tracker.gg/robots.txt
2025-04-16 00:19:51,391 [INFO] Fetching robots.txt from https://technology.riotgames.com/robots.txt
2025-04-16 00:19:51,764 [INFO] Collected 6 unique URLs so far
2025-04-16 00:19:54,409 [INFO] Google Search API returned 10 URLs
2025-04-16 00:19:54,409 [INFO] Blocked domain detected: www.instagram.com
2025-04-16 00:19:54,409 [INFO] Filtered 1 blocked domains
2025-04-16 00:19:54,409 [INFO] Fetching robots.txt from https://store.epicgames.com/robots.txt
2025-04-16 00:19:54,884 [INFO] Non-200 response from https://store.epicgames.com/robots.txt: 403
2025-04-16 00:19:54,884 [INFO] Skipping https://store.epicgames.com/en-US/p/valorant as robots.txt could not be fetched.
2025-04-16 00:19:54,884 [INFO] Fetching robots.txt from https://open.spotify.com/robots.txt
2025-04-16 00:19:55,020 [INFO] Fetching robots.txt from https://www.twitch.tv/robots.txt
2025-04-16 00:19:55,272 [INFO] Fetching robots.txt from https://columbiacougars.com/robots.txt
2025-04-16 00:19:56,312 [INFO] Fetching robots.txt from https://support-valorant.riotgames.com/robots.txt
2025-04-16 00:19:56,417 [INFO] Fetching robots.txt from https://twitter.com/robots.txt
2025-04-16 00:20:01,941 [INFO] Timeout occurred while fetching https://twitter.com/robots.txt
2025-04-16 00:20:01,942 [INFO] Skipping https://twitter.com/ValorantEsports as robots.txt could not be fetched.
2025-04-16 00:20:01,942 [INFO] Fetching robots.txt from https://valorant.fandom.com/robots.txt
2025-04-16 00:20:02,090 [INFO] Fetching robots.txt from https://www.theguardian.com/robots.txt
2025-04-16 00:20:02,407 [INFO] Fetching robots.txt from https://www.uakron.edu/robots.txt
2025-04-16 00:20:03,656 [INFO] Collected 15 unique URLs so far
2025-04-16 00:20:06,382 [INFO] Google Search API returned 10 URLs
2025-04-16 00:20:06,383 [INFO] Blocked domain detected: www.xbox.com
2025-04-16 00:20:06,383 [INFO] Filtered 1 blocked domains
2025-04-16 00:20:06,383 [INFO] Fetching robots.txt from https://www.playstation.com/robots.txt
2025-04-16 00:20:06,955 [INFO] Fetching robots.txt from https://www.jmu.edu/robots.txt
2025-04-16 00:20:08,271 [INFO] Fetching robots.txt from https://www.uaf.edu/robots.txt
2025-04-16 00:20:10,067 [INFO] Fetching robots.txt from https://www.niu.edu/robots.txt
2025-04-16 00:20:11,034 [INFO] Fetching robots.txt from https://www.brookdalecc.edu/robots.txt
2025-04-16 00:20:12,135 [INFO] Non-200 response from https://www.brookdalecc.edu/robots.txt: 403
2025-04-16 00:20:12,135 [INFO] Skipping https://www.brookdalecc.edu/brookdale-esports-valorant-team-are-national-champions/ as robots.txt could not be fetched.
2025-04-16 00:20:12,136 [INFO] Fetching robots.txt from https://www.winthrop.edu/robots.txt
2025-04-16 00:20:13,461 [INFO] Fetching robots.txt from https://liquipedia.net/robots.txt
2025-04-16 00:20:13,981 [INFO] Fetching robots.txt from https://valorant.com/robots.txt
2025-04-16 00:20:17,208 [INFO] Fetching robots.txt from https://www.vlr.gg/robots.txt
2025-04-16 00:20:18,132 [INFO] Non-200 response from https://www.vlr.gg/robots.txt: 404
2025-04-16 00:20:18,132 [INFO] Skipping https://www.vlr.gg/team/11328/funplus-phoenix as robots.txt could not be fetched.
2025-04-16 00:20:18,132 [INFO] Collected 24 unique URLs so far
2025-04-16 00:20:18,132 [INFO] Limited URL collection to 20
2025-04-16 00:20:18,132 [INFO] Scraping content from 20 collected URLs...
2025-04-16 00:20:19,027 [INFO] newspaper3k extracted low-quality content from https://playvalorant.com/en-us/, trying BeautifulSoup
2025-04-16 00:20:19,037 [INFO] Failed to extract meaningful content from https://playvalorant.com/en-us/
2025-04-16 00:20:19,308 [INFO] newspaper3k extracted low-quality content from https://valorantesports.com/, trying BeautifulSoup
2025-04-16 00:20:19,386 [INFO] Failed to extract meaningful content from https://valorantesports.com/
2025-04-16 00:20:19,598 [INFO] newspaper3k extracted low-quality content from https://valorant.fandom.com/wiki/VALORANT_Wiki, trying BeautifulSoup
2025-04-16 00:20:19,689 [INFO] Failed to extract meaningful content from https://valorant.fandom.com/wiki/VALORANT_Wiki
2025-04-16 00:20:19,729 [INFO] newspaper3k extracted low-quality content from https://www.jmu.edu/jmuxlabs/esports/valorant.shtml, trying BeautifulSoup
2025-04-16 00:20:19,748 [INFO] Failed to extract meaningful content from https://www.jmu.edu/jmuxlabs/esports/valorant.shtml
2025-04-16 00:20:19,834 [ERROR] Access denied to https://tracker.gg/valorant: HTTP 403 Forbidden.
2025-04-16 00:20:20,102 [INFO] newspaper3k extracted low-quality content from https://www.twitch.tv/valorant, trying BeautifulSoup
2025-04-16 00:20:20,106 [INFO] Failed to extract meaningful content from https://www.twitch.tv/valorant
2025-04-16 00:20:21,855 [INFO] newspaper3k extracted low-quality content from https://playvalorant.com/en-us/download/, trying BeautifulSoup
2025-04-16 00:20:21,858 [INFO] Failed to extract meaningful content from https://playvalorant.com/en-us/download/
2025-04-16 00:20:21,972 [INFO] newspaper3k extracted low-quality content from https://www.uaf.edu/esports/teams/valorant.php, trying BeautifulSoup
2025-04-16 00:20:21,987 [INFO] Failed to extract meaningful content from https://www.uaf.edu/esports/teams/valorant.php
2025-04-16 00:20:22,843 [INFO] newspaper3k extracted low-quality content from https://www.niu.edu/esports/play/varsity/valorant.shtml, trying BeautifulSoup
2025-04-16 00:20:22,864 [INFO] Failed to extract meaningful content from https://www.niu.edu/esports/play/varsity/valorant.shtml
2025-04-16 00:20:22,895 [INFO] newspaper3k extracted low-quality content from https://www.uakron.edu/esports/varsity/valorant, trying BeautifulSoup
2025-04-16 00:20:22,908 [INFO] Failed to extract meaningful content from https://www.uakron.edu/esports/varsity/valorant
2025-04-16 00:20:23,281 [INFO] newspaper3k extracted low-quality content from https://support-valorant.riotgames.com/hc/en-us, trying BeautifulSoup
2025-04-16 00:20:23,287 [INFO] Failed to extract meaningful content from https://support-valorant.riotgames.com/hc/en-us
2025-04-16 00:20:23,288 [ERROR] Access denied to https://store.epicgames.com/en-US/p/valorant: HTTP 403 Forbidden.
2025-04-16 00:20:23,942 [INFO] newspaper3k extracted low-quality content from https://www.riotgames.com/en, trying BeautifulSoup
2025-04-16 00:20:23,956 [INFO] Failed to extract meaningful content from https://www.riotgames.com/en
2025-04-16 00:20:24,883 [INFO] newspaper3k extracted low-quality content from https://www.playstation.com/en-us/games/valorant/, trying BeautifulSoup
2025-04-16 00:20:25,248 [INFO] newspaper3k extracted low-quality content from https://columbiacougars.com/sports/valorant, trying BeautifulSoup
2025-04-16 00:20:25,263 [INFO] Failed to extract meaningful content from https://columbiacougars.com/sports/valorant
2025-04-16 00:20:25,812 [INFO] newspaper3k extracted low-quality content from https://open.spotify.com/artist/3wrFoI9EVjWg6m8xXeWr5t, trying BeautifulSoup
2025-04-16 00:20:25,814 [INFO] Failed to extract meaningful content from https://open.spotify.com/artist/3wrFoI9EVjWg6m8xXeWr5t
2025-04-16 00:20:40,959 [WARNING] Error fetching article at https://twitter.com/ValorantEsports: . Retrying in 1.5s (1/3)...
2025-04-16 00:20:57,935 [WARNING] Error fetching article at https://twitter.com/ValorantEsports: . Retrying in 3.0s (2/3)...
2025-04-16 00:21:15,936 [ERROR] Max retries reached for https://twitter.com/ValorantEsports: 
2025-04-16 00:21:15,937 [INFO] Article 'Valorant review – mind games and strategy meet competitive shooting' added to valid articles.
2025-04-16 00:21:15,937 [INFO] Article 'VALORANT's 128-Tick Servers' added to valid articles.
2025-04-16 00:21:15,937 [INFO] Article 'Valorant - PS5 Games | PlayStation' added to valid articles.
2025-04-16 00:21:15,937 [INFO] Article 'Esports Valorant Team Are National Champions' added to valid articles.
2025-04-16 00:21:15,943 [INFO] Formatted content for summarization with 4968 words
2025-04-16 00:21:15,947 [INFO] Summarizing chunk 1/8
2025-04-16 00:21:18,088 [WARNING] Gemini generated a short summary (21 words), using fallback
2025-04-16 00:21:18,089 [INFO] Using extractive summarization fallback
2025-04-16 00:21:18,089 [INFO] Summarizing chunk 2/8
2025-04-16 00:21:19,333 [WARNING] Gemini generated a short summary (21 words), using fallback
2025-04-16 00:21:19,334 [INFO] Using extractive summarization fallback
2025-04-16 00:21:19,334 [INFO] Summarizing chunk 3/8
2025-04-16 00:21:20,571 [INFO] Summarizing chunk 4/8
2025-04-16 00:21:21,846 [INFO] Summarizing chunk 5/8
2025-04-16 00:21:23,466 [INFO] Summarizing chunk 6/8
2025-04-16 00:21:25,139 [INFO] Summarizing chunk 7/8
2025-04-16 00:21:26,491 [WARNING] Gemini generated a short summary (23 words), using fallback
2025-04-16 00:21:26,491 [INFO] Using extractive summarization fallback
2025-04-16 00:21:26,491 [INFO] Summarizing chunk 8/8
2025-04-16 00:21:27,873 [WARNING] Gemini generated a short summary (14 words), using fallback
2025-04-16 00:21:27,873 [INFO] Using extractive summarization fallback
2025-04-16 00:21:30,438 [WARNING] Gemini generated a short summary (100 words), using fallback
2025-04-16 00:21:30,438 [INFO] Using extractive summarization fallback
2025-04-16 00:21:30,440 [INFO] Summarization completed in 14.49 seconds
2025-04-16 00:21:30,440 [INFO] Generated summary with 108 words.
2025-04-16 00:21:30,440 [WARNING] Generated summary is too short (108 words). Attempting to regenerate.
2025-04-16 00:21:33,586 [WARNING] Gemini generated a short summary (73 words), using fallback
2025-04-16 00:21:33,586 [INFO] Using extractive summarization fallback
2025-04-16 00:21:33,588 [INFO] Regenerated summary with 114 words.
2025-04-16 00:21:33,588 [WARNING] Summary remains short (114 words), returning as is.
2025-04-16 00:21:34,178 [INFO] HTTP Request: POST https://api.elevenlabs.io/v1/text-to-speech/JBFqnCBsd6RMkjVDRZzb/stream "HTTP/1.1 401 Unauthorized"
2025-04-16 00:21:34,178 [ERROR] Text-to-speech conversion failed: status_code: 401, body: {'detail': {'status': 'quota_exceeded', 'message': 'This request exceeds your quota of 10000. You have 40 credits remaining, while 629 credits are required for this request.'}}
2025-04-16 00:21:34,179 [INFO] Data written to output.json.
2025-04-16 00:21:34,869 [INFO] HTTP Request: POST https://ljrlwlsqivyghpshguee.supabase.co/rest/v1/Queries "HTTP/2 201 Created"
2025-04-16 00:21:56,729 [ERROR] D-ID API Error Response: {"kind":"UnknownError","description":"Internal Server Error"}
2025-04-16 00:21:56,730 [ERROR] Error generating video: 500: D-ID API error: 500 Server Error: Internal Server Error for url: https://api.d-id.com/talks
2025-04-16 00:22:47,177 [ERROR] D-ID API Error Response: {"kind":"UnknownError","description":"Internal Server Error"}
2025-04-16 00:22:47,178 [ERROR] Error generating video: 500: D-ID API error: 500 Server Error: Internal Server Error for url: https://api.d-id.com/talks
2025-04-16 00:24:47,564 [ERROR] D-ID API Error Response: {"kind":"UnknownError","description":"Internal Server Error"}
2025-04-16 00:24:47,564 [ERROR] Error generating video: 500: D-ID API error: 500 Server Error: Internal Server Error for url: https://api.d-id.com/talks
2025-04-16 00:30:15,587 [ERROR] D-ID API Error Response: {"kind":"UnknownError","description":"Internal Server Error"}
2025-04-16 00:30:15,588 [ERROR] Error generating video: 500: D-ID API error: 500 Server Error: Internal Server Error for url: https://api.d-id.com/talks
2025-04-16 00:37:04,045 [ERROR] D-ID API Error Response: {"kind":"UnknownError","description":"Internal Server Error"}
2025-04-16 00:37:04,046 [ERROR] Error generating video: 500: D-ID API error: 500 Server Error: Internal Server Error for url: https://api.d-id.com/talks
2025-04-16 00:39:40,882 [ERROR] D-ID API Error Response: {"kind":"UnknownError","description":"Internal Server Error"}
2025-04-16 00:39:40,882 [ERROR] Error generating video: 500: D-ID API error: 500 Server Error: Internal Server Error for url: https://api.d-id.com/talks
2025-04-16 00:40:53,963 [ERROR] D-ID API Error Response: {"kind":"UnknownError","description":"Internal Server Error"}
2025-04-16 00:40:53,964 [ERROR] Error generating video: 500: D-ID API error: 500 Server Error: Internal Server Error for url: https://api.d-id.com/talks
2025-04-16 00:40:57,045 [ERROR] D-ID API Error Response: {"kind":"UnknownError","description":"Internal Server Error"}
2025-04-16 00:40:57,045 [ERROR] Error generating video: 500: D-ID API error: 500 Server Error: Internal Server Error for url: https://api.d-id.com/talks
2025-04-16 00:40:59,272 [ERROR] D-ID API Error Response: {"kind":"UnknownError","description":"Internal Server Error"}
2025-04-16 00:40:59,274 [ERROR] Error generating video: 500: D-ID API error: 500 Server Error: Internal Server Error for url: https://api.d-id.com/talks
2025-04-16 00:41:12,924 [ERROR] D-ID API Error Response: {"kind":"UnknownError","description":"Internal Server Error"}
2025-04-16 00:41:12,925 [ERROR] Error generating video: 500: D-ID API error: 500 Server Error: Internal Server Error for url: https://api.d-id.com/talks
2025-04-16 00:57:09,239 [ERROR] D-ID API Error Response: {"kind":"UnknownError","description":"Internal Server Error"}
2025-04-16 00:57:09,239 [ERROR] Error generating video: 500: D-ID API error: 500 Server Error: Internal Server Error for url: https://api.d-id.com/talks
2025-04-16 01:00:08,307 [ERROR] D-ID API Error Response: {"kind":"UnknownError","description":"Internal Server Error"}
2025-04-16 01:00:08,307 [ERROR] Error generating video: 500: D-ID API error: 500 Server Error: Internal Server Error for url: https://api.d-id.com/talks
2025-04-16 01:05:03,232 [ERROR] D-ID API Error Response: {"kind":"UnknownError","description":"Internal Server Error"}
2025-04-16 01:05:03,233 [ERROR] Error generating video: 500: D-ID API error: 500 Server Error: Internal Server Error for url: https://api.d-id.com/talks
2025-04-16 02:55:12,374 [INFO] Configuration loaded successfully
2025-04-16 02:55:13,206 [INFO] Gemini model initialized successfully
2025-04-16 02:55:14,266 [INFO] Using Supabase URL: https://ljrlwlsqivyghpshguee.supabase.co
2025-04-16 02:55:14,266 [INFO] API Key found (masked): eyJh********************************************************************************************************************************************************************************************************K5Tg
2025-04-16 02:55:14,267 [INFO] Supabase username and password found in environment variables
2025-04-16 02:55:14,551 [INFO] Supabase client initialized successfully
2025-04-16 02:55:14,831 [INFO] Successfully created Supabase client
2025-04-16 02:55:15,505 [INFO] HTTP Request: GET https://ljrlwlsqivyghpshguee.supabase.co/rest/v1/Users?select=count&limit=1 "HTTP/2 200 OK"
2025-04-16 02:55:15,510 [INFO] Successfully connected to Supabase
2025-04-16 02:55:15,511 [INFO] Successfully connected to Supabase at startup
2025-04-16 02:55:27,537 [INFO] Scrape request received: Query='valorant', Num URLs=10
2025-04-16 02:55:27,538 [INFO] Starting collection process for query: 'valorant'
2025-04-16 02:55:27,538 [INFO] Desired article count: 10
2025-04-16 02:55:29,210 [INFO] Google Search API returned 10 URLs
2025-04-16 02:55:29,210 [INFO] Blocked domain detected: www.reddit.com
2025-04-16 02:55:29,210 [INFO] Blocked domain detected: en.wikipedia.org
2025-04-16 02:55:29,211 [INFO] Blocked domain detected: x.com
2025-04-16 02:55:29,211 [INFO] Blocked domain detected: www.youtube.com
2025-04-16 02:55:29,211 [INFO] Filtered 4 blocked domains
2025-04-16 02:55:29,211 [INFO] Fetching robots.txt from https://playvalorant.com/robots.txt
2025-04-16 02:55:30,104 [INFO] Fetching robots.txt from https://playvalorant.com/robots.txt
2025-04-16 02:55:30,677 [INFO] Fetching robots.txt from https://www.riotgames.com/robots.txt
2025-04-16 02:55:31,532 [INFO] Fetching robots.txt from https://valorantesports.com/robots.txt
2025-04-16 02:55:32,688 [INFO] Fetching robots.txt from https://tracker.gg/robots.txt
2025-04-16 02:55:32,811 [INFO] Fetching robots.txt from https://technology.riotgames.com/robots.txt
2025-04-16 02:55:33,056 [INFO] Collected 6 unique URLs so far
2025-04-16 02:55:35,730 [INFO] Google Search API returned 10 URLs
2025-04-16 02:55:35,731 [INFO] Blocked domain detected: www.instagram.com
2025-04-16 02:55:35,731 [INFO] Filtered 1 blocked domains
2025-04-16 02:55:35,731 [INFO] Fetching robots.txt from https://store.epicgames.com/robots.txt
2025-04-16 02:55:36,317 [INFO] Non-200 response from https://store.epicgames.com/robots.txt: 403
2025-04-16 02:55:36,317 [INFO] Skipping https://store.epicgames.com/en-US/p/valorant as robots.txt could not be fetched.
2025-04-16 02:55:36,317 [INFO] Fetching robots.txt from https://open.spotify.com/robots.txt
2025-04-16 02:55:36,463 [INFO] Fetching robots.txt from https://columbiacougars.com/robots.txt
2025-04-16 02:55:38,587 [INFO] Fetching robots.txt from https://www.twitch.tv/robots.txt
2025-04-16 02:55:38,833 [INFO] Fetching robots.txt from https://support-valorant.riotgames.com/robots.txt
2025-04-16 02:55:39,644 [INFO] Fetching robots.txt from https://twitter.com/robots.txt
2025-04-16 02:55:44,949 [INFO] Timeout occurred while fetching https://twitter.com/robots.txt
2025-04-16 02:55:44,949 [INFO] Skipping https://twitter.com/ValorantEsports as robots.txt could not be fetched.
2025-04-16 02:55:44,949 [INFO] Fetching robots.txt from https://valorant.fandom.com/robots.txt
2025-04-16 02:55:45,245 [INFO] Fetching robots.txt from https://www.uakron.edu/robots.txt
2025-04-16 02:55:46,543 [INFO] Fetching robots.txt from https://www.facebook.com/robots.txt
2025-04-16 02:55:46,688 [INFO] Scraping not allowed for https://www.facebook.com/ValorantEsportsVietnam/ as per robots.txt.
2025-04-16 02:55:46,688 [INFO] Collected 14 unique URLs so far
2025-04-16 02:55:49,392 [INFO] Google Search API returned 10 URLs
2025-04-16 02:55:49,393 [INFO] Blocked domain detected: www.xbox.com
2025-04-16 02:55:49,393 [INFO] Filtered 1 blocked domains
2025-04-16 02:55:49,393 [INFO] Fetching robots.txt from https://www.playstation.com/robots.txt
2025-04-16 02:55:50,004 [INFO] Fetching robots.txt from https://www.jmu.edu/robots.txt
2025-04-16 02:55:51,323 [INFO] Fetching robots.txt from https://www.niu.edu/robots.txt
2025-04-16 02:55:52,687 [INFO] Fetching robots.txt from https://www.uaf.edu/robots.txt
2025-04-16 02:55:54,679 [INFO] Fetching robots.txt from https://www.brookdalecc.edu/robots.txt
2025-04-16 02:55:55,688 [INFO] Non-200 response from https://www.brookdalecc.edu/robots.txt: 403
2025-04-16 02:55:55,688 [INFO] Skipping https://www.brookdalecc.edu/brookdale-esports-valorant-team-are-national-champions/ as robots.txt could not be fetched.
2025-04-16 02:55:55,688 [INFO] Fetching robots.txt from https://www.winthrop.edu/robots.txt
2025-04-16 02:55:57,665 [INFO] Fetching robots.txt from https://liquipedia.net/robots.txt
2025-04-16 02:55:58,173 [INFO] Fetching robots.txt from https://valorant.com/robots.txt
2025-04-16 02:56:00,685 [INFO] Fetching robots.txt from https://www.vlr.gg/robots.txt
2025-04-16 02:56:01,567 [INFO] Non-200 response from https://www.vlr.gg/robots.txt: 404
2025-04-16 02:56:01,567 [INFO] Skipping https://www.vlr.gg/team/11328/funplus-phoenix as robots.txt could not be fetched.
2025-04-16 02:56:01,567 [INFO] Collected 23 unique URLs so far
2025-04-16 02:56:01,567 [INFO] Limited URL collection to 20
2025-04-16 02:56:01,568 [INFO] Scraping content from 20 collected URLs...
2025-04-16 02:56:02,382 [INFO] newspaper3k extracted low-quality content from https://playvalorant.com/en-us/, trying BeautifulSoup
2025-04-16 02:56:02,393 [INFO] Failed to extract meaningful content from https://playvalorant.com/en-us/
2025-04-16 02:56:02,694 [INFO] newspaper3k extracted low-quality content from https://www.niu.edu/esports/play/varsity/valorant.shtml, trying BeautifulSoup
2025-04-16 02:56:02,715 [INFO] Failed to extract meaningful content from https://www.niu.edu/esports/play/varsity/valorant.shtml
2025-04-16 02:56:02,924 [INFO] newspaper3k extracted low-quality content from https://valorant.fandom.com/wiki/VALORANT_Wiki, trying BeautifulSoup
2025-04-16 02:56:03,021 [INFO] Failed to extract meaningful content from https://valorant.fandom.com/wiki/VALORANT_Wiki
2025-04-16 02:56:03,167 [INFO] newspaper3k extracted low-quality content from https://valorantesports.com/, trying BeautifulSoup
2025-04-16 02:56:03,242 [INFO] Failed to extract meaningful content from https://valorantesports.com/
2025-04-16 02:56:03,338 [ERROR] Access denied to https://tracker.gg/valorant: HTTP 403 Forbidden.
2025-04-16 02:56:04,287 [INFO] newspaper3k extracted low-quality content from https://www.uakron.edu/esports/varsity/valorant, trying BeautifulSoup
2025-04-16 02:56:04,300 [INFO] Failed to extract meaningful content from https://www.uakron.edu/esports/varsity/valorant
2025-04-16 02:56:04,614 [INFO] newspaper3k extracted low-quality content from https://www.twitch.tv/valorant_pacific, trying BeautifulSoup
2025-04-16 02:56:04,619 [INFO] Failed to extract meaningful content from https://www.twitch.tv/valorant_pacific
2025-04-16 02:56:05,280 [INFO] newspaper3k extracted low-quality content from https://www.uaf.edu/esports/teams/valorant.php, trying BeautifulSoup
2025-04-16 02:56:05,296 [INFO] Failed to extract meaningful content from https://www.uaf.edu/esports/teams/valorant.php
2025-04-16 02:56:05,683 [INFO] newspaper3k extracted low-quality content from https://playvalorant.com/en-us/download/, trying BeautifulSoup
2025-04-16 02:56:05,686 [INFO] Failed to extract meaningful content from https://playvalorant.com/en-us/download/
2025-04-16 02:56:06,417 [ERROR] Access denied to https://www.brookdalecc.edu/brookdale-esports-valorant-team-are-national-champions/: HTTP 403 Forbidden.
2025-04-16 02:56:06,531 [INFO] newspaper3k extracted low-quality content from https://support-valorant.riotgames.com/hc/en-us, trying BeautifulSoup
2025-04-16 02:56:06,538 [INFO] Failed to extract meaningful content from https://support-valorant.riotgames.com/hc/en-us
2025-04-16 02:56:06,885 [ERROR] Access denied to https://store.epicgames.com/en-US/p/valorant: HTTP 403 Forbidden.
2025-04-16 02:56:07,418 [INFO] newspaper3k extracted low-quality content from https://www.playstation.com/en-us/games/valorant/, trying BeautifulSoup
2025-04-16 02:56:07,830 [INFO] newspaper3k extracted low-quality content from https://www.riotgames.com/en, trying BeautifulSoup
2025-04-16 02:56:07,844 [INFO] Failed to extract meaningful content from https://www.riotgames.com/en
2025-04-16 02:56:08,492 [INFO] newspaper3k extracted low-quality content from https://columbiacougars.com/sports/valorant, trying BeautifulSoup
2025-04-16 02:56:08,506 [INFO] Failed to extract meaningful content from https://columbiacougars.com/sports/valorant
2025-04-16 02:56:19,155 [INFO] newspaper3k extracted low-quality content from https://www.winthrop.edu/esports/valorant-roster.aspx, trying BeautifulSoup
2025-04-16 02:56:19,177 [INFO] Failed to extract meaningful content from https://www.winthrop.edu/esports/valorant-roster.aspx
2025-04-16 02:56:19,219 [INFO] newspaper3k extracted low-quality content from https://www.jmu.edu/jmuxlabs/esports/valorant.shtml, trying BeautifulSoup
2025-04-16 02:56:19,240 [INFO] Failed to extract meaningful content from https://www.jmu.edu/jmuxlabs/esports/valorant.shtml
2025-04-16 02:56:19,646 [INFO] newspaper3k extracted low-quality content from https://open.spotify.com/artist/3wrFoI9EVjWg6m8xXeWr5t, trying BeautifulSoup
2025-04-16 02:56:19,649 [INFO] Failed to extract meaningful content from https://open.spotify.com/artist/3wrFoI9EVjWg6m8xXeWr5t
2025-04-16 02:56:23,950 [WARNING] Error fetching article at https://twitter.com/ValorantEsports: . Retrying in 1.5s (1/3)...
2025-04-16 02:56:40,946 [WARNING] Error fetching article at https://twitter.com/ValorantEsports: . Retrying in 3.0s (2/3)...
2025-04-16 02:56:59,941 [ERROR] Max retries reached for https://twitter.com/ValorantEsports: 
2025-04-16 02:56:59,942 [INFO] Article 'VALORANT's 128-Tick Servers' added to valid articles.
2025-04-16 02:56:59,942 [INFO] Article 'Valorant - PS5 Games | PlayStation' added to valid articles.
2025-04-16 02:56:59,947 [INFO] Formatted content for summarization with 3990 words
2025-04-16 02:56:59,950 [INFO] Summarizing chunk 1/7
2025-04-16 02:57:02,474 [WARNING] Gemini generated a short summary (0 words), using fallback
2025-04-16 02:57:02,474 [INFO] Using extractive summarization fallback
2025-04-16 02:57:02,474 [INFO] Summarizing chunk 2/7
2025-04-16 02:57:03,870 [INFO] Summarizing chunk 3/7
2025-04-16 02:57:05,319 [INFO] Summarizing chunk 4/7
2025-04-16 02:57:06,488 [INFO] Summarizing chunk 5/7
2025-04-16 02:57:07,821 [INFO] Summarizing chunk 6/7
2025-04-16 02:57:09,046 [INFO] Summarizing chunk 7/7
2025-04-16 02:57:09,992 [WARNING] Gemini generated a short summary (13 words), using fallback
2025-04-16 02:57:09,992 [INFO] Using extractive summarization fallback
2025-04-16 02:57:13,176 [WARNING] Gemini generated a short summary (129 words), using fallback
2025-04-16 02:57:13,177 [INFO] Using extractive summarization fallback
2025-04-16 02:57:13,178 [INFO] Summarization completed in 13.23 seconds
2025-04-16 02:57:13,178 [INFO] Generated summary with 98 words.
2025-04-16 02:57:13,178 [WARNING] Generated summary is too short (98 words). Attempting to regenerate.
2025-04-16 02:57:17,251 [WARNING] Gemini generated a short summary (105 words), using fallback
2025-04-16 02:57:17,251 [INFO] Using extractive summarization fallback
2025-04-16 02:57:17,252 [INFO] Regenerated summary with 103 words.
2025-04-16 02:57:17,253 [WARNING] Summary remains short (103 words), returning as is.
2025-04-16 02:57:17,855 [INFO] HTTP Request: POST https://api.elevenlabs.io/v1/text-to-speech/JBFqnCBsd6RMkjVDRZzb/stream "HTTP/1.1 401 Unauthorized"
2025-04-16 02:57:17,856 [ERROR] Text-to-speech conversion failed: status_code: 401, body: {'detail': {'status': 'quota_exceeded', 'message': 'This request exceeds your quota of 10000. You have 40 credits remaining, while 558 credits are required for this request.'}}
2025-04-16 02:57:17,857 [INFO] Data written to output.json.
2025-04-16 02:57:18,538 [INFO] HTTP Request: POST https://ljrlwlsqivyghpshguee.supabase.co/rest/v1/Queries "HTTP/2 201 Created"
2025-04-16 02:57:51,877 [ERROR] Error generating video: 402 Client Error: Payment Required for url: https://api.d-id.com/talks
2025-04-16 02:58:17,678 [ERROR] Error generating video: 402 Client Error: Payment Required for url: https://api.d-id.com/talks
2025-04-16 02:58:32,942 [INFO] Configuration loaded successfully
2025-04-16 02:58:33,215 [INFO] Gemini model initialized successfully
2025-04-16 02:58:33,971 [INFO] Using Supabase URL: https://ljrlwlsqivyghpshguee.supabase.co
2025-04-16 02:58:33,972 [INFO] API Key found (masked): eyJh********************************************************************************************************************************************************************************************************K5Tg
2025-04-16 02:58:33,972 [INFO] Supabase username and password found in environment variables
2025-04-16 02:58:34,210 [INFO] Supabase client initialized successfully
2025-04-16 02:58:34,450 [INFO] Successfully created Supabase client
2025-04-16 02:58:35,085 [INFO] HTTP Request: GET https://ljrlwlsqivyghpshguee.supabase.co/rest/v1/Users?select=count&limit=1 "HTTP/2 200 OK"
2025-04-16 02:58:35,089 [INFO] Successfully connected to Supabase
2025-04-16 02:58:35,089 [INFO] Successfully connected to Supabase at startup
2025-04-16 02:58:54,012 [INFO] Scrape request received: Query='valorant', Num URLs=10
2025-04-16 02:58:54,012 [INFO] Starting collection process for query: 'valorant'
2025-04-16 02:58:54,012 [INFO] Desired article count: 10
2025-04-16 02:58:55,594 [INFO] Google Search API returned 10 URLs
2025-04-16 02:58:55,595 [INFO] Blocked domain detected: www.reddit.com
2025-04-16 02:58:55,595 [INFO] Blocked domain detected: en.wikipedia.org
2025-04-16 02:58:55,595 [INFO] Blocked domain detected: x.com
2025-04-16 02:58:55,595 [INFO] Blocked domain detected: www.youtube.com
2025-04-16 02:58:55,595 [INFO] Filtered 4 blocked domains
2025-04-16 02:58:55,595 [INFO] Fetching robots.txt from https://playvalorant.com/robots.txt
2025-04-16 02:58:56,187 [INFO] Fetching robots.txt from https://playvalorant.com/robots.txt
2025-04-16 02:58:56,786 [INFO] Fetching robots.txt from https://www.riotgames.com/robots.txt
2025-04-16 02:58:57,703 [INFO] Fetching robots.txt from https://valorantesports.com/robots.txt
2025-04-16 02:58:58,312 [INFO] Fetching robots.txt from https://tracker.gg/robots.txt
2025-04-16 02:58:58,409 [INFO] Fetching robots.txt from https://technology.riotgames.com/robots.txt
2025-04-16 02:58:58,502 [INFO] Collected 6 unique URLs so far
2025-04-16 02:59:01,077 [INFO] Google Search API returned 10 URLs
2025-04-16 02:59:01,079 [INFO] Blocked domain detected: www.instagram.com
2025-04-16 02:59:01,079 [INFO] Filtered 1 blocked domains
2025-04-16 02:59:01,079 [INFO] Fetching robots.txt from https://store.epicgames.com/robots.txt
2025-04-16 02:59:01,451 [INFO] Non-200 response from https://store.epicgames.com/robots.txt: 403
2025-04-16 02:59:01,452 [INFO] Skipping https://store.epicgames.com/en-US/p/valorant as robots.txt could not be fetched.
2025-04-16 02:59:01,452 [INFO] Fetching robots.txt from https://open.spotify.com/robots.txt
2025-04-16 02:59:01,585 [INFO] Fetching robots.txt from https://columbiacougars.com/robots.txt
2025-04-16 02:59:02,659 [INFO] Fetching robots.txt from https://www.twitch.tv/robots.txt
2025-04-16 02:59:02,904 [INFO] Fetching robots.txt from https://support-valorant.riotgames.com/robots.txt
2025-04-16 02:59:03,009 [INFO] Fetching robots.txt from https://twitter.com/robots.txt
2025-04-16 02:59:08,943 [INFO] Timeout occurred while fetching https://twitter.com/robots.txt
2025-04-16 02:59:08,943 [INFO] Skipping https://twitter.com/ValorantEsports as robots.txt could not be fetched.
2025-04-16 02:59:08,943 [INFO] Fetching robots.txt from https://valorant.fandom.com/robots.txt
2025-04-16 02:59:09,084 [INFO] Fetching robots.txt from https://www.uakron.edu/robots.txt
2025-04-16 02:59:10,539 [INFO] Fetching robots.txt from https://www.facebook.com/robots.txt
2025-04-16 02:59:10,694 [INFO] Scraping not allowed for https://www.facebook.com/ValorantEsportsVietnam/ as per robots.txt.
2025-04-16 02:59:10,695 [INFO] Collected 14 unique URLs so far
2025-04-16 02:59:13,295 [INFO] Google Search API returned 10 URLs
2025-04-16 02:59:13,295 [INFO] Blocked domain detected: www.xbox.com
2025-04-16 02:59:13,295 [INFO] Filtered 1 blocked domains
2025-04-16 02:59:13,295 [INFO] Fetching robots.txt from https://www.playstation.com/robots.txt
2025-04-16 02:59:13,960 [INFO] Fetching robots.txt from https://www.jmu.edu/robots.txt
2025-04-16 02:59:14,832 [INFO] Fetching robots.txt from https://www.niu.edu/robots.txt
2025-04-16 02:59:15,781 [INFO] Fetching robots.txt from https://www.uaf.edu/robots.txt
2025-04-16 02:59:17,144 [INFO] Fetching robots.txt from https://www.brookdalecc.edu/robots.txt
2025-04-16 02:59:17,611 [INFO] Non-200 response from https://www.brookdalecc.edu/robots.txt: 403
2025-04-16 02:59:17,611 [INFO] Skipping https://www.brookdalecc.edu/brookdale-esports-valorant-team-are-national-champions/ as robots.txt could not be fetched.
2025-04-16 02:59:17,611 [INFO] Fetching robots.txt from https://www.winthrop.edu/robots.txt
2025-04-16 02:59:18,472 [INFO] Fetching robots.txt from https://liquipedia.net/robots.txt
2025-04-16 02:59:18,970 [INFO] Fetching robots.txt from https://valorant.com/robots.txt
2025-04-16 02:59:20,993 [INFO] Fetching robots.txt from https://www.vlr.gg/robots.txt
2025-04-16 02:59:21,874 [INFO] Non-200 response from https://www.vlr.gg/robots.txt: 404
2025-04-16 02:59:21,875 [INFO] Skipping https://www.vlr.gg/team/11328/funplus-phoenix as robots.txt could not be fetched.
2025-04-16 02:59:21,875 [INFO] Collected 23 unique URLs so far
2025-04-16 02:59:21,876 [INFO] Limited URL collection to 20
2025-04-16 02:59:21,876 [INFO] Scraping content from 20 collected URLs...
2025-04-16 02:59:22,637 [INFO] newspaper3k extracted low-quality content from https://playvalorant.com/en-us/, trying BeautifulSoup
2025-04-16 02:59:22,648 [INFO] Failed to extract meaningful content from https://playvalorant.com/en-us/
2025-04-16 02:59:23,037 [INFO] newspaper3k extracted low-quality content from https://valorant.fandom.com/wiki/VALORANT_Wiki, trying BeautifulSoup
2025-04-16 02:59:23,127 [INFO] Failed to extract meaningful content from https://valorant.fandom.com/wiki/VALORANT_Wiki
2025-04-16 02:59:23,164 [INFO] newspaper3k extracted low-quality content from https://www.niu.edu/esports/play/varsity/valorant.shtml, trying BeautifulSoup
2025-04-16 02:59:23,183 [INFO] Failed to extract meaningful content from https://www.niu.edu/esports/play/varsity/valorant.shtml
2025-04-16 02:59:23,324 [INFO] newspaper3k extracted low-quality content from https://valorantesports.com/, trying BeautifulSoup
2025-04-16 02:59:23,399 [INFO] Failed to extract meaningful content from https://valorantesports.com/
2025-04-16 02:59:23,494 [ERROR] Access denied to https://tracker.gg/valorant: HTTP 403 Forbidden.
2025-04-16 02:59:24,486 [INFO] newspaper3k extracted low-quality content from https://www.uakron.edu/esports/varsity/valorant, trying BeautifulSoup
2025-04-16 02:59:24,498 [INFO] Failed to extract meaningful content from https://www.uakron.edu/esports/varsity/valorant
2025-04-16 02:59:24,797 [INFO] newspaper3k extracted low-quality content from https://www.twitch.tv/valorant_pacific, trying BeautifulSoup
2025-04-16 02:59:24,802 [INFO] Failed to extract meaningful content from https://www.twitch.tv/valorant_pacific
2025-04-16 02:59:25,411 [INFO] newspaper3k extracted low-quality content from https://www.uaf.edu/esports/teams/valorant.php, trying BeautifulSoup
2025-04-16 02:59:25,427 [INFO] Failed to extract meaningful content from https://www.uaf.edu/esports/teams/valorant.php
2025-04-16 02:59:25,812 [INFO] newspaper3k extracted low-quality content from https://columbiacougars.com/sports/valorant, trying BeautifulSoup
2025-04-16 02:59:25,827 [INFO] Failed to extract meaningful content from https://columbiacougars.com/sports/valorant
2025-04-16 02:59:25,838 [INFO] newspaper3k extracted low-quality content from https://playvalorant.com/en-us/download/, trying BeautifulSoup
2025-04-16 02:59:25,841 [INFO] Failed to extract meaningful content from https://playvalorant.com/en-us/download/
2025-04-16 02:59:25,936 [ERROR] Access denied to https://www.brookdalecc.edu/brookdale-esports-valorant-team-are-national-champions/: HTTP 403 Forbidden.
2025-04-16 02:59:26,279 [ERROR] Access denied to https://store.epicgames.com/en-US/p/valorant: HTTP 403 Forbidden.
2025-04-16 02:59:26,500 [INFO] newspaper3k extracted low-quality content from https://support-valorant.riotgames.com/hc/en-us, trying BeautifulSoup
2025-04-16 02:59:26,505 [INFO] Failed to extract meaningful content from https://support-valorant.riotgames.com/hc/en-us
2025-04-16 02:59:26,771 [INFO] newspaper3k extracted low-quality content from https://www.playstation.com/en-us/games/valorant/, trying BeautifulSoup
2025-04-16 02:59:27,177 [INFO] newspaper3k extracted low-quality content from https://www.riotgames.com/en, trying BeautifulSoup
2025-04-16 02:59:27,192 [INFO] Failed to extract meaningful content from https://www.riotgames.com/en
2025-04-16 02:59:37,940 [INFO] newspaper3k extracted low-quality content from https://www.winthrop.edu/esports/valorant-roster.aspx, trying BeautifulSoup
2025-04-16 02:59:37,960 [INFO] Failed to extract meaningful content from https://www.winthrop.edu/esports/valorant-roster.aspx
2025-04-16 02:59:38,001 [INFO] newspaper3k extracted low-quality content from https://www.jmu.edu/jmuxlabs/esports/valorant.shtml, trying BeautifulSoup
2025-04-16 02:59:38,027 [INFO] Failed to extract meaningful content from https://www.jmu.edu/jmuxlabs/esports/valorant.shtml
2025-04-16 02:59:38,451 [INFO] newspaper3k extracted low-quality content from https://open.spotify.com/artist/3wrFoI9EVjWg6m8xXeWr5t, trying BeautifulSoup
2025-04-16 02:59:38,453 [INFO] Failed to extract meaningful content from https://open.spotify.com/artist/3wrFoI9EVjWg6m8xXeWr5t
2025-04-16 02:59:42,947 [WARNING] Error fetching article at https://twitter.com/ValorantEsports: . Retrying in 1.5s (1/3)...
2025-04-16 02:59:59,938 [WARNING] Error fetching article at https://twitter.com/ValorantEsports: . Retrying in 3.0s (2/3)...
2025-04-16 03:00:18,942 [ERROR] Max retries reached for https://twitter.com/ValorantEsports: 
2025-04-16 03:00:18,943 [INFO] Article 'VALORANT's 128-Tick Servers' added to valid articles.
2025-04-16 03:00:18,943 [INFO] Article 'Valorant - PS5 Games | PlayStation' added to valid articles.
2025-04-16 03:00:18,947 [INFO] Formatted content for summarization with 3990 words
2025-04-16 03:00:18,951 [INFO] Summarizing chunk 1/7
2025-04-16 03:00:21,282 [WARNING] Gemini generated a short summary (0 words), using fallback
2025-04-16 03:00:21,282 [INFO] Using extractive summarization fallback
2025-04-16 03:00:21,282 [INFO] Summarizing chunk 2/7
2025-04-16 03:00:22,688 [WARNING] Gemini generated a short summary (31 words), using fallback
2025-04-16 03:00:22,688 [INFO] Using extractive summarization fallback
2025-04-16 03:00:22,688 [INFO] Summarizing chunk 3/7
2025-04-16 03:00:24,009 [INFO] Summarizing chunk 4/7
2025-04-16 03:00:25,231 [INFO] Summarizing chunk 5/7
2025-04-16 03:00:26,640 [INFO] Summarizing chunk 6/7
2025-04-16 03:00:27,731 [INFO] Summarizing chunk 7/7
2025-04-16 03:00:28,692 [WARNING] Gemini generated a short summary (13 words), using fallback
2025-04-16 03:00:28,692 [INFO] Using extractive summarization fallback
2025-04-16 03:00:32,065 [WARNING] Gemini generated a short summary (100 words), using fallback
2025-04-16 03:00:32,065 [INFO] Using extractive summarization fallback
2025-04-16 03:00:32,067 [INFO] Summarization completed in 13.12 seconds
2025-04-16 03:00:32,067 [INFO] Generated summary with 226 words.
2025-04-16 03:00:32,067 [WARNING] Generated summary is too short (226 words). Attempting to regenerate.
2025-04-16 03:00:36,232 [WARNING] Gemini generated a short summary (170 words), using fallback
2025-04-16 03:00:36,234 [INFO] Using extractive summarization fallback
2025-04-16 03:00:36,235 [INFO] Regenerated summary with 103 words.
2025-04-16 03:00:36,235 [WARNING] Summary remains short (226 words), returning as is.
2025-04-16 03:00:36,809 [INFO] HTTP Request: POST https://api.elevenlabs.io/v1/text-to-speech/JBFqnCBsd6RMkjVDRZzb/stream "HTTP/1.1 401 Unauthorized"
2025-04-16 03:00:36,810 [ERROR] Text-to-speech conversion failed: status_code: 401, body: {'detail': {'status': 'quota_exceeded', 'message': 'This request exceeds your quota of 10000. You have 40 credits remaining, while 1380 credits are required for this request.'}}
2025-04-16 03:00:36,810 [INFO] Data written to output.json.
2025-04-16 03:00:37,510 [INFO] HTTP Request: POST https://ljrlwlsqivyghpshguee.supabase.co/rest/v1/Queries "HTTP/2 201 Created"
2025-04-16 03:02:28,918 [ERROR] Error generating video: 400 Client Error: Bad Request for url: https://api.d-id.com/talks
2025-04-16 03:03:07,623 [ERROR] Error generating video: 400 Client Error: Bad Request for url: https://api.d-id.com/talks
2025-04-16 03:03:17,141 [INFO] Configuration loaded successfully
2025-04-16 03:03:17,376 [INFO] Gemini model initialized successfully
2025-04-16 03:03:18,128 [INFO] Using Supabase URL: https://ljrlwlsqivyghpshguee.supabase.co
2025-04-16 03:03:18,128 [INFO] API Key found (masked): eyJh********************************************************************************************************************************************************************************************************K5Tg
2025-04-16 03:03:18,129 [INFO] Supabase username and password found in environment variables
2025-04-16 03:03:18,367 [INFO] Supabase client initialized successfully
2025-04-16 03:03:18,599 [INFO] Successfully created Supabase client
2025-04-16 03:03:19,259 [INFO] HTTP Request: GET https://ljrlwlsqivyghpshguee.supabase.co/rest/v1/Users?select=count&limit=1 "HTTP/2 200 OK"
2025-04-16 03:03:19,262 [INFO] Successfully connected to Supabase
2025-04-16 03:03:19,262 [INFO] Successfully connected to Supabase at startup
2025-04-16 03:03:24,514 [ERROR] Error generating video: 400 Client Error: Bad Request for url: https://api.d-id.com/talks
2025-04-16 03:03:48,059 [INFO] Scrape request received: Query='valorant', Num URLs=10
2025-04-16 03:03:48,059 [INFO] Starting collection process for query: 'valorant'
2025-04-16 03:03:48,059 [INFO] Desired article count: 10
2025-04-16 03:03:49,623 [INFO] Google Search API returned 10 URLs
2025-04-16 03:03:49,624 [INFO] Blocked domain detected: www.reddit.com
2025-04-16 03:03:49,624 [INFO] Blocked domain detected: en.wikipedia.org
2025-04-16 03:03:49,624 [INFO] Blocked domain detected: x.com
2025-04-16 03:03:49,624 [INFO] Blocked domain detected: www.youtube.com
2025-04-16 03:03:49,624 [INFO] Filtered 4 blocked domains
2025-04-16 03:03:49,624 [INFO] Fetching robots.txt from https://playvalorant.com/robots.txt
2025-04-16 03:03:50,339 [INFO] Fetching robots.txt from https://playvalorant.com/robots.txt
2025-04-16 03:03:50,939 [INFO] Fetching robots.txt from https://www.riotgames.com/robots.txt
2025-04-16 03:03:51,907 [INFO] Fetching robots.txt from https://valorantesports.com/robots.txt
2025-04-16 03:03:52,306 [INFO] Fetching robots.txt from https://tracker.gg/robots.txt
2025-04-16 03:03:52,399 [INFO] Fetching robots.txt from https://technology.riotgames.com/robots.txt
2025-04-16 03:03:52,609 [INFO] Collected 6 unique URLs so far
2025-04-16 03:03:55,268 [INFO] Google Search API returned 10 URLs
2025-04-16 03:03:55,269 [INFO] Blocked domain detected: www.instagram.com
2025-04-16 03:03:55,269 [INFO] Filtered 1 blocked domains
2025-04-16 03:03:55,269 [INFO] Fetching robots.txt from https://store.epicgames.com/robots.txt
2025-04-16 03:03:55,894 [INFO] Non-200 response from https://store.epicgames.com/robots.txt: 403
2025-04-16 03:03:55,895 [INFO] Skipping https://store.epicgames.com/en-US/p/valorant as robots.txt could not be fetched.
2025-04-16 03:03:55,895 [INFO] Fetching robots.txt from https://open.spotify.com/robots.txt
2025-04-16 03:03:56,030 [INFO] Fetching robots.txt from https://columbiacougars.com/robots.txt
2025-04-16 03:03:57,051 [INFO] Fetching robots.txt from https://www.twitch.tv/robots.txt
2025-04-16 03:03:57,304 [INFO] Fetching robots.txt from https://support-valorant.riotgames.com/robots.txt
2025-04-16 03:03:57,532 [INFO] Fetching robots.txt from https://twitter.com/robots.txt
2025-04-16 03:04:02,934 [INFO] Timeout occurred while fetching https://twitter.com/robots.txt
2025-04-16 03:04:02,934 [INFO] Skipping https://twitter.com/ValorantEsports as robots.txt could not be fetched.
2025-04-16 03:04:02,934 [INFO] Fetching robots.txt from https://valorant.fandom.com/robots.txt
2025-04-16 03:04:03,189 [INFO] Fetching robots.txt from https://www.uakron.edu/robots.txt
2025-04-16 03:04:04,531 [INFO] Fetching robots.txt from https://www.facebook.com/robots.txt
2025-04-16 03:04:04,675 [INFO] Scraping not allowed for https://www.facebook.com/ValorantEsportsVietnam/ as per robots.txt.
2025-04-16 03:04:04,675 [INFO] Collected 14 unique URLs so far
2025-04-16 03:04:07,271 [INFO] Google Search API returned 10 URLs
2025-04-16 03:04:07,272 [INFO] Blocked domain detected: www.xbox.com
2025-04-16 03:04:07,272 [INFO] Filtered 1 blocked domains
2025-04-16 03:04:07,272 [INFO] Fetching robots.txt from https://www.playstation.com/robots.txt
2025-04-16 03:04:07,836 [INFO] Fetching robots.txt from https://www.jmu.edu/robots.txt
2025-04-16 03:04:08,698 [INFO] Fetching robots.txt from https://www.niu.edu/robots.txt
2025-04-16 03:04:09,637 [INFO] Fetching robots.txt from https://www.uaf.edu/robots.txt
2025-04-16 03:04:11,266 [INFO] Fetching robots.txt from https://www.brookdalecc.edu/robots.txt
2025-04-16 03:04:11,715 [INFO] Non-200 response from https://www.brookdalecc.edu/robots.txt: 403
2025-04-16 03:04:11,715 [INFO] Skipping https://www.brookdalecc.edu/brookdale-esports-valorant-team-are-national-champions/ as robots.txt could not be fetched.
2025-04-16 03:04:11,715 [INFO] Fetching robots.txt from https://www.winthrop.edu/robots.txt
2025-04-16 03:04:12,662 [INFO] Fetching robots.txt from https://liquipedia.net/robots.txt
2025-04-16 03:04:13,150 [INFO] Fetching robots.txt from https://valorant.com/robots.txt
2025-04-16 03:04:15,049 [INFO] Fetching robots.txt from https://www.vlr.gg/robots.txt
2025-04-16 03:04:15,973 [INFO] Non-200 response from https://www.vlr.gg/robots.txt: 404
2025-04-16 03:04:15,973 [INFO] Skipping https://www.vlr.gg/team/11328/funplus-phoenix as robots.txt could not be fetched.
2025-04-16 03:04:15,973 [INFO] Collected 23 unique URLs so far
2025-04-16 03:04:15,973 [INFO] Limited URL collection to 20
2025-04-16 03:04:15,973 [INFO] Scraping content from 20 collected URLs...
2025-04-16 03:04:16,792 [INFO] newspaper3k extracted low-quality content from https://playvalorant.com/en-us/, trying BeautifulSoup
2025-04-16 03:04:16,802 [INFO] Failed to extract meaningful content from https://playvalorant.com/en-us/
2025-04-16 03:04:16,947 [INFO] newspaper3k extracted low-quality content from https://valorantesports.com/, trying BeautifulSoup
2025-04-16 03:04:17,024 [INFO] Failed to extract meaningful content from https://valorantesports.com/
2025-04-16 03:04:17,059 [INFO] newspaper3k extracted low-quality content from https://www.niu.edu/esports/play/varsity/valorant.shtml, trying BeautifulSoup
2025-04-16 03:04:17,080 [INFO] Failed to extract meaningful content from https://www.niu.edu/esports/play/varsity/valorant.shtml
2025-04-16 03:04:17,160 [ERROR] Access denied to https://tracker.gg/valorant: HTTP 403 Forbidden.
2025-04-16 03:04:17,960 [INFO] newspaper3k extracted low-quality content from https://valorant.fandom.com/wiki/VALORANT_Wiki, trying BeautifulSoup
2025-04-16 03:04:18,052 [INFO] Failed to extract meaningful content from https://valorant.fandom.com/wiki/VALORANT_Wiki
2025-04-16 03:04:18,880 [INFO] newspaper3k extracted low-quality content from https://columbiacougars.com/sports/valorant, trying BeautifulSoup
2025-04-16 03:04:18,895 [INFO] Failed to extract meaningful content from https://columbiacougars.com/sports/valorant
2025-04-16 03:04:19,028 [INFO] newspaper3k extracted low-quality content from https://www.uakron.edu/esports/varsity/valorant, trying BeautifulSoup
2025-04-16 03:04:19,042 [INFO] Failed to extract meaningful content from https://www.uakron.edu/esports/varsity/valorant
2025-04-16 03:04:19,198 [INFO] newspaper3k extracted low-quality content from https://www.twitch.tv/valorant_pacific, trying BeautifulSoup
2025-04-16 03:04:19,202 [INFO] Failed to extract meaningful content from https://www.twitch.tv/valorant_pacific
2025-04-16 03:04:19,401 [INFO] newspaper3k extracted low-quality content from https://www.uaf.edu/esports/teams/valorant.php, trying BeautifulSoup
2025-04-16 03:04:19,417 [INFO] Failed to extract meaningful content from https://www.uaf.edu/esports/teams/valorant.php
2025-04-16 03:04:19,505 [ERROR] Access denied to https://www.brookdalecc.edu/brookdale-esports-valorant-team-are-national-champions/: HTTP 403 Forbidden.
2025-04-16 03:04:19,935 [INFO] newspaper3k extracted low-quality content from https://playvalorant.com/en-us/download/, trying BeautifulSoup
2025-04-16 03:04:19,937 [INFO] Failed to extract meaningful content from https://playvalorant.com/en-us/download/
2025-04-16 03:04:20,283 [ERROR] Access denied to https://store.epicgames.com/en-US/p/valorant: HTTP 403 Forbidden.
2025-04-16 03:04:20,306 [INFO] newspaper3k extracted low-quality content from https://support-valorant.riotgames.com/hc/en-us, trying BeautifulSoup
2025-04-16 03:04:20,315 [INFO] Failed to extract meaningful content from https://support-valorant.riotgames.com/hc/en-us
2025-04-16 03:04:20,837 [INFO] newspaper3k extracted low-quality content from https://www.playstation.com/en-us/games/valorant/, trying BeautifulSoup
2025-04-16 03:04:21,339 [INFO] newspaper3k extracted low-quality content from https://www.riotgames.com/en, trying BeautifulSoup
2025-04-16 03:04:21,353 [INFO] Failed to extract meaningful content from https://www.riotgames.com/en
2025-04-16 03:04:22,107 [INFO] newspaper3k extracted low-quality content from https://www.jmu.edu/jmuxlabs/esports/valorant.shtml, trying BeautifulSoup
2025-04-16 03:04:22,129 [INFO] Failed to extract meaningful content from https://www.jmu.edu/jmuxlabs/esports/valorant.shtml
2025-04-16 03:04:22,515 [INFO] newspaper3k extracted low-quality content from https://open.spotify.com/artist/3wrFoI9EVjWg6m8xXeWr5t, trying BeautifulSoup
2025-04-16 03:04:22,519 [INFO] Failed to extract meaningful content from https://open.spotify.com/artist/3wrFoI9EVjWg6m8xXeWr5t
2025-04-16 03:04:41,879 [INFO] newspaper3k extracted low-quality content from https://www.winthrop.edu/esports/valorant-roster.aspx, trying BeautifulSoup
2025-04-16 03:04:41,901 [INFO] Failed to extract meaningful content from https://www.winthrop.edu/esports/valorant-roster.aspx
2025-04-16 03:04:41,904 [WARNING] Error fetching article at https://twitter.com/ValorantEsports: . Retrying in 1.5s (1/3)...
2025-04-16 03:04:58,935 [WARNING] Error fetching article at https://twitter.com/ValorantEsports: . Retrying in 3.0s (2/3)...
2025-04-16 03:05:17,961 [ERROR] Max retries reached for https://twitter.com/ValorantEsports: 
2025-04-16 03:05:17,962 [INFO] Article 'VALORANT's 128-Tick Servers' added to valid articles.
2025-04-16 03:05:17,962 [INFO] Article 'Valorant - PS5 Games | PlayStation' added to valid articles.
2025-04-16 03:05:17,968 [INFO] Formatted content for summarization with 3990 words
2025-04-16 03:05:17,971 [INFO] Summarizing chunk 1/7
2025-04-16 03:05:20,172 [WARNING] Gemini generated a short summary (0 words), using fallback
2025-04-16 03:05:20,173 [INFO] Using extractive summarization fallback
2025-04-16 03:05:20,173 [INFO] Summarizing chunk 2/7
2025-04-16 03:05:21,494 [INFO] Summarizing chunk 3/7
2025-04-16 03:05:22,873 [INFO] Summarizing chunk 4/7
2025-04-16 03:05:24,032 [INFO] Summarizing chunk 5/7
2025-04-16 03:05:25,358 [INFO] Summarizing chunk 6/7
2025-04-16 03:05:26,520 [INFO] Summarizing chunk 7/7
2025-04-16 03:05:27,467 [WARNING] Gemini generated a short summary (17 words), using fallback
2025-04-16 03:05:27,467 [INFO] Using extractive summarization fallback
2025-04-16 03:05:30,663 [WARNING] Gemini generated a short summary (132 words), using fallback
2025-04-16 03:05:30,664 [INFO] Using extractive summarization fallback
2025-04-16 03:05:30,665 [INFO] Summarization completed in 12.69 seconds
2025-04-16 03:05:30,665 [INFO] Generated summary with 99 words.
2025-04-16 03:05:30,665 [WARNING] Generated summary is too short (99 words). Attempting to regenerate.
2025-04-16 03:05:34,852 [WARNING] Gemini generated a short summary (207 words), using fallback
2025-04-16 03:05:34,853 [INFO] Using extractive summarization fallback
2025-04-16 03:05:34,854 [INFO] Regenerated summary with 103 words.
2025-04-16 03:05:34,854 [WARNING] Summary remains short (103 words), returning as is.
2025-04-16 03:05:35,486 [INFO] HTTP Request: POST https://api.elevenlabs.io/v1/text-to-speech/JBFqnCBsd6RMkjVDRZzb/stream "HTTP/1.1 401 Unauthorized"
2025-04-16 03:05:35,487 [ERROR] Text-to-speech conversion failed: status_code: 401, body: {'detail': {'status': 'quota_exceeded', 'message': 'This request exceeds your quota of 10000. You have 40 credits remaining, while 558 credits are required for this request.'}}
2025-04-16 03:05:35,487 [INFO] Data written to output.json.
2025-04-16 03:05:36,301 [INFO] HTTP Request: POST https://ljrlwlsqivyghpshguee.supabase.co/rest/v1/Queries "HTTP/2 201 Created"
2025-04-16 03:07:21,792 [ERROR] Error generating video: 400 Client Error: Bad Request for url: https://api.d-id.com/talks
2025-04-16 03:08:18,359 [ERROR] Error generating video: 400 Client Error: Bad Request for url: https://api.d-id.com/talks
2025-04-16 03:10:49,646 [INFO] Configuration loaded successfully
2025-04-16 03:10:49,886 [INFO] Gemini model initialized successfully
2025-04-16 03:10:50,647 [INFO] Using Supabase URL: https://ljrlwlsqivyghpshguee.supabase.co
2025-04-16 03:10:50,647 [INFO] API Key found (masked): eyJh********************************************************************************************************************************************************************************************************K5Tg
2025-04-16 03:10:50,647 [INFO] Supabase username and password found in environment variables
2025-04-16 03:10:50,888 [INFO] Supabase client initialized successfully
2025-04-16 03:10:51,123 [INFO] Successfully created Supabase client
2025-04-16 03:10:51,531 [INFO] HTTP Request: GET https://ljrlwlsqivyghpshguee.supabase.co/rest/v1/Users?select=count&limit=1 "HTTP/2 200 OK"
2025-04-16 03:10:51,535 [INFO] Successfully connected to Supabase
2025-04-16 03:10:51,535 [INFO] Successfully connected to Supabase at startup
2025-04-16 03:13:31,495 [INFO] Scrape request received: Query='valorant', Num URLs=10
2025-04-16 03:13:31,495 [INFO] Starting collection process for query: 'valorant'
2025-04-16 03:13:31,495 [INFO] Desired article count: 10
2025-04-16 03:13:33,107 [INFO] Google Search API returned 10 URLs
2025-04-16 03:13:33,110 [INFO] Blocked domain detected: www.reddit.com
2025-04-16 03:13:33,110 [INFO] Blocked domain detected: en.wikipedia.org
2025-04-16 03:13:33,110 [INFO] Blocked domain detected: x.com
2025-04-16 03:13:33,110 [INFO] Blocked domain detected: www.youtube.com
2025-04-16 03:13:33,111 [INFO] Filtered 4 blocked domains
2025-04-16 03:13:33,111 [INFO] Fetching robots.txt from https://playvalorant.com/robots.txt
2025-04-16 03:13:33,699 [INFO] Fetching robots.txt from https://playvalorant.com/robots.txt
2025-04-16 03:13:34,385 [INFO] Fetching robots.txt from https://www.riotgames.com/robots.txt
2025-04-16 03:13:35,485 [INFO] Fetching robots.txt from https://valorantesports.com/robots.txt
2025-04-16 03:13:36,113 [INFO] Fetching robots.txt from https://tracker.gg/robots.txt
2025-04-16 03:13:36,235 [INFO] Fetching robots.txt from https://technology.riotgames.com/robots.txt
2025-04-16 03:13:36,435 [INFO] Collected 6 unique URLs so far
2025-04-16 03:13:39,059 [INFO] Google Search API returned 10 URLs
2025-04-16 03:13:39,060 [INFO] Blocked domain detected: www.instagram.com
2025-04-16 03:13:39,060 [INFO] Filtered 1 blocked domains
2025-04-16 03:13:39,060 [INFO] Fetching robots.txt from https://store.epicgames.com/robots.txt
2025-04-16 03:13:39,460 [INFO] Non-200 response from https://store.epicgames.com/robots.txt: 403
2025-04-16 03:13:39,460 [INFO] Skipping https://store.epicgames.com/en-US/p/valorant as robots.txt could not be fetched.
2025-04-16 03:13:39,460 [INFO] Fetching robots.txt from https://open.spotify.com/robots.txt
2025-04-16 03:13:39,617 [INFO] Fetching robots.txt from https://columbiacougars.com/robots.txt
2025-04-16 03:13:40,681 [INFO] Fetching robots.txt from https://www.twitch.tv/robots.txt
2025-04-16 03:13:40,944 [INFO] Fetching robots.txt from https://support-valorant.riotgames.com/robots.txt
2025-04-16 03:13:41,169 [INFO] Fetching robots.txt from https://twitter.com/robots.txt
2025-04-16 03:13:46,950 [INFO] Timeout occurred while fetching https://twitter.com/robots.txt
2025-04-16 03:13:46,950 [INFO] Skipping https://twitter.com/ValorantEsports as robots.txt could not be fetched.
2025-04-16 03:13:46,950 [INFO] Fetching robots.txt from https://valorant.fandom.com/robots.txt
2025-04-16 03:13:47,301 [INFO] Fetching robots.txt from https://www.uakron.edu/robots.txt
2025-04-16 03:13:48,433 [INFO] Fetching robots.txt from https://www.facebook.com/robots.txt
2025-04-16 03:13:48,581 [INFO] Scraping not allowed for https://www.facebook.com/ValorantEsportsVietnam/ as per robots.txt.
2025-04-16 03:13:48,581 [INFO] Collected 14 unique URLs so far
2025-04-16 03:13:51,261 [INFO] Google Search API returned 10 URLs
2025-04-16 03:13:51,261 [INFO] Blocked domain detected: www.xbox.com
2025-04-16 03:13:51,262 [INFO] Filtered 1 blocked domains
2025-04-16 03:13:51,262 [INFO] Fetching robots.txt from https://www.playstation.com/robots.txt
2025-04-16 03:13:51,944 [INFO] Fetching robots.txt from https://www.jmu.edu/robots.txt
2025-04-16 03:13:53,254 [INFO] Fetching robots.txt from https://www.niu.edu/robots.txt
2025-04-16 03:13:54,308 [INFO] Fetching robots.txt from https://www.uaf.edu/robots.txt
2025-04-16 03:13:56,109 [INFO] Fetching robots.txt from https://www.brookdalecc.edu/robots.txt
2025-04-16 03:13:56,681 [INFO] Non-200 response from https://www.brookdalecc.edu/robots.txt: 403
2025-04-16 03:13:56,681 [INFO] Skipping https://www.brookdalecc.edu/brookdale-esports-valorant-team-are-national-champions/ as robots.txt could not be fetched.
2025-04-16 03:13:56,681 [INFO] Fetching robots.txt from https://www.winthrop.edu/robots.txt
2025-04-16 03:13:58,096 [INFO] Fetching robots.txt from https://liquipedia.net/robots.txt
2025-04-16 03:13:58,610 [INFO] Fetching robots.txt from https://valorant.com/robots.txt
2025-04-16 03:14:01,850 [INFO] Fetching robots.txt from https://www.vlr.gg/robots.txt
2025-04-16 03:14:02,880 [INFO] Non-200 response from https://www.vlr.gg/robots.txt: 404
2025-04-16 03:14:02,881 [INFO] Skipping https://www.vlr.gg/team/11328/funplus-phoenix as robots.txt could not be fetched.
2025-04-16 03:14:02,881 [INFO] Collected 23 unique URLs so far
2025-04-16 03:14:02,881 [INFO] Limited URL collection to 20
2025-04-16 03:14:02,881 [INFO] Scraping content from 20 collected URLs...
2025-04-16 03:14:03,730 [INFO] newspaper3k extracted low-quality content from https://playvalorant.com/en-us/, trying BeautifulSoup
2025-04-16 03:14:03,741 [INFO] Failed to extract meaningful content from https://playvalorant.com/en-us/
2025-04-16 03:14:03,846 [INFO] newspaper3k extracted low-quality content from https://www.niu.edu/esports/play/varsity/valorant.shtml, trying BeautifulSoup
2025-04-16 03:14:03,867 [INFO] Failed to extract meaningful content from https://www.niu.edu/esports/play/varsity/valorant.shtml
2025-04-16 03:14:04,026 [INFO] newspaper3k extracted low-quality content from https://valorantesports.com/, trying BeautifulSoup
2025-04-16 03:14:04,105 [INFO] Failed to extract meaningful content from https://valorantesports.com/
2025-04-16 03:14:04,334 [INFO] newspaper3k extracted low-quality content from https://valorant.fandom.com/wiki/VALORANT_Wiki, trying BeautifulSoup
2025-04-16 03:14:04,434 [INFO] Failed to extract meaningful content from https://valorant.fandom.com/wiki/VALORANT_Wiki
2025-04-16 03:14:04,523 [ERROR] Access denied to https://tracker.gg/valorant: HTTP 403 Forbidden.
2025-04-16 03:14:05,465 [INFO] newspaper3k extracted low-quality content from https://www.uakron.edu/esports/varsity/valorant, trying BeautifulSoup
2025-04-16 03:14:05,479 [INFO] Failed to extract meaningful content from https://www.uakron.edu/esports/varsity/valorant
2025-04-16 03:14:05,872 [INFO] newspaper3k extracted low-quality content from https://www.twitch.tv/valorant_pacific, trying BeautifulSoup
2025-04-16 03:14:05,880 [INFO] Failed to extract meaningful content from https://www.twitch.tv/valorant_pacific
2025-04-16 03:14:06,450 [INFO] newspaper3k extracted low-quality content from https://www.uaf.edu/esports/teams/valorant.php, trying BeautifulSoup
2025-04-16 03:14:06,468 [INFO] Failed to extract meaningful content from https://www.uaf.edu/esports/teams/valorant.php
2025-04-16 03:14:06,909 [INFO] newspaper3k extracted low-quality content from https://playvalorant.com/en-us/download/, trying BeautifulSoup
2025-04-16 03:14:06,912 [INFO] Failed to extract meaningful content from https://playvalorant.com/en-us/download/
2025-04-16 03:14:07,003 [ERROR] Access denied to https://www.brookdalecc.edu/brookdale-esports-valorant-team-are-national-champions/: HTTP 403 Forbidden.
2025-04-16 03:14:07,388 [INFO] newspaper3k extracted low-quality content from https://support-valorant.riotgames.com/hc/en-us, trying BeautifulSoup
2025-04-16 03:14:07,395 [INFO] Failed to extract meaningful content from https://support-valorant.riotgames.com/hc/en-us
2025-04-16 03:14:07,981 [INFO] newspaper3k extracted low-quality content from https://www.playstation.com/en-us/games/valorant/, trying BeautifulSoup
2025-04-16 03:14:08,066 [ERROR] Access denied to https://store.epicgames.com/en-US/p/valorant: HTTP 403 Forbidden.
2025-04-16 03:14:08,766 [INFO] newspaper3k extracted low-quality content from https://columbiacougars.com/sports/valorant, trying BeautifulSoup
2025-04-16 03:14:08,784 [INFO] Failed to extract meaningful content from https://columbiacougars.com/sports/valorant
2025-04-16 03:14:08,830 [INFO] newspaper3k extracted low-quality content from https://www.riotgames.com/en, trying BeautifulSoup
2025-04-16 03:14:08,846 [INFO] Failed to extract meaningful content from https://www.riotgames.com/en
2025-04-16 03:14:19,384 [INFO] newspaper3k extracted low-quality content from https://www.winthrop.edu/esports/valorant-roster.aspx, trying BeautifulSoup
2025-04-16 03:14:19,405 [INFO] Failed to extract meaningful content from https://www.winthrop.edu/esports/valorant-roster.aspx
2025-04-16 03:14:19,864 [INFO] newspaper3k extracted low-quality content from https://open.spotify.com/artist/3wrFoI9EVjWg6m8xXeWr5t, trying BeautifulSoup
2025-04-16 03:14:19,866 [INFO] Failed to extract meaningful content from https://open.spotify.com/artist/3wrFoI9EVjWg6m8xXeWr5t
2025-04-16 03:14:20,347 [INFO] newspaper3k extracted low-quality content from https://www.jmu.edu/jmuxlabs/esports/valorant.shtml, trying BeautifulSoup
2025-04-16 03:14:20,370 [INFO] Failed to extract meaningful content from https://www.jmu.edu/jmuxlabs/esports/valorant.shtml
2025-04-16 03:14:23,944 [WARNING] Error fetching article at https://twitter.com/ValorantEsports: . Retrying in 1.5s (1/3)...
2025-04-16 03:14:40,959 [WARNING] Error fetching article at https://twitter.com/ValorantEsports: . Retrying in 3.0s (2/3)...
2025-04-16 03:14:59,960 [ERROR] Max retries reached for https://twitter.com/ValorantEsports: 
2025-04-16 03:14:59,961 [INFO] Article 'VALORANT's 128-Tick Servers' added to valid articles.
2025-04-16 03:14:59,961 [INFO] Article 'Valorant - PS5 Games | PlayStation' added to valid articles.
2025-04-16 03:14:59,966 [INFO] Formatted content for summarization with 3990 words
2025-04-16 03:14:59,970 [INFO] Summarizing chunk 1/7
2025-04-16 03:15:02,262 [WARNING] Gemini generated a short summary (0 words), using fallback
2025-04-16 03:15:02,262 [INFO] Using extractive summarization fallback
2025-04-16 03:15:02,262 [INFO] Summarizing chunk 2/7
2025-04-16 03:15:03,408 [WARNING] Gemini generated a short summary (31 words), using fallback
2025-04-16 03:15:03,409 [INFO] Using extractive summarization fallback
2025-04-16 03:15:03,409 [INFO] Summarizing chunk 3/7
2025-04-16 03:15:04,777 [INFO] Summarizing chunk 4/7
2025-04-16 03:15:05,911 [INFO] Summarizing chunk 5/7
2025-04-16 03:15:07,223 [INFO] Summarizing chunk 6/7
2025-04-16 03:15:08,409 [INFO] Summarizing chunk 7/7
2025-04-16 03:15:09,381 [WARNING] Gemini generated a short summary (13 words), using fallback
2025-04-16 03:15:09,381 [INFO] Using extractive summarization fallback
2025-04-16 03:15:12,527 [WARNING] Gemini generated a short summary (98 words), using fallback
2025-04-16 03:15:12,528 [INFO] Using extractive summarization fallback
2025-04-16 03:15:12,529 [INFO] Summarization completed in 12.56 seconds
2025-04-16 03:15:12,529 [INFO] Generated summary with 96 words.
2025-04-16 03:15:12,529 [WARNING] Generated summary is too short (96 words). Attempting to regenerate.
2025-04-16 03:15:16,750 [WARNING] Gemini generated a short summary (164 words), using fallback
2025-04-16 03:15:16,751 [INFO] Using extractive summarization fallback
2025-04-16 03:15:16,752 [INFO] Regenerated summary with 103 words.
2025-04-16 03:15:16,752 [WARNING] Summary remains short (103 words), returning as is.
2025-04-16 03:15:17,513 [INFO] HTTP Request: POST https://api.elevenlabs.io/v1/text-to-speech/JBFqnCBsd6RMkjVDRZzb/stream "HTTP/1.1 401 Unauthorized"
2025-04-16 03:15:17,514 [ERROR] Text-to-speech conversion failed: status_code: 401, body: {'detail': {'status': 'quota_exceeded', 'message': 'This request exceeds your quota of 10000. You have 40 credits remaining, while 558 credits are required for this request.'}}
2025-04-16 03:15:17,515 [INFO] Data written to output.json.
2025-04-16 03:15:18,252 [INFO] HTTP Request: POST https://ljrlwlsqivyghpshguee.supabase.co/rest/v1/Queries "HTTP/2 201 Created"
2025-04-16 03:16:13,280 [INFO] Create talk response: {
    "id": "tlk__tqGjfiPKJftDUikjjLNA",
    "created_at": "2025-04-15T22:16:12.737Z",
    "created_by": "google-oauth2|117463401681342987606",
    "status": "created",
    "object": "talk"
}
2025-04-16 03:16:13,281 [INFO] Polling for video status...
2025-04-16 03:16:14,156 [INFO] Poll 1: status = started
2025-04-16 03:16:17,047 [INFO] Poll 2: status = started
2025-04-16 03:16:19,999 [INFO] Poll 3: status = started
2025-04-16 03:16:22,926 [INFO] Poll 4: status = done
2025-04-16 03:16:22,926 [INFO] Video is ready! Video URL: https://d-id-talks-prod.s3.us-west-2.amazonaws.com/google-oauth2%7C117463401681342987606/tlk__tqGjfiPKJftDUikjjLNA/1744755372737.mp4?AWSAccessKeyId=AKIA5CUMPJBIK65W6FGA&Expires=1744841781&Signature=8W9j66JN7uohzSAddbaCzg4eUTY%3D
2025-04-16 03:18:26,511 [INFO] Scrape request received: Query='valorant', Num URLs=10
2025-04-16 03:18:26,511 [INFO] Starting collection process for query: 'valorant'
2025-04-16 03:18:26,511 [INFO] Desired article count: 10
2025-04-16 03:18:28,102 [INFO] Google Search API returned 10 URLs
2025-04-16 03:18:28,103 [INFO] Blocked domain detected: www.reddit.com
2025-04-16 03:18:28,103 [INFO] Blocked domain detected: en.wikipedia.org
2025-04-16 03:18:28,103 [INFO] Blocked domain detected: x.com
2025-04-16 03:18:28,103 [INFO] Blocked domain detected: www.youtube.com
2025-04-16 03:18:28,104 [INFO] Filtered 4 blocked domains
2025-04-16 03:18:28,104 [INFO] Fetching robots.txt from https://playvalorant.com/robots.txt
2025-04-16 03:18:28,987 [INFO] Fetching robots.txt from https://playvalorant.com/robots.txt
2025-04-16 03:18:29,569 [INFO] Fetching robots.txt from https://www.riotgames.com/robots.txt
2025-04-16 03:18:30,428 [INFO] Fetching robots.txt from https://valorantesports.com/robots.txt
2025-04-16 03:18:31,089 [INFO] Fetching robots.txt from https://tracker.gg/robots.txt
2025-04-16 03:18:31,186 [INFO] Fetching robots.txt from https://technology.riotgames.com/robots.txt
2025-04-16 03:18:31,276 [INFO] Collected 6 unique URLs so far
2025-04-16 03:18:34,170 [INFO] Google Search API returned 10 URLs
2025-04-16 03:18:34,171 [INFO] Blocked domain detected: www.instagram.com
2025-04-16 03:18:34,171 [INFO] Filtered 1 blocked domains
2025-04-16 03:18:34,171 [INFO] Fetching robots.txt from https://store.epicgames.com/robots.txt
2025-04-16 03:18:34,535 [INFO] Non-200 response from https://store.epicgames.com/robots.txt: 403
2025-04-16 03:18:34,536 [INFO] Skipping https://store.epicgames.com/en-US/p/valorant as robots.txt could not be fetched.
2025-04-16 03:18:34,536 [INFO] Fetching robots.txt from https://open.spotify.com/robots.txt
2025-04-16 03:18:34,830 [INFO] Fetching robots.txt from https://columbiacougars.com/robots.txt
2025-04-16 03:18:35,864 [INFO] Fetching robots.txt from https://www.twitch.tv/robots.txt
2025-04-16 03:18:36,113 [INFO] Fetching robots.txt from https://support-valorant.riotgames.com/robots.txt
2025-04-16 03:18:36,206 [INFO] Fetching robots.txt from https://twitter.com/robots.txt
2025-04-16 03:18:41,936 [INFO] Timeout occurred while fetching https://twitter.com/robots.txt
2025-04-16 03:18:41,937 [INFO] Skipping https://twitter.com/ValorantEsports as robots.txt could not be fetched.
2025-04-16 03:18:41,937 [INFO] Fetching robots.txt from https://valorant.fandom.com/robots.txt
2025-04-16 03:18:42,077 [INFO] Fetching robots.txt from https://www.uakron.edu/robots.txt
2025-04-16 03:18:43,235 [INFO] Fetching robots.txt from https://www.facebook.com/robots.txt
2025-04-16 03:18:43,391 [INFO] Scraping not allowed for https://www.facebook.com/ValorantEsportsVietnam/ as per robots.txt.
2025-04-16 03:18:43,391 [INFO] Collected 14 unique URLs so far
2025-04-16 03:18:45,981 [INFO] Google Search API returned 10 URLs
2025-04-16 03:18:45,982 [INFO] Blocked domain detected: www.xbox.com
2025-04-16 03:18:45,982 [INFO] Filtered 1 blocked domains
2025-04-16 03:18:45,982 [INFO] Fetching robots.txt from https://www.playstation.com/robots.txt
2025-04-16 03:18:46,497 [INFO] Fetching robots.txt from https://www.jmu.edu/robots.txt
2025-04-16 03:18:47,408 [INFO] Fetching robots.txt from https://www.niu.edu/robots.txt
2025-04-16 03:18:48,325 [INFO] Fetching robots.txt from https://www.uaf.edu/robots.txt
2025-04-16 03:18:49,664 [INFO] Fetching robots.txt from https://www.brookdalecc.edu/robots.txt
2025-04-16 03:18:50,673 [INFO] Non-200 response from https://www.brookdalecc.edu/robots.txt: 403
2025-04-16 03:18:50,673 [INFO] Skipping https://www.brookdalecc.edu/brookdale-esports-valorant-team-are-national-champions/ as robots.txt could not be fetched.
2025-04-16 03:18:50,674 [INFO] Fetching robots.txt from https://www.winthrop.edu/robots.txt
2025-04-16 03:18:51,577 [INFO] Fetching robots.txt from https://liquipedia.net/robots.txt
2025-04-16 03:18:52,070 [INFO] Fetching robots.txt from https://valorant.com/robots.txt
2025-04-16 03:18:54,817 [INFO] Fetching robots.txt from https://www.vlr.gg/robots.txt
2025-04-16 03:18:55,793 [INFO] Non-200 response from https://www.vlr.gg/robots.txt: 404
2025-04-16 03:18:55,794 [INFO] Skipping https://www.vlr.gg/team/11328/funplus-phoenix as robots.txt could not be fetched.
2025-04-16 03:18:55,794 [INFO] Collected 23 unique URLs so far
2025-04-16 03:18:55,794 [INFO] Limited URL collection to 20
2025-04-16 03:18:55,795 [INFO] Scraping content from 20 collected URLs...
2025-04-16 03:18:56,193 [INFO] newspaper3k extracted low-quality content from https://valorant.fandom.com/wiki/VALORANT_Wiki, trying BeautifulSoup
2025-04-16 03:18:56,394 [INFO] Failed to extract meaningful content from https://valorant.fandom.com/wiki/VALORANT_Wiki
2025-04-16 03:19:08,817 [INFO] newspaper3k extracted low-quality content from https://www.winthrop.edu/esports/valorant-roster.aspx, trying BeautifulSoup
2025-04-16 03:19:08,838 [INFO] Failed to extract meaningful content from https://www.winthrop.edu/esports/valorant-roster.aspx
2025-04-16 03:19:08,884 [INFO] newspaper3k extracted low-quality content from https://columbiacougars.com/sports/valorant, trying BeautifulSoup
2025-04-16 03:19:08,904 [INFO] Failed to extract meaningful content from https://columbiacougars.com/sports/valorant
2025-04-16 03:19:09,000 [ERROR] Access denied to https://tracker.gg/valorant: HTTP 403 Forbidden.
2025-04-16 03:19:09,503 [INFO] newspaper3k extracted low-quality content from https://playvalorant.com/en-us/download/, trying BeautifulSoup
2025-04-16 03:19:09,509 [INFO] Failed to extract meaningful content from https://playvalorant.com/en-us/download/
2025-04-16 03:19:09,842 [INFO] newspaper3k extracted low-quality content from https://www.uaf.edu/esports/teams/valorant.php, trying BeautifulSoup
2025-04-16 03:19:09,862 [INFO] Failed to extract meaningful content from https://www.uaf.edu/esports/teams/valorant.php
2025-04-16 03:19:10,053 [INFO] newspaper3k extracted low-quality content from https://www.niu.edu/esports/play/varsity/valorant.shtml, trying BeautifulSoup
2025-04-16 03:19:10,074 [INFO] Failed to extract meaningful content from https://www.niu.edu/esports/play/varsity/valorant.shtml
2025-04-16 03:19:10,178 [INFO] newspaper3k extracted low-quality content from https://www.twitch.tv/valorant_pacific, trying BeautifulSoup
2025-04-16 03:19:10,183 [INFO] Failed to extract meaningful content from https://www.twitch.tv/valorant_pacific
2025-04-16 03:19:10,477 [INFO] newspaper3k extracted low-quality content from https://www.uakron.edu/esports/varsity/valorant, trying BeautifulSoup
2025-04-16 03:19:10,490 [INFO] Failed to extract meaningful content from https://www.uakron.edu/esports/varsity/valorant
2025-04-16 03:19:10,596 [ERROR] Access denied to https://www.brookdalecc.edu/brookdale-esports-valorant-team-are-national-champions/: HTTP 403 Forbidden.
2025-04-16 03:19:10,724 [INFO] newspaper3k extracted low-quality content from https://playvalorant.com/en-us/, trying BeautifulSoup
2025-04-16 03:19:10,734 [INFO] Failed to extract meaningful content from https://playvalorant.com/en-us/
2025-04-16 03:19:11,295 [ERROR] Access denied to https://store.epicgames.com/en-US/p/valorant: HTTP 403 Forbidden.
2025-04-16 03:19:11,627 [INFO] newspaper3k extracted low-quality content from https://www.playstation.com/en-us/games/valorant/, trying BeautifulSoup
2025-04-16 03:19:11,727 [INFO] newspaper3k extracted low-quality content from https://support-valorant.riotgames.com/hc/en-us, trying BeautifulSoup
2025-04-16 03:19:11,734 [INFO] Failed to extract meaningful content from https://support-valorant.riotgames.com/hc/en-us
2025-04-16 03:19:12,268 [INFO] newspaper3k extracted low-quality content from https://www.riotgames.com/en, trying BeautifulSoup
2025-04-16 03:19:12,284 [INFO] Failed to extract meaningful content from https://www.riotgames.com/en
2025-04-16 03:19:12,755 [INFO] newspaper3k extracted low-quality content from https://open.spotify.com/artist/3wrFoI9EVjWg6m8xXeWr5t, trying BeautifulSoup
2025-04-16 03:19:12,759 [INFO] Failed to extract meaningful content from https://open.spotify.com/artist/3wrFoI9EVjWg6m8xXeWr5t
2025-04-16 03:19:12,941 [INFO] newspaper3k extracted low-quality content from https://www.jmu.edu/jmuxlabs/esports/valorant.shtml, trying BeautifulSoup
2025-04-16 03:19:12,963 [INFO] Failed to extract meaningful content from https://www.jmu.edu/jmuxlabs/esports/valorant.shtml
2025-04-16 03:19:14,335 [INFO] newspaper3k extracted low-quality content from https://valorantesports.com/, trying BeautifulSoup
2025-04-16 03:19:14,424 [INFO] Failed to extract meaningful content from https://valorantesports.com/
2025-04-16 03:19:26,932 [WARNING] Error fetching article at https://twitter.com/ValorantEsports: . Retrying in 1.5s (1/3)...
2025-04-16 03:19:43,939 [WARNING] Error fetching article at https://twitter.com/ValorantEsports: . Retrying in 3.0s (2/3)...
2025-04-16 03:20:02,937 [ERROR] Max retries reached for https://twitter.com/ValorantEsports: 
2025-04-16 03:20:02,938 [INFO] Article 'VALORANT's 128-Tick Servers' added to valid articles.
2025-04-16 03:20:02,939 [INFO] Article 'Valorant - PS5 Games | PlayStation' added to valid articles.
2025-04-16 03:20:02,946 [INFO] Formatted content for summarization with 3990 words
2025-04-16 03:20:02,950 [INFO] Summarizing chunk 1/7
2025-04-16 03:20:05,445 [WARNING] Gemini generated a short summary (0 words), using fallback
2025-04-16 03:20:05,445 [INFO] Using extractive summarization fallback
2025-04-16 03:20:05,446 [INFO] Summarizing chunk 2/7
2025-04-16 03:20:07,387 [INFO] Summarizing chunk 3/7
2025-04-16 03:20:08,745 [INFO] Summarizing chunk 4/7
2025-04-16 03:20:10,010 [INFO] Summarizing chunk 5/7
2025-04-16 03:20:11,287 [INFO] Summarizing chunk 6/7
2025-04-16 03:20:12,380 [INFO] Summarizing chunk 7/7
2025-04-16 03:20:13,541 [WARNING] Gemini generated a short summary (17 words), using fallback
2025-04-16 03:20:13,541 [INFO] Using extractive summarization fallback
2025-04-16 03:20:16,643 [WARNING] Gemini generated a short summary (65 words), using fallback
2025-04-16 03:20:16,644 [INFO] Using extractive summarization fallback
2025-04-16 03:20:16,644 [INFO] Summarization completed in 13.69 seconds
2025-04-16 03:20:16,645 [INFO] Generated summary with 94 words.
2025-04-16 03:20:16,645 [WARNING] Generated summary is too short (94 words). Attempting to regenerate.
2025-04-16 03:20:21,174 [WARNING] Gemini generated a short summary (229 words), using fallback
2025-04-16 03:20:21,175 [INFO] Using extractive summarization fallback
2025-04-16 03:20:21,176 [INFO] Regenerated summary with 103 words.
2025-04-16 03:20:21,176 [WARNING] Summary remains short (103 words), returning as is.
2025-04-16 03:20:21,942 [INFO] HTTP Request: POST https://api.elevenlabs.io/v1/text-to-speech/JBFqnCBsd6RMkjVDRZzb/stream "HTTP/1.1 401 Unauthorized"
2025-04-16 03:20:21,943 [ERROR] Text-to-speech conversion failed: status_code: 401, body: {'detail': {'status': 'quota_exceeded', 'message': 'This request exceeds your quota of 10000. You have 40 credits remaining, while 558 credits are required for this request.'}}
2025-04-16 03:20:21,944 [INFO] Data written to output.json.
2025-04-16 03:20:22,621 [INFO] HTTP Request: POST https://ljrlwlsqivyghpshguee.supabase.co/rest/v1/Queries "HTTP/2 201 Created"
2025-04-16 03:25:33,451 [INFO] Create talk response: {
    "id": "tlk_Y7JKOWe8Poa5GC-GoTtF4",
    "created_at": "2025-04-15T22:25:32.919Z",
    "created_by": "google-oauth2|117463401681342987606",
    "status": "created",
    "object": "talk"
}
2025-04-16 03:25:33,451 [INFO] Polling for video status...
2025-04-16 03:25:34,340 [INFO] Poll 1: status = created
2025-04-16 03:25:37,285 [INFO] Poll 2: status = started
2025-04-16 03:25:40,174 [INFO] Poll 3: status = started
2025-04-16 03:25:43,068 [INFO] Poll 4: status = done
2025-04-16 03:25:43,069 [INFO] Video is ready! Video URL: https://d-id-talks-prod.s3.us-west-2.amazonaws.com/google-oauth2%7C117463401681342987606/tlk_Y7JKOWe8Poa5GC-GoTtF4/1744755932919.mp4?AWSAccessKeyId=AKIA5CUMPJBIK65W6FGA&Expires=1744842341&Signature=9tyei16MT2HcXjxbWqcX1GMdHE0%3D
2025-04-16 03:27:47,465 [INFO] Scrape request received: Query='valorant', Num URLs=10
2025-04-16 03:27:47,465 [INFO] Starting collection process for query: 'valorant'
2025-04-16 03:27:47,465 [INFO] Desired article count: 10
2025-04-16 03:27:49,028 [INFO] Google Search API returned 10 URLs
2025-04-16 03:27:49,029 [INFO] Blocked domain detected: www.reddit.com
2025-04-16 03:27:49,029 [INFO] Blocked domain detected: en.wikipedia.org
2025-04-16 03:27:49,029 [INFO] Blocked domain detected: x.com
2025-04-16 03:27:49,029 [INFO] Blocked domain detected: www.youtube.com
2025-04-16 03:27:49,029 [INFO] Filtered 4 blocked domains
2025-04-16 03:27:49,030 [INFO] Fetching robots.txt from https://playvalorant.com/robots.txt
2025-04-16 03:27:49,687 [INFO] Fetching robots.txt from https://playvalorant.com/robots.txt
2025-04-16 03:27:50,217 [INFO] Fetching robots.txt from https://www.riotgames.com/robots.txt
2025-04-16 03:27:51,074 [INFO] Fetching robots.txt from https://valorantesports.com/robots.txt
2025-04-16 03:27:51,626 [INFO] Fetching robots.txt from https://tracker.gg/robots.txt
2025-04-16 03:27:51,747 [INFO] Fetching robots.txt from https://technology.riotgames.com/robots.txt
2025-04-16 03:27:51,933 [INFO] Collected 6 unique URLs so far
2025-04-16 03:27:54,580 [INFO] Google Search API returned 10 URLs
2025-04-16 03:27:54,580 [INFO] Blocked domain detected: www.instagram.com
2025-04-16 03:27:54,580 [INFO] Filtered 1 blocked domains
2025-04-16 03:27:54,581 [INFO] Fetching robots.txt from https://store.epicgames.com/robots.txt
2025-04-16 03:27:55,079 [INFO] Non-200 response from https://store.epicgames.com/robots.txt: 403
2025-04-16 03:27:55,079 [INFO] Skipping https://store.epicgames.com/en-US/p/valorant as robots.txt could not be fetched.
2025-04-16 03:27:55,079 [INFO] Fetching robots.txt from https://open.spotify.com/robots.txt
2025-04-16 03:27:55,219 [INFO] Fetching robots.txt from https://columbiacougars.com/robots.txt
2025-04-16 03:27:56,273 [INFO] Fetching robots.txt from https://www.twitch.tv/robots.txt
2025-04-16 03:27:56,522 [INFO] Fetching robots.txt from https://support-valorant.riotgames.com/robots.txt
2025-04-16 03:27:56,717 [INFO] Fetching robots.txt from https://twitter.com/robots.txt
2025-04-16 03:28:01,950 [INFO] Timeout occurred while fetching https://twitter.com/robots.txt
2025-04-16 03:28:01,950 [INFO] Skipping https://twitter.com/ValorantEsports as robots.txt could not be fetched.
2025-04-16 03:28:01,951 [INFO] Fetching robots.txt from https://valorant.fandom.com/robots.txt
2025-04-16 03:28:02,198 [INFO] Fetching robots.txt from https://www.uakron.edu/robots.txt
2025-04-16 03:28:03,581 [INFO] Fetching robots.txt from https://www.facebook.com/robots.txt
2025-04-16 03:28:03,722 [INFO] Scraping not allowed for https://www.facebook.com/ValorantEsportsVietnam/ as per robots.txt.
2025-04-16 03:28:03,722 [INFO] Collected 14 unique URLs so far
2025-04-16 03:28:06,368 [INFO] Google Search API returned 10 URLs
2025-04-16 03:28:06,369 [INFO] Blocked domain detected: www.xbox.com
2025-04-16 03:28:06,369 [INFO] Filtered 1 blocked domains
2025-04-16 03:28:06,369 [INFO] Fetching robots.txt from https://www.playstation.com/robots.txt
2025-04-16 03:28:06,919 [INFO] Fetching robots.txt from https://www.jmu.edu/robots.txt
2025-04-16 03:28:07,817 [INFO] Fetching robots.txt from https://www.niu.edu/robots.txt
2025-04-16 03:28:08,709 [INFO] Fetching robots.txt from https://www.uaf.edu/robots.txt
2025-04-16 03:28:10,482 [INFO] Fetching robots.txt from https://www.brookdalecc.edu/robots.txt
2025-04-16 03:28:10,950 [INFO] Non-200 response from https://www.brookdalecc.edu/robots.txt: 403
2025-04-16 03:28:10,951 [INFO] Skipping https://www.brookdalecc.edu/brookdale-esports-valorant-team-are-national-champions/ as robots.txt could not be fetched.
2025-04-16 03:28:10,951 [INFO] Fetching robots.txt from https://www.winthrop.edu/robots.txt
2025-04-16 03:28:11,890 [INFO] Fetching robots.txt from https://liquipedia.net/robots.txt
2025-04-16 03:28:12,414 [INFO] Fetching robots.txt from https://valorant.com/robots.txt
2025-04-16 03:28:14,754 [INFO] Fetching robots.txt from https://www.vlr.gg/robots.txt
2025-04-16 03:28:15,640 [INFO] Non-200 response from https://www.vlr.gg/robots.txt: 404
2025-04-16 03:28:15,640 [INFO] Skipping https://www.vlr.gg/team/11328/funplus-phoenix as robots.txt could not be fetched.
2025-04-16 03:28:15,640 [INFO] Collected 23 unique URLs so far
2025-04-16 03:28:15,641 [INFO] Limited URL collection to 20
2025-04-16 03:28:15,641 [INFO] Scraping content from 20 collected URLs...
2025-04-16 03:28:16,302 [INFO] newspaper3k extracted low-quality content from https://valorant.fandom.com/wiki/VALORANT_Wiki, trying BeautifulSoup
2025-04-16 03:28:16,396 [INFO] Failed to extract meaningful content from https://valorant.fandom.com/wiki/VALORANT_Wiki
2025-04-16 03:28:31,610 [INFO] newspaper3k extracted low-quality content from https://www.winthrop.edu/esports/valorant-roster.aspx, trying BeautifulSoup
2025-04-16 03:28:31,631 [INFO] Failed to extract meaningful content from https://www.winthrop.edu/esports/valorant-roster.aspx
2025-04-16 03:28:31,635 [WARNING] Error fetching article at https://www.uaf.edu/esports/teams/valorant.php: . Retrying in 1.5s (1/3)...
2025-04-16 03:28:31,735 [ERROR] Access denied to https://tracker.gg/valorant: HTTP 403 Forbidden.
2025-04-16 03:28:31,952 [WARNING] Error fetching article at https://columbiacougars.com/sports/valorant: . Retrying in 1.5s (1/3)...
2025-04-16 03:28:32,276 [INFO] newspaper3k extracted low-quality content from https://playvalorant.com/en-us/, trying BeautifulSoup
2025-04-16 03:28:32,286 [INFO] Failed to extract meaningful content from https://playvalorant.com/en-us/
2025-04-16 03:28:32,585 [INFO] newspaper3k extracted low-quality content from https://www.twitch.tv/valorant_pacific, trying BeautifulSoup
2025-04-16 03:28:32,589 [INFO] Failed to extract meaningful content from https://www.twitch.tv/valorant_pacific
2025-04-16 03:28:32,764 [INFO] newspaper3k extracted low-quality content from https://www.niu.edu/esports/play/varsity/valorant.shtml, trying BeautifulSoup
2025-04-16 03:28:32,785 [INFO] Failed to extract meaningful content from https://www.niu.edu/esports/play/varsity/valorant.shtml
2025-04-16 03:28:32,877 [INFO] newspaper3k extracted low-quality content from https://www.uakron.edu/esports/varsity/valorant, trying BeautifulSoup
2025-04-16 03:28:32,890 [INFO] Failed to extract meaningful content from https://www.uakron.edu/esports/varsity/valorant
2025-04-16 03:28:32,986 [ERROR] Access denied to https://www.brookdalecc.edu/brookdale-esports-valorant-team-are-national-champions/: HTTP 403 Forbidden.
2025-04-16 03:28:33,297 [INFO] newspaper3k extracted low-quality content from https://playvalorant.com/en-us/download/, trying BeautifulSoup
2025-04-16 03:28:33,301 [INFO] Failed to extract meaningful content from https://playvalorant.com/en-us/download/
2025-04-16 03:28:33,649 [ERROR] Access denied to https://store.epicgames.com/en-US/p/valorant: HTTP 403 Forbidden.
2025-04-16 03:28:33,924 [INFO] newspaper3k extracted low-quality content from https://support-valorant.riotgames.com/hc/en-us, trying BeautifulSoup
2025-04-16 03:28:33,931 [INFO] Failed to extract meaningful content from https://support-valorant.riotgames.com/hc/en-us
2025-04-16 03:28:34,191 [INFO] newspaper3k extracted low-quality content from https://www.playstation.com/en-us/games/valorant/, trying BeautifulSoup
2025-04-16 03:28:34,618 [INFO] newspaper3k extracted low-quality content from https://www.riotgames.com/en, trying BeautifulSoup
2025-04-16 03:28:34,632 [INFO] Failed to extract meaningful content from https://www.riotgames.com/en
2025-04-16 03:28:35,067 [INFO] newspaper3k extracted low-quality content from https://open.spotify.com/artist/3wrFoI9EVjWg6m8xXeWr5t, trying BeautifulSoup
2025-04-16 03:28:35,070 [INFO] Failed to extract meaningful content from https://open.spotify.com/artist/3wrFoI9EVjWg6m8xXeWr5t
2025-04-16 03:28:35,185 [INFO] newspaper3k extracted low-quality content from https://www.jmu.edu/jmuxlabs/esports/valorant.shtml, trying BeautifulSoup
2025-04-16 03:28:35,204 [INFO] Failed to extract meaningful content from https://www.jmu.edu/jmuxlabs/esports/valorant.shtml
2025-04-16 03:28:36,250 [INFO] newspaper3k extracted low-quality content from https://valorantesports.com/, trying BeautifulSoup
2025-04-16 03:28:36,327 [INFO] Failed to extract meaningful content from https://valorantesports.com/
2025-04-16 03:28:37,340 [INFO] newspaper3k extracted low-quality content from https://www.uaf.edu/esports/teams/valorant.php, trying BeautifulSoup
2025-04-16 03:28:37,437 [INFO] Failed to extract meaningful content from https://www.uaf.edu/esports/teams/valorant.php
2025-04-16 03:28:37,879 [INFO] newspaper3k extracted low-quality content from https://columbiacougars.com/sports/valorant, trying BeautifulSoup
2025-04-16 03:28:37,893 [INFO] Failed to extract meaningful content from https://columbiacougars.com/sports/valorant
2025-04-16 03:28:49,958 [WARNING] Error fetching article at https://twitter.com/ValorantEsports: . Retrying in 1.5s (1/3)...
2025-04-16 03:29:06,941 [WARNING] Error fetching article at https://twitter.com/ValorantEsports: . Retrying in 3.0s (2/3)...
2025-04-16 03:29:25,931 [ERROR] Max retries reached for https://twitter.com/ValorantEsports: 
2025-04-16 03:29:25,932 [INFO] Article 'VALORANT's 128-Tick Servers' added to valid articles.
2025-04-16 03:29:25,932 [INFO] Article 'Valorant - PS5 Games | PlayStation' added to valid articles.
2025-04-16 03:29:25,936 [INFO] Formatted content for summarization with 3990 words
2025-04-16 03:29:25,940 [INFO] Summarizing chunk 1/7
2025-04-16 03:29:28,086 [WARNING] Gemini generated a short summary (0 words), using fallback
2025-04-16 03:29:28,087 [INFO] Using extractive summarization fallback
2025-04-16 03:29:28,087 [INFO] Summarizing chunk 2/7
2025-04-16 03:29:29,258 [WARNING] Gemini generated a short summary (31 words), using fallback
2025-04-16 03:29:29,258 [INFO] Using extractive summarization fallback
2025-04-16 03:29:29,258 [INFO] Summarizing chunk 3/7
2025-04-16 03:29:30,595 [INFO] Summarizing chunk 4/7
2025-04-16 03:29:31,677 [INFO] Summarizing chunk 5/7
2025-04-16 03:29:32,935 [INFO] Summarizing chunk 6/7
2025-04-16 03:29:34,087 [INFO] Summarizing chunk 7/7
2025-04-16 03:29:35,120 [WARNING] Gemini generated a short summary (17 words), using fallback
2025-04-16 03:29:35,121 [INFO] Using extractive summarization fallback
2025-04-16 03:29:38,409 [WARNING] Gemini generated a short summary (96 words), using fallback
2025-04-16 03:29:38,409 [INFO] Using extractive summarization fallback
2025-04-16 03:29:38,411 [INFO] Summarization completed in 12.47 seconds
2025-04-16 03:29:38,411 [INFO] Generated summary with 226 words.
2025-04-16 03:29:38,411 [WARNING] Generated summary is too short (226 words). Attempting to regenerate.
2025-04-16 03:29:43,383 [WARNING] Gemini generated a short summary (276 words), using fallback
2025-04-16 03:29:43,383 [INFO] Using extractive summarization fallback
2025-04-16 03:29:43,385 [INFO] Regenerated summary with 103 words.
2025-04-16 03:29:43,385 [WARNING] Summary remains short (226 words), returning as is.
2025-04-16 03:29:44,280 [INFO] HTTP Request: POST https://api.elevenlabs.io/v1/text-to-speech/JBFqnCBsd6RMkjVDRZzb/stream "HTTP/1.1 401 Unauthorized"
2025-04-16 03:29:44,280 [ERROR] Text-to-speech conversion failed: status_code: 401, body: {'detail': {'status': 'quota_exceeded', 'message': 'This request exceeds your quota of 10000. You have 40 credits remaining, while 1380 credits are required for this request.'}}
2025-04-16 03:29:44,281 [INFO] Data written to output.json.
2025-04-16 03:29:44,906 [INFO] HTTP Request: POST https://ljrlwlsqivyghpshguee.supabase.co/rest/v1/Queries "HTTP/2 201 Created"
2025-04-16 03:37:47,646 [INFO] Create talk response: {
    "id": "tlk_DWyELziIsquuueQAFEnRM",
    "created_at": "2025-04-15T22:37:47.152Z",
    "created_by": "google-oauth2|117463401681342987606",
    "status": "created",
    "object": "talk"
}
2025-04-16 03:37:47,647 [INFO] Polling for video status...
2025-04-16 03:37:48,552 [INFO] Poll 1: status = started
2025-04-16 03:37:51,475 [INFO] Poll 2: status = started
2025-04-16 03:37:54,434 [INFO] Poll 3: status = started
2025-04-16 03:37:57,397 [INFO] Poll 4: status = done
2025-04-16 03:37:57,397 [INFO] Video is ready! Video URL: https://d-id-talks-prod.s3.us-west-2.amazonaws.com/google-oauth2%7C117463401681342987606/tlk_DWyELziIsquuueQAFEnRM/1744756667152.mp4?AWSAccessKeyId=AKIA5CUMPJBIK65W6FGA&Expires=1744843075&Signature=ikHi8p0riuQ%2F0voqclnuCcU3RuI%3D
2025-04-16 03:50:40,716 [INFO] Configuration loaded successfully
2025-04-16 03:50:41,160 [INFO] Gemini model initialized successfully
2025-04-16 03:50:42,232 [INFO] Using Supabase URL: https://ljrlwlsqivyghpshguee.supabase.co
2025-04-16 03:50:42,233 [INFO] API Key found (masked): eyJh********************************************************************************************************************************************************************************************************K5Tg
2025-04-16 03:50:42,233 [INFO] Supabase username and password found in environment variables
2025-04-16 03:50:42,537 [INFO] Supabase client initialized successfully
2025-04-16 03:50:42,807 [INFO] Successfully created Supabase client
2025-04-16 03:50:43,454 [INFO] HTTP Request: GET https://ljrlwlsqivyghpshguee.supabase.co/rest/v1/Users?select=count&limit=1 "HTTP/2 200 OK"
2025-04-16 03:50:43,460 [INFO] Successfully connected to Supabase
2025-04-16 03:50:43,460 [INFO] Successfully connected to Supabase at startup
2025-04-16 03:50:52,549 [INFO] Scrape request received: Query='valorant', Num URLs=10
2025-04-16 03:50:52,550 [INFO] Starting collection process for query: 'valorant'
2025-04-16 03:50:52,550 [INFO] Desired article count: 10
2025-04-16 03:50:54,164 [INFO] Google Search API returned 10 URLs
2025-04-16 03:50:54,164 [INFO] Blocked domain detected: www.reddit.com
2025-04-16 03:50:54,164 [INFO] Blocked domain detected: en.wikipedia.org
2025-04-16 03:50:54,164 [INFO] Blocked domain detected: x.com
2025-04-16 03:50:54,165 [INFO] Blocked domain detected: www.youtube.com
2025-04-16 03:50:54,165 [INFO] Filtered 4 blocked domains
2025-04-16 03:50:54,165 [INFO] Fetching robots.txt from https://playvalorant.com/robots.txt
2025-04-16 03:50:55,100 [INFO] Fetching robots.txt from https://playvalorant.com/robots.txt
2025-04-16 03:50:55,657 [INFO] Fetching robots.txt from https://www.riotgames.com/robots.txt
2025-04-16 03:50:56,523 [INFO] Fetching robots.txt from https://valorantesports.com/robots.txt
2025-04-16 03:50:57,400 [INFO] Fetching robots.txt from https://tracker.gg/robots.txt
2025-04-16 03:50:57,516 [INFO] Fetching robots.txt from https://technology.riotgames.com/robots.txt
2025-04-16 03:50:57,686 [INFO] Collected 6 unique URLs so far
2025-04-16 03:51:00,299 [INFO] Google Search API returned 10 URLs
2025-04-16 03:51:00,300 [INFO] Blocked domain detected: www.instagram.com
2025-04-16 03:51:00,300 [INFO] Filtered 1 blocked domains
2025-04-16 03:51:00,300 [INFO] Fetching robots.txt from https://store.epicgames.com/robots.txt
2025-04-16 03:51:00,787 [INFO] Non-200 response from https://store.epicgames.com/robots.txt: 403
2025-04-16 03:51:00,787 [INFO] Skipping https://store.epicgames.com/en-US/p/valorant as robots.txt could not be fetched.
2025-04-16 03:51:00,787 [INFO] Fetching robots.txt from https://open.spotify.com/robots.txt
2025-04-16 03:51:00,981 [INFO] Fetching robots.txt from https://columbiacougars.com/robots.txt
2025-04-16 03:51:02,024 [INFO] Fetching robots.txt from https://www.twitch.tv/robots.txt
2025-04-16 03:51:02,270 [INFO] Fetching robots.txt from https://support-valorant.riotgames.com/robots.txt
2025-04-16 03:51:02,476 [INFO] Fetching robots.txt from https://twitter.com/robots.txt
2025-04-16 03:51:07,939 [INFO] Timeout occurred while fetching https://twitter.com/robots.txt
2025-04-16 03:51:07,939 [INFO] Skipping https://twitter.com/ValorantEsports as robots.txt could not be fetched.
2025-04-16 03:51:07,940 [INFO] Fetching robots.txt from https://valorant.fandom.com/robots.txt
2025-04-16 03:51:08,181 [INFO] Fetching robots.txt from https://www.uakron.edu/robots.txt
2025-04-16 03:51:09,482 [INFO] Fetching robots.txt from https://www.facebook.com/robots.txt
2025-04-16 03:51:09,634 [INFO] Scraping not allowed for https://www.facebook.com/ValorantEsportsVietnam/ as per robots.txt.
2025-04-16 03:51:09,634 [INFO] Collected 14 unique URLs so far
2025-04-16 03:51:12,263 [INFO] Google Search API returned 10 URLs
2025-04-16 03:51:12,264 [INFO] Blocked domain detected: www.xbox.com
2025-04-16 03:51:12,264 [INFO] Filtered 1 blocked domains
2025-04-16 03:51:12,264 [INFO] Fetching robots.txt from https://www.playstation.com/robots.txt
2025-04-16 03:51:13,492 [INFO] Fetching robots.txt from https://www.jmu.edu/robots.txt
2025-04-16 03:51:14,825 [INFO] Fetching robots.txt from https://www.niu.edu/robots.txt
2025-04-16 03:51:15,762 [INFO] Fetching robots.txt from https://www.uaf.edu/robots.txt
2025-04-16 03:51:17,672 [INFO] Fetching robots.txt from https://www.brookdalecc.edu/robots.txt
2025-04-16 03:51:18,261 [INFO] Non-200 response from https://www.brookdalecc.edu/robots.txt: 403
2025-04-16 03:51:18,261 [INFO] Skipping https://www.brookdalecc.edu/brookdale-esports-valorant-team-are-national-champions/ as robots.txt could not be fetched.
2025-04-16 03:51:18,262 [INFO] Fetching robots.txt from https://www.winthrop.edu/robots.txt
2025-04-16 03:51:19,498 [INFO] Fetching robots.txt from https://liquipedia.net/robots.txt
2025-04-16 03:51:20,003 [INFO] Fetching robots.txt from https://valorant.com/robots.txt
2025-04-16 03:51:22,226 [INFO] Fetching robots.txt from https://www.vlr.gg/robots.txt
2025-04-16 03:51:23,112 [INFO] Non-200 response from https://www.vlr.gg/robots.txt: 404
2025-04-16 03:51:23,112 [INFO] Skipping https://www.vlr.gg/team/11328/funplus-phoenix as robots.txt could not be fetched.
2025-04-16 03:51:23,112 [INFO] Collected 23 unique URLs so far
2025-04-16 03:51:23,114 [INFO] Limited URL collection to 20
2025-04-16 03:51:23,114 [INFO] Scraping content from 20 collected URLs...
2025-04-16 03:51:23,863 [INFO] newspaper3k extracted low-quality content from https://playvalorant.com/en-us/, trying BeautifulSoup
2025-04-16 03:51:23,873 [INFO] Failed to extract meaningful content from https://playvalorant.com/en-us/
2025-04-16 03:51:24,040 [INFO] newspaper3k extracted low-quality content from https://valorantesports.com/, trying BeautifulSoup
2025-04-16 03:51:24,126 [INFO] Failed to extract meaningful content from https://valorantesports.com/
2025-04-16 03:51:24,172 [INFO] newspaper3k extracted low-quality content from https://www.niu.edu/esports/play/varsity/valorant.shtml, trying BeautifulSoup
2025-04-16 03:51:24,197 [INFO] Failed to extract meaningful content from https://www.niu.edu/esports/play/varsity/valorant.shtml
2025-04-16 03:51:24,286 [ERROR] Access denied to https://tracker.gg/valorant: HTTP 403 Forbidden.
2025-04-16 03:51:24,567 [INFO] newspaper3k extracted low-quality content from https://valorant.fandom.com/wiki/VALORANT_Wiki, trying BeautifulSoup
2025-04-16 03:51:24,670 [INFO] Failed to extract meaningful content from https://valorant.fandom.com/wiki/VALORANT_Wiki
2025-04-16 03:51:25,573 [INFO] newspaper3k extracted low-quality content from https://www.uakron.edu/esports/varsity/valorant, trying BeautifulSoup
2025-04-16 03:51:25,586 [INFO] Failed to extract meaningful content from https://www.uakron.edu/esports/varsity/valorant
2025-04-16 03:51:25,890 [INFO] newspaper3k extracted low-quality content from https://www.twitch.tv/valorant_pacific, trying BeautifulSoup
2025-04-16 03:51:25,895 [INFO] Failed to extract meaningful content from https://www.twitch.tv/valorant_pacific
2025-04-16 03:51:25,997 [INFO] newspaper3k extracted low-quality content from https://columbiacougars.com/sports/valorant, trying BeautifulSoup
2025-04-16 03:51:26,012 [INFO] Failed to extract meaningful content from https://columbiacougars.com/sports/valorant
2025-04-16 03:51:26,345 [INFO] newspaper3k extracted low-quality content from https://www.uaf.edu/esports/teams/valorant.php, trying BeautifulSoup
2025-04-16 03:51:26,362 [INFO] Failed to extract meaningful content from https://www.uaf.edu/esports/teams/valorant.php
2025-04-16 03:51:26,415 [INFO] newspaper3k extracted low-quality content from https://playvalorant.com/en-us/download/, trying BeautifulSoup
2025-04-16 03:51:26,418 [INFO] Failed to extract meaningful content from https://playvalorant.com/en-us/download/
2025-04-16 03:51:26,456 [ERROR] Access denied to https://www.brookdalecc.edu/brookdale-esports-valorant-team-are-national-champions/: HTTP 403 Forbidden.
2025-04-16 03:51:27,057 [INFO] newspaper3k extracted low-quality content from https://support-valorant.riotgames.com/hc/en-us, trying BeautifulSoup
2025-04-16 03:51:27,065 [INFO] Failed to extract meaningful content from https://support-valorant.riotgames.com/hc/en-us
2025-04-16 03:51:27,401 [ERROR] Access denied to https://store.epicgames.com/en-US/p/valorant: HTTP 403 Forbidden.
2025-04-16 03:51:27,803 [INFO] newspaper3k extracted low-quality content from https://www.playstation.com/en-us/games/valorant/, trying BeautifulSoup
2025-04-16 03:51:27,920 [INFO] newspaper3k extracted low-quality content from https://www.riotgames.com/en, trying BeautifulSoup
2025-04-16 03:51:27,936 [INFO] Failed to extract meaningful content from https://www.riotgames.com/en
2025-04-16 03:51:40,920 [INFO] newspaper3k extracted low-quality content from https://www.winthrop.edu/esports/valorant-roster.aspx, trying BeautifulSoup
2025-04-16 03:51:40,942 [INFO] Failed to extract meaningful content from https://www.winthrop.edu/esports/valorant-roster.aspx
2025-04-16 03:51:41,131 [INFO] newspaper3k extracted low-quality content from https://www.jmu.edu/jmuxlabs/esports/valorant.shtml, trying BeautifulSoup
2025-04-16 03:51:41,174 [INFO] Failed to extract meaningful content from https://www.jmu.edu/jmuxlabs/esports/valorant.shtml
2025-04-16 03:51:41,569 [INFO] newspaper3k extracted low-quality content from https://open.spotify.com/artist/3wrFoI9EVjWg6m8xXeWr5t, trying BeautifulSoup
2025-04-16 03:51:41,572 [INFO] Failed to extract meaningful content from https://open.spotify.com/artist/3wrFoI9EVjWg6m8xXeWr5t
2025-04-16 03:51:42,960 [WARNING] Error fetching article at https://twitter.com/ValorantEsports: . Retrying in 1.5s (1/3)...
2025-04-16 03:51:59,955 [WARNING] Error fetching article at https://twitter.com/ValorantEsports: . Retrying in 3.0s (2/3)...
2025-04-16 03:52:17,932 [ERROR] Max retries reached for https://twitter.com/ValorantEsports: 
2025-04-16 03:52:17,934 [INFO] Article 'VALORANT's 128-Tick Servers' added to valid articles.
2025-04-16 03:52:17,935 [INFO] Article 'Valorant - PS5 Games | PlayStation' added to valid articles.
2025-04-16 03:52:17,945 [INFO] Formatted content for summarization with 3990 words
2025-04-16 03:52:17,949 [INFO] Summarizing chunk 1/7
2025-04-16 03:52:20,224 [WARNING] Gemini generated a short summary (0 words), using fallback
2025-04-16 03:52:20,225 [INFO] Using extractive summarization fallback
2025-04-16 03:52:20,225 [INFO] Summarizing chunk 2/7
2025-04-16 03:52:21,451 [INFO] Summarizing chunk 3/7
2025-04-16 03:52:22,829 [INFO] Summarizing chunk 4/7
2025-04-16 03:52:23,950 [INFO] Summarizing chunk 5/7
2025-04-16 03:52:25,159 [INFO] Summarizing chunk 6/7
2025-04-16 03:52:26,195 [INFO] Summarizing chunk 7/7
2025-04-16 03:52:27,172 [WARNING] Gemini generated a short summary (0 words), using fallback
2025-04-16 03:52:27,172 [INFO] Using extractive summarization fallback
2025-04-16 03:52:30,368 [WARNING] Gemini generated a short summary (153 words), using fallback
2025-04-16 03:52:30,368 [INFO] Using extractive summarization fallback
2025-04-16 03:52:30,369 [INFO] Summarization completed in 12.42 seconds
2025-04-16 03:52:30,369 [INFO] Generated summary with 99 words.
2025-04-16 03:52:30,369 [WARNING] Generated summary is too short (99 words). Attempting to regenerate.
2025-04-16 03:52:34,345 [WARNING] Gemini generated a short summary (191 words), using fallback
2025-04-16 03:52:34,345 [INFO] Using extractive summarization fallback
2025-04-16 03:52:34,346 [INFO] Regenerated summary with 103 words.
2025-04-16 03:52:34,347 [WARNING] Summary remains short (103 words), returning as is.
2025-04-16 03:52:34,984 [INFO] HTTP Request: POST https://api.elevenlabs.io/v1/text-to-speech/JBFqnCBsd6RMkjVDRZzb/stream "HTTP/1.1 401 Unauthorized"
2025-04-16 03:52:34,984 [ERROR] Text-to-speech conversion failed: status_code: 401, body: {'detail': {'status': 'quota_exceeded', 'message': 'This request exceeds your quota of 10000. You have 40 credits remaining, while 558 credits are required for this request.'}}
2025-04-16 03:52:34,985 [INFO] Data written to output.json.
2025-04-16 03:52:35,639 [INFO] HTTP Request: POST https://ljrlwlsqivyghpshguee.supabase.co/rest/v1/Queries "HTTP/2 201 Created"
2025-04-16 03:55:01,547 [INFO] Configuration loaded successfully
2025-04-16 03:55:02,165 [INFO] Gemini model initialized successfully
2025-04-16 03:55:03,015 [INFO] Using Supabase URL: https://ljrlwlsqivyghpshguee.supabase.co
2025-04-16 03:55:03,015 [INFO] API Key found (masked): eyJh********************************************************************************************************************************************************************************************************K5Tg
2025-04-16 03:55:03,015 [INFO] Supabase username and password found in environment variables
2025-04-16 03:55:03,271 [INFO] Supabase client initialized successfully
2025-04-16 03:55:03,522 [INFO] Successfully created Supabase client
2025-04-16 03:55:04,207 [INFO] HTTP Request: GET https://ljrlwlsqivyghpshguee.supabase.co/rest/v1/Users?select=count&limit=1 "HTTP/2 200 OK"
2025-04-16 03:55:04,212 [INFO] Successfully connected to Supabase
2025-04-16 03:55:04,212 [INFO] Successfully connected to Supabase at startup
2025-04-16 03:55:26,536 [INFO] Scrape request received: Query='valorant', Num URLs=10
2025-04-16 03:55:26,536 [INFO] Starting collection process for query: 'valorant'
2025-04-16 03:55:26,537 [INFO] Desired article count: 10
2025-04-16 03:55:28,112 [INFO] Google Search API returned 10 URLs
2025-04-16 03:55:28,113 [INFO] Blocked domain detected: www.reddit.com
2025-04-16 03:55:28,113 [INFO] Blocked domain detected: en.wikipedia.org
2025-04-16 03:55:28,113 [INFO] Blocked domain detected: x.com
2025-04-16 03:55:28,113 [INFO] Blocked domain detected: www.youtube.com
2025-04-16 03:55:28,113 [INFO] Filtered 4 blocked domains
2025-04-16 03:55:28,114 [INFO] Fetching robots.txt from https://playvalorant.com/robots.txt
2025-04-16 03:55:28,707 [INFO] Fetching robots.txt from https://playvalorant.com/robots.txt
2025-04-16 03:55:29,251 [INFO] Fetching robots.txt from https://www.riotgames.com/robots.txt
2025-04-16 03:55:30,175 [INFO] Fetching robots.txt from https://valorantesports.com/robots.txt
2025-04-16 03:55:30,592 [INFO] Fetching robots.txt from https://tracker.gg/robots.txt
2025-04-16 03:55:30,685 [INFO] Fetching robots.txt from https://technology.riotgames.com/robots.txt
2025-04-16 03:55:30,774 [INFO] Collected 6 unique URLs so far
2025-04-16 03:55:33,372 [INFO] Google Search API returned 10 URLs
2025-04-16 03:55:33,372 [INFO] Blocked domain detected: www.instagram.com
2025-04-16 03:55:33,372 [INFO] Filtered 1 blocked domains
2025-04-16 03:55:33,372 [INFO] Fetching robots.txt from https://store.epicgames.com/robots.txt
2025-04-16 03:55:34,014 [INFO] Non-200 response from https://store.epicgames.com/robots.txt: 403
2025-04-16 03:55:34,015 [INFO] Skipping https://store.epicgames.com/en-US/p/valorant as robots.txt could not be fetched.
2025-04-16 03:55:34,015 [INFO] Fetching robots.txt from https://open.spotify.com/robots.txt
2025-04-16 03:55:34,153 [INFO] Fetching robots.txt from https://columbiacougars.com/robots.txt
2025-04-16 03:55:35,158 [INFO] Fetching robots.txt from https://www.twitch.tv/robots.txt
2025-04-16 03:55:35,404 [INFO] Fetching robots.txt from https://support-valorant.riotgames.com/robots.txt
2025-04-16 03:55:35,507 [INFO] Fetching robots.txt from https://twitter.com/robots.txt
2025-04-16 03:55:40,949 [INFO] Timeout occurred while fetching https://twitter.com/robots.txt
2025-04-16 03:55:40,949 [INFO] Skipping https://twitter.com/ValorantEsports as robots.txt could not be fetched.
2025-04-16 03:55:40,949 [INFO] Fetching robots.txt from https://valorant.fandom.com/robots.txt
2025-04-16 03:55:41,194 [INFO] Fetching robots.txt from https://www.uakron.edu/robots.txt
2025-04-16 03:55:42,499 [INFO] Fetching robots.txt from https://www.facebook.com/robots.txt
2025-04-16 03:55:42,656 [INFO] Scraping not allowed for https://www.facebook.com/ValorantEsportsVietnam/ as per robots.txt.
2025-04-16 03:55:42,656 [INFO] Collected 14 unique URLs so far
2025-04-16 03:55:45,232 [INFO] Google Search API returned 10 URLs
2025-04-16 03:55:45,233 [INFO] Blocked domain detected: www.xbox.com
2025-04-16 03:55:45,233 [INFO] Filtered 1 blocked domains
2025-04-16 03:55:45,233 [INFO] Fetching robots.txt from https://www.playstation.com/robots.txt
2025-04-16 03:55:45,739 [INFO] Fetching robots.txt from https://www.jmu.edu/robots.txt
2025-04-16 03:55:46,612 [INFO] Fetching robots.txt from https://www.niu.edu/robots.txt
2025-04-16 03:55:47,507 [INFO] Fetching robots.txt from https://www.uaf.edu/robots.txt
2025-04-16 03:55:48,826 [INFO] Fetching robots.txt from https://www.brookdalecc.edu/robots.txt
2025-04-16 03:55:49,790 [INFO] Non-200 response from https://www.brookdalecc.edu/robots.txt: 403
2025-04-16 03:55:49,791 [INFO] Skipping https://www.brookdalecc.edu/brookdale-esports-valorant-team-are-national-champions/ as robots.txt could not be fetched.
2025-04-16 03:55:49,791 [INFO] Fetching robots.txt from https://www.winthrop.edu/robots.txt
2025-04-16 03:55:54,932 [INFO] Timeout occurred while fetching https://www.winthrop.edu/robots.txt
2025-04-16 03:55:54,932 [INFO] Skipping https://www.winthrop.edu/esports/valorant-roster.aspx as robots.txt could not be fetched.
2025-04-16 03:55:54,932 [INFO] Fetching robots.txt from https://liquipedia.net/robots.txt
2025-04-16 03:55:55,429 [INFO] Fetching robots.txt from https://valorant.com/robots.txt
2025-04-16 03:55:58,217 [INFO] Fetching robots.txt from https://www.vlr.gg/robots.txt
2025-04-16 03:55:59,148 [INFO] Non-200 response from https://www.vlr.gg/robots.txt: 404
2025-04-16 03:55:59,148 [INFO] Skipping https://www.vlr.gg/team/11328/funplus-phoenix as robots.txt could not be fetched.
2025-04-16 03:55:59,148 [INFO] Collected 23 unique URLs so far
2025-04-16 03:55:59,149 [INFO] Limited URL collection to 20
2025-04-16 03:55:59,149 [INFO] Scraping content from 20 collected URLs...
2025-04-16 03:56:00,162 [INFO] newspaper3k extracted low-quality content from https://www.niu.edu/esports/play/varsity/valorant.shtml, trying BeautifulSoup
2025-04-16 03:56:00,184 [INFO] Failed to extract meaningful content from https://www.niu.edu/esports/play/varsity/valorant.shtml
2025-04-16 03:56:00,214 [INFO] newspaper3k extracted low-quality content from https://playvalorant.com/en-us/, trying BeautifulSoup
2025-04-16 03:56:00,225 [INFO] Failed to extract meaningful content from https://playvalorant.com/en-us/
2025-04-16 03:56:00,510 [INFO] newspaper3k extracted low-quality content from https://valorantesports.com/, trying BeautifulSoup
2025-04-16 03:56:00,587 [INFO] Failed to extract meaningful content from https://valorantesports.com/
2025-04-16 03:56:00,796 [INFO] newspaper3k extracted low-quality content from https://valorant.fandom.com/wiki/VALORANT_Wiki, trying BeautifulSoup
2025-04-16 03:56:00,889 [INFO] Failed to extract meaningful content from https://valorant.fandom.com/wiki/VALORANT_Wiki
2025-04-16 03:56:00,971 [ERROR] Access denied to https://tracker.gg/valorant: HTTP 403 Forbidden.
2025-04-16 03:56:01,884 [INFO] newspaper3k extracted low-quality content from https://www.uakron.edu/esports/varsity/valorant, trying BeautifulSoup
2025-04-16 03:56:01,897 [INFO] Failed to extract meaningful content from https://www.uakron.edu/esports/varsity/valorant
2025-04-16 03:56:02,205 [INFO] newspaper3k extracted low-quality content from https://www.twitch.tv/valorant_pacific, trying BeautifulSoup
2025-04-16 03:56:02,210 [INFO] Failed to extract meaningful content from https://www.twitch.tv/valorant_pacific
2025-04-16 03:56:02,246 [INFO] newspaper3k extracted low-quality content from https://columbiacougars.com/sports/valorant, trying BeautifulSoup
2025-04-16 03:56:02,262 [INFO] Failed to extract meaningful content from https://columbiacougars.com/sports/valorant
2025-04-16 03:56:02,653 [INFO] newspaper3k extracted low-quality content from https://playvalorant.com/en-us/download/, trying BeautifulSoup
2025-04-16 03:56:02,656 [INFO] Failed to extract meaningful content from https://playvalorant.com/en-us/download/
2025-04-16 03:56:02,748 [ERROR] Access denied to https://www.brookdalecc.edu/brookdale-esports-valorant-team-are-national-champions/: HTTP 403 Forbidden.
2025-04-16 03:56:03,744 [INFO] newspaper3k extracted low-quality content from https://www.uaf.edu/esports/teams/valorant.php, trying BeautifulSoup
2025-04-16 03:56:03,761 [INFO] Failed to extract meaningful content from https://www.uaf.edu/esports/teams/valorant.php
2025-04-16 03:56:04,188 [INFO] newspaper3k extracted low-quality content from https://www.playstation.com/en-us/games/valorant/, trying BeautifulSoup
2025-04-16 03:56:04,264 [ERROR] Access denied to https://store.epicgames.com/en-US/p/valorant: HTTP 403 Forbidden.
2025-04-16 03:56:04,555 [INFO] newspaper3k extracted low-quality content from https://support-valorant.riotgames.com/hc/en-us, trying BeautifulSoup
2025-04-16 03:56:04,562 [INFO] Failed to extract meaningful content from https://support-valorant.riotgames.com/hc/en-us
2025-04-16 03:56:04,985 [INFO] newspaper3k extracted low-quality content from https://www.riotgames.com/en, trying BeautifulSoup
2025-04-16 03:56:04,999 [INFO] Failed to extract meaningful content from https://www.riotgames.com/en
2025-04-16 03:56:05,769 [INFO] newspaper3k extracted low-quality content from https://www.jmu.edu/jmuxlabs/esports/valorant.shtml, trying BeautifulSoup
2025-04-16 03:56:05,788 [INFO] Failed to extract meaningful content from https://www.jmu.edu/jmuxlabs/esports/valorant.shtml
2025-04-16 03:56:06,239 [INFO] newspaper3k extracted low-quality content from https://open.spotify.com/artist/3wrFoI9EVjWg6m8xXeWr5t, trying BeautifulSoup
2025-04-16 03:56:06,242 [INFO] Failed to extract meaningful content from https://open.spotify.com/artist/3wrFoI9EVjWg6m8xXeWr5t
2025-04-16 03:56:17,561 [INFO] newspaper3k extracted low-quality content from https://www.winthrop.edu/esports/valorant-roster.aspx, trying BeautifulSoup
2025-04-16 03:56:17,582 [INFO] Failed to extract meaningful content from https://www.winthrop.edu/esports/valorant-roster.aspx
2025-04-16 03:56:20,937 [WARNING] Error fetching article at https://twitter.com/ValorantEsports: . Retrying in 1.5s (1/3)...
2025-04-16 03:56:37,942 [WARNING] Error fetching article at https://twitter.com/ValorantEsports: . Retrying in 3.0s (2/3)...
2025-04-16 03:56:37,942 [ERROR] Cancelling an overlapped future failed
future: <_OverlappedFuture pending cb=[_ProactorReadPipeTransport._loop_reading()]>
Traceback (most recent call last):
  File "C:\Users\Hamza\AppData\Local\Programs\Python\Python312\Lib\asyncio\proactor_events.py", line 402, in _loop_writing
    self._write_fut = self._loop._proactor.send(self._sock, data)
                      ^^^^^^^^^^^^^^^^^^^^^^^^^^^^^^^^^^^^^^^^^^^
  File "C:\Users\Hamza\AppData\Local\Programs\Python\Python312\Lib\asyncio\windows_events.py", line 542, in send
    ov.WSASend(conn.fileno(), buf, flags)
OSError: [WinError 10038] An operation was attempted on something that is not a socket

During handling of the above exception, another exception occurred:

Traceback (most recent call last):
  File "C:\Users\Hamza\AppData\Local\Programs\Python\Python312\Lib\asyncio\windows_events.py", line 72, in _cancel_overlapped
    self._ov.cancel()
OSError: [WinError 6] The handle is invalid
2025-04-16 03:56:55,943 [ERROR] Max retries reached for https://twitter.com/ValorantEsports: 
2025-04-16 03:56:55,943 [INFO] Article 'VALORANT's 128-Tick Servers' added to valid articles.
2025-04-16 03:56:55,945 [INFO] Article 'Valorant - PS5 Games | PlayStation' added to valid articles.
2025-04-16 03:56:55,949 [INFO] Formatted content for summarization with 3990 words
2025-04-16 03:56:55,952 [INFO] Summarizing chunk 1/7
2025-04-16 03:56:58,400 [WARNING] Gemini generated a short summary (0 words), using fallback
2025-04-16 03:56:58,401 [INFO] Using extractive summarization fallback
2025-04-16 03:56:58,401 [INFO] Summarizing chunk 2/7
2025-04-16 03:56:59,541 [INFO] Summarizing chunk 3/7
2025-04-16 03:57:00,895 [INFO] Summarizing chunk 4/7
2025-04-16 03:57:02,043 [WARNING] Gemini generated a short summary (41 words), using fallback
2025-04-16 03:57:02,044 [INFO] Using extractive summarization fallback
2025-04-16 03:57:02,044 [INFO] Summarizing chunk 5/7
2025-04-16 03:57:03,446 [INFO] Summarizing chunk 6/7
2025-04-16 03:57:04,601 [INFO] Summarizing chunk 7/7
2025-04-16 03:57:05,637 [WARNING] Gemini generated a short summary (17 words), using fallback
2025-04-16 03:57:05,638 [INFO] Using extractive summarization fallback
2025-04-16 03:57:08,909 [WARNING] Gemini generated a short summary (175 words), using fallback
2025-04-16 03:57:08,909 [INFO] Using extractive summarization fallback
2025-04-16 03:57:08,910 [INFO] Summarization completed in 12.96 seconds
2025-04-16 03:57:08,910 [INFO] Generated summary with 195 words.
2025-04-16 03:57:08,910 [WARNING] Generated summary is too short (195 words). Attempting to regenerate.
2025-04-16 03:57:13,829 [WARNING] Gemini generated a short summary (241 words), using fallback
2025-04-16 03:57:13,829 [INFO] Using extractive summarization fallback
2025-04-16 03:57:13,830 [INFO] Regenerated summary with 103 words.
2025-04-16 03:57:13,831 [WARNING] Summary remains short (195 words), returning as is.
2025-04-16 03:57:14,424 [INFO] HTTP Request: POST https://api.elevenlabs.io/v1/text-to-speech/JBFqnCBsd6RMkjVDRZzb/stream "HTTP/1.1 401 Unauthorized"
2025-04-16 03:57:14,425 [ERROR] Text-to-speech conversion failed: status_code: 401, body: {'detail': {'status': 'quota_exceeded', 'message': 'This request exceeds your quota of 10000. You have 40 credits remaining, while 1187 credits are required for this request.'}}
2025-04-16 03:57:14,426 [INFO] Data written to output.json.
2025-04-16 03:57:15,131 [INFO] HTTP Request: POST https://ljrlwlsqivyghpshguee.supabase.co/rest/v1/Queries "HTTP/2 201 Created"
2025-04-16 03:58:39,891 [INFO] Create talk response: {
    "id": "tlk_vvUs936PNVNvrYHfxQifr",
    "created_at": "2025-04-15T22:58:39.404Z",
    "created_by": "google-oauth2|117463401681342987606",
    "status": "created",
    "object": "talk"
}
2025-04-16 03:58:39,891 [INFO] Polling for video status...
2025-04-16 03:58:40,787 [INFO] Poll 1: status = created
2025-04-16 03:58:43,702 [INFO] Poll 2: status = started
2025-04-16 03:58:46,583 [INFO] Poll 3: status = started
2025-04-16 03:58:49,474 [INFO] Poll 4: status = done
2025-04-16 03:58:49,475 [INFO] Video is ready! Video URL: https://d-id-talks-prod.s3.us-west-2.amazonaws.com/google-oauth2%7C117463401681342987606/tlk_vvUs936PNVNvrYHfxQifr/1744757919404.mp4?AWSAccessKeyId=AKIA5CUMPJBIK65W6FGA&Expires=1744844328&Signature=9gkO%2F15PMDovGIN5LCp5H4ns%2BpQ%3D
2025-04-16 03:58:50,584 [ERROR] Error generating video: name 'StreamingResponse' is not defined
2025-04-16 04:00:02,834 [INFO] Configuration loaded successfully
2025-04-16 04:00:03,086 [INFO] Gemini model initialized successfully
2025-04-16 04:00:03,877 [INFO] Using Supabase URL: https://ljrlwlsqivyghpshguee.supabase.co
2025-04-16 04:00:03,879 [INFO] API Key found (masked): eyJh********************************************************************************************************************************************************************************************************K5Tg
2025-04-16 04:00:03,879 [INFO] Supabase username and password found in environment variables
2025-04-16 04:00:04,122 [INFO] Supabase client initialized successfully
2025-04-16 04:00:04,356 [INFO] Successfully created Supabase client
2025-04-16 04:00:04,787 [INFO] HTTP Request: GET https://ljrlwlsqivyghpshguee.supabase.co/rest/v1/Users?select=count&limit=1 "HTTP/2 200 OK"
2025-04-16 04:00:04,791 [INFO] Successfully connected to Supabase
2025-04-16 04:00:04,791 [INFO] Successfully connected to Supabase at startup
2025-04-16 04:00:07,600 [INFO] Scrape request received: Query='valorant', Num URLs=10
2025-04-16 04:00:07,600 [INFO] Starting collection process for query: 'valorant'
2025-04-16 04:00:07,600 [INFO] Desired article count: 10
2025-04-16 04:00:09,162 [INFO] Google Search API returned 10 URLs
2025-04-16 04:00:09,162 [INFO] Blocked domain detected: www.reddit.com
2025-04-16 04:00:09,162 [INFO] Blocked domain detected: en.wikipedia.org
2025-04-16 04:00:09,162 [INFO] Blocked domain detected: x.com
2025-04-16 04:00:09,163 [INFO] Blocked domain detected: www.youtube.com
2025-04-16 04:00:09,163 [INFO] Filtered 4 blocked domains
2025-04-16 04:00:09,163 [INFO] Fetching robots.txt from https://playvalorant.com/robots.txt
2025-04-16 04:00:09,723 [INFO] Fetching robots.txt from https://playvalorant.com/robots.txt
2025-04-16 04:00:10,287 [INFO] Fetching robots.txt from https://www.riotgames.com/robots.txt
2025-04-16 04:00:11,157 [INFO] Fetching robots.txt from https://valorantesports.com/robots.txt
2025-04-16 04:00:11,590 [INFO] Fetching robots.txt from https://tracker.gg/robots.txt
2025-04-16 04:00:11,683 [INFO] Fetching robots.txt from https://technology.riotgames.com/robots.txt
2025-04-16 04:00:11,771 [INFO] Collected 6 unique URLs so far
2025-04-16 04:00:14,400 [INFO] Google Search API returned 10 URLs
2025-04-16 04:00:14,400 [INFO] Blocked domain detected: www.instagram.com
2025-04-16 04:00:14,401 [INFO] Filtered 1 blocked domains
2025-04-16 04:00:14,401 [INFO] Fetching robots.txt from https://store.epicgames.com/robots.txt
2025-04-16 04:00:14,773 [INFO] Non-200 response from https://store.epicgames.com/robots.txt: 403
2025-04-16 04:00:14,773 [INFO] Skipping https://store.epicgames.com/en-US/p/valorant as robots.txt could not be fetched.
2025-04-16 04:00:14,773 [INFO] Fetching robots.txt from https://open.spotify.com/robots.txt
2025-04-16 04:00:14,956 [INFO] Fetching robots.txt from https://columbiacougars.com/robots.txt
2025-04-16 04:00:16,037 [INFO] Fetching robots.txt from https://www.twitch.tv/robots.txt
2025-04-16 04:00:16,290 [INFO] Fetching robots.txt from https://support-valorant.riotgames.com/robots.txt
2025-04-16 04:00:16,962 [INFO] Fetching robots.txt from https://twitter.com/robots.txt
2025-04-16 04:00:22,945 [INFO] Timeout occurred while fetching https://twitter.com/robots.txt
2025-04-16 04:00:22,945 [INFO] Skipping https://twitter.com/ValorantEsports as robots.txt could not be fetched.
2025-04-16 04:00:22,946 [INFO] Fetching robots.txt from https://valorant.fandom.com/robots.txt
2025-04-16 04:00:23,188 [INFO] Fetching robots.txt from https://www.uakron.edu/robots.txt
2025-04-16 04:00:24,194 [INFO] Fetching robots.txt from https://www.facebook.com/robots.txt
2025-04-16 04:00:24,350 [INFO] Scraping not allowed for https://www.facebook.com/ValorantEsportsVietnam/ as per robots.txt.
2025-04-16 04:00:24,350 [INFO] Collected 14 unique URLs so far
2025-04-16 04:00:26,943 [INFO] Google Search API returned 10 URLs
2025-04-16 04:00:26,943 [INFO] Blocked domain detected: www.xbox.com
2025-04-16 04:00:26,943 [INFO] Filtered 1 blocked domains
2025-04-16 04:00:26,944 [INFO] Fetching robots.txt from https://www.playstation.com/robots.txt
2025-04-16 04:00:27,532 [INFO] Fetching robots.txt from https://www.jmu.edu/robots.txt
2025-04-16 04:00:28,394 [INFO] Fetching robots.txt from https://www.niu.edu/robots.txt
2025-04-16 04:00:29,363 [INFO] Fetching robots.txt from https://www.uaf.edu/robots.txt
2025-04-16 04:00:30,986 [INFO] Fetching robots.txt from https://www.brookdalecc.edu/robots.txt
2025-04-16 04:00:31,532 [INFO] Non-200 response from https://www.brookdalecc.edu/robots.txt: 403
2025-04-16 04:00:31,532 [INFO] Skipping https://www.brookdalecc.edu/brookdale-esports-valorant-team-are-national-champions/ as robots.txt could not be fetched.
2025-04-16 04:00:31,532 [INFO] Fetching robots.txt from https://www.winthrop.edu/robots.txt
2025-04-16 04:00:32,398 [INFO] Fetching robots.txt from https://liquipedia.net/robots.txt
2025-04-16 04:00:32,880 [INFO] Fetching robots.txt from https://valorant.com/robots.txt
2025-04-16 04:00:34,762 [INFO] Fetching robots.txt from https://www.vlr.gg/robots.txt
2025-04-16 04:00:35,658 [INFO] Non-200 response from https://www.vlr.gg/robots.txt: 404
2025-04-16 04:00:35,658 [INFO] Skipping https://www.vlr.gg/team/11328/funplus-phoenix as robots.txt could not be fetched.
2025-04-16 04:00:35,659 [INFO] Collected 23 unique URLs so far
2025-04-16 04:00:35,659 [INFO] Limited URL collection to 20
2025-04-16 04:00:35,659 [INFO] Scraping content from 20 collected URLs...
2025-04-16 04:00:36,500 [INFO] newspaper3k extracted low-quality content from https://playvalorant.com/en-us/, trying BeautifulSoup
2025-04-16 04:00:36,511 [INFO] Failed to extract meaningful content from https://playvalorant.com/en-us/
2025-04-16 04:00:36,764 [INFO] newspaper3k extracted low-quality content from https://valorantesports.com/, trying BeautifulSoup
2025-04-16 04:00:36,840 [INFO] Failed to extract meaningful content from https://valorantesports.com/
2025-04-16 04:00:37,055 [INFO] newspaper3k extracted low-quality content from https://valorant.fandom.com/wiki/VALORANT_Wiki, trying BeautifulSoup
2025-04-16 04:00:37,150 [INFO] Failed to extract meaningful content from https://valorant.fandom.com/wiki/VALORANT_Wiki
2025-04-16 04:00:37,185 [INFO] newspaper3k extracted low-quality content from https://www.niu.edu/esports/play/varsity/valorant.shtml, trying BeautifulSoup
2025-04-16 04:00:37,204 [INFO] Failed to extract meaningful content from https://www.niu.edu/esports/play/varsity/valorant.shtml
2025-04-16 04:00:37,294 [ERROR] Access denied to https://tracker.gg/valorant: HTTP 403 Forbidden.
2025-04-16 04:00:38,239 [INFO] newspaper3k extracted low-quality content from https://www.uakron.edu/esports/varsity/valorant, trying BeautifulSoup
2025-04-16 04:00:38,251 [INFO] Failed to extract meaningful content from https://www.uakron.edu/esports/varsity/valorant
2025-04-16 04:00:38,640 [INFO] newspaper3k extracted low-quality content from https://www.twitch.tv/valorant_pacific, trying BeautifulSoup
2025-04-16 04:00:38,645 [INFO] Failed to extract meaningful content from https://www.twitch.tv/valorant_pacific
2025-04-16 04:00:38,777 [INFO] newspaper3k extracted low-quality content from https://columbiacougars.com/sports/valorant, trying BeautifulSoup
2025-04-16 04:00:38,791 [INFO] Failed to extract meaningful content from https://columbiacougars.com/sports/valorant
2025-04-16 04:00:39,326 [INFO] newspaper3k extracted low-quality content from https://playvalorant.com/en-us/download/, trying BeautifulSoup
2025-04-16 04:00:39,330 [INFO] Failed to extract meaningful content from https://playvalorant.com/en-us/download/
2025-04-16 04:00:39,415 [ERROR] Access denied to https://www.brookdalecc.edu/brookdale-esports-valorant-team-are-national-champions/: HTTP 403 Forbidden.
2025-04-16 04:00:39,477 [INFO] newspaper3k extracted low-quality content from https://www.uaf.edu/esports/teams/valorant.php, trying BeautifulSoup
2025-04-16 04:00:39,494 [INFO] Failed to extract meaningful content from https://www.uaf.edu/esports/teams/valorant.php
2025-04-16 04:00:39,860 [ERROR] Access denied to https://store.epicgames.com/en-US/p/valorant: HTTP 403 Forbidden.
2025-04-16 04:00:40,377 [INFO] newspaper3k extracted low-quality content from https://www.playstation.com/en-us/games/valorant/, trying BeautifulSoup
2025-04-16 04:00:40,474 [INFO] newspaper3k extracted low-quality content from https://support-valorant.riotgames.com/hc/en-us, trying BeautifulSoup
2025-04-16 04:00:40,481 [INFO] Failed to extract meaningful content from https://support-valorant.riotgames.com/hc/en-us
2025-04-16 04:00:40,697 [INFO] newspaper3k extracted low-quality content from https://www.riotgames.com/en, trying BeautifulSoup
2025-04-16 04:00:40,713 [INFO] Failed to extract meaningful content from https://www.riotgames.com/en
2025-04-16 04:00:41,676 [INFO] newspaper3k extracted low-quality content from https://www.jmu.edu/jmuxlabs/esports/valorant.shtml, trying BeautifulSoup
2025-04-16 04:00:41,696 [INFO] Failed to extract meaningful content from https://www.jmu.edu/jmuxlabs/esports/valorant.shtml
2025-04-16 04:00:53,279 [INFO] newspaper3k extracted low-quality content from https://www.winthrop.edu/esports/valorant-roster.aspx, trying BeautifulSoup
2025-04-16 04:00:53,299 [INFO] Failed to extract meaningful content from https://www.winthrop.edu/esports/valorant-roster.aspx
2025-04-16 04:00:53,709 [INFO] newspaper3k extracted low-quality content from https://open.spotify.com/artist/3wrFoI9EVjWg6m8xXeWr5t, trying BeautifulSoup
2025-04-16 04:00:53,712 [INFO] Failed to extract meaningful content from https://open.spotify.com/artist/3wrFoI9EVjWg6m8xXeWr5t
2025-04-16 04:00:55,938 [WARNING] Error fetching article at https://twitter.com/ValorantEsports: . Retrying in 1.5s (1/3)...
2025-04-16 04:01:12,930 [WARNING] Error fetching article at https://twitter.com/ValorantEsports: . Retrying in 3.0s (2/3)...
2025-04-16 04:01:30,946 [ERROR] Max retries reached for https://twitter.com/ValorantEsports: 
2025-04-16 04:01:30,947 [INFO] Article 'VALORANT's 128-Tick Servers' added to valid articles.
2025-04-16 04:01:30,947 [INFO] Article 'Valorant - PS5 Games | PlayStation' added to valid articles.
2025-04-16 04:01:30,952 [INFO] Formatted content for summarization with 3990 words
2025-04-16 04:01:30,955 [INFO] Summarizing chunk 1/7
2025-04-16 04:01:33,174 [WARNING] Gemini generated a short summary (0 words), using fallback
2025-04-16 04:01:33,175 [INFO] Using extractive summarization fallback
2025-04-16 04:01:33,175 [INFO] Summarizing chunk 2/7
2025-04-16 04:01:34,512 [WARNING] Gemini generated a short summary (41 words), using fallback
2025-04-16 04:01:34,512 [INFO] Using extractive summarization fallback
2025-04-16 04:01:34,512 [INFO] Summarizing chunk 3/7
2025-04-16 04:01:35,979 [INFO] Summarizing chunk 4/7
2025-04-16 04:01:37,146 [INFO] Summarizing chunk 5/7
2025-04-16 04:01:38,479 [INFO] Summarizing chunk 6/7
2025-04-16 04:01:39,715 [INFO] Summarizing chunk 7/7
2025-04-16 04:01:40,700 [WARNING] Gemini generated a short summary (0 words), using fallback
2025-04-16 04:01:40,700 [INFO] Using extractive summarization fallback
2025-04-16 04:01:43,717 [WARNING] Gemini generated a short summary (126 words), using fallback
2025-04-16 04:01:43,717 [INFO] Using extractive summarization fallback
2025-04-16 04:01:43,718 [INFO] Summarization completed in 12.76 seconds
2025-04-16 04:01:43,718 [INFO] Generated summary with 96 words.
2025-04-16 04:01:43,719 [WARNING] Generated summary is too short (96 words). Attempting to regenerate.
2025-04-16 04:01:47,461 [WARNING] Gemini generated a short summary (152 words), using fallback
2025-04-16 04:01:47,461 [INFO] Using extractive summarization fallback
2025-04-16 04:01:47,462 [INFO] Regenerated summary with 103 words.
2025-04-16 04:01:47,462 [WARNING] Summary remains short (103 words), returning as is.
2025-04-16 04:01:48,073 [INFO] HTTP Request: POST https://api.elevenlabs.io/v1/text-to-speech/JBFqnCBsd6RMkjVDRZzb/stream "HTTP/1.1 401 Unauthorized"
2025-04-16 04:01:48,073 [ERROR] Text-to-speech conversion failed: status_code: 401, body: {'detail': {'status': 'quota_exceeded', 'message': 'This request exceeds your quota of 10000. You have 40 credits remaining, while 558 credits are required for this request.'}}
2025-04-16 04:01:48,074 [INFO] Data written to output.json.
2025-04-16 04:01:48,750 [INFO] HTTP Request: POST https://ljrlwlsqivyghpshguee.supabase.co/rest/v1/Queries "HTTP/2 201 Created"
2025-04-16 04:03:02,389 [INFO] Create talk response: {
    "id": "tlk_OyxR0WvLyL_l7z-n1Rx5w",
    "created_at": "2025-04-15T23:03:01.897Z",
    "created_by": "google-oauth2|117463401681342987606",
    "status": "created",
    "object": "talk"
}
2025-04-16 04:03:02,390 [INFO] Polling for video status...
2025-04-16 04:03:03,294 [INFO] Poll 1: status = started
2025-04-16 04:03:06,237 [INFO] Poll 2: status = started
2025-04-16 04:03:09,129 [INFO] Poll 3: status = started
2025-04-16 04:03:12,045 [INFO] Poll 4: status = done
2025-04-16 04:03:12,046 [INFO] Video is ready! Video URL: https://d-id-talks-prod.s3.us-west-2.amazonaws.com/google-oauth2%7C117463401681342987606/tlk_OyxR0WvLyL_l7z-n1Rx5w/1744758181897.mp4?AWSAccessKeyId=AKIA5CUMPJBIK65W6FGA&Expires=1744844590&Signature=hHG84DVQMCwWhR0gXgQLIlPtXqA%3D
2025-04-16 04:04:17,598 [INFO] Configuration loaded successfully
2025-04-16 04:04:17,837 [INFO] Gemini model initialized successfully
2025-04-16 04:04:18,617 [INFO] Using Supabase URL: https://ljrlwlsqivyghpshguee.supabase.co
2025-04-16 04:04:18,617 [INFO] API Key found (masked): eyJh********************************************************************************************************************************************************************************************************K5Tg
2025-04-16 04:04:18,617 [INFO] Supabase username and password found in environment variables
2025-04-16 04:04:18,860 [INFO] Supabase client initialized successfully
2025-04-16 04:04:19,094 [INFO] Successfully created Supabase client
2025-04-16 04:04:19,532 [INFO] HTTP Request: GET https://ljrlwlsqivyghpshguee.supabase.co/rest/v1/Users?select=count&limit=1 "HTTP/2 200 OK"
2025-04-16 04:04:19,535 [INFO] Successfully connected to Supabase
2025-04-16 04:04:19,535 [INFO] Successfully connected to Supabase at startup
2025-04-16 04:04:21,649 [INFO] Scrape request received: Query='valorant', Num URLs=10
2025-04-16 04:04:21,649 [INFO] Starting collection process for query: 'valorant'
2025-04-16 04:04:21,649 [INFO] Desired article count: 10
2025-04-16 04:04:23,217 [INFO] Google Search API returned 10 URLs
2025-04-16 04:04:23,218 [INFO] Blocked domain detected: www.reddit.com
2025-04-16 04:04:23,218 [INFO] Blocked domain detected: en.wikipedia.org
2025-04-16 04:04:23,218 [INFO] Blocked domain detected: x.com
2025-04-16 04:04:23,218 [INFO] Blocked domain detected: www.youtube.com
2025-04-16 04:04:23,219 [INFO] Filtered 4 blocked domains
2025-04-16 04:04:23,219 [INFO] Fetching robots.txt from https://playvalorant.com/robots.txt
2025-04-16 04:04:24,094 [INFO] Fetching robots.txt from https://playvalorant.com/robots.txt
2025-04-16 04:04:24,654 [INFO] Fetching robots.txt from https://www.riotgames.com/robots.txt
2025-04-16 04:04:25,510 [INFO] Fetching robots.txt from https://valorantesports.com/robots.txt
2025-04-16 04:04:26,043 [INFO] Fetching robots.txt from https://tracker.gg/robots.txt
2025-04-16 04:04:26,171 [INFO] Fetching robots.txt from https://technology.riotgames.com/robots.txt
2025-04-16 04:04:26,350 [INFO] Collected 6 unique URLs so far
2025-04-16 04:04:28,942 [INFO] Google Search API returned 10 URLs
2025-04-16 04:04:28,942 [INFO] Blocked domain detected: www.instagram.com
2025-04-16 04:04:28,942 [INFO] Filtered 1 blocked domains
2025-04-16 04:04:28,943 [INFO] Fetching robots.txt from https://store.epicgames.com/robots.txt
2025-04-16 04:04:29,569 [INFO] Non-200 response from https://store.epicgames.com/robots.txt: 403
2025-04-16 04:04:29,569 [INFO] Skipping https://store.epicgames.com/en-US/p/valorant as robots.txt could not be fetched.
2025-04-16 04:04:29,570 [INFO] Fetching robots.txt from https://open.spotify.com/robots.txt
2025-04-16 04:04:29,703 [INFO] Fetching robots.txt from https://columbiacougars.com/robots.txt
2025-04-16 04:04:30,736 [INFO] Fetching robots.txt from https://www.twitch.tv/robots.txt
2025-04-16 04:04:30,986 [INFO] Fetching robots.txt from https://support-valorant.riotgames.com/robots.txt
2025-04-16 04:04:31,230 [INFO] Fetching robots.txt from https://twitter.com/robots.txt
2025-04-16 04:04:36,946 [INFO] Timeout occurred while fetching https://twitter.com/robots.txt
2025-04-16 04:04:36,946 [INFO] Skipping https://twitter.com/ValorantEsports as robots.txt could not be fetched.
2025-04-16 04:04:36,946 [INFO] Fetching robots.txt from https://valorant.fandom.com/robots.txt
2025-04-16 04:04:37,183 [INFO] Fetching robots.txt from https://www.uakron.edu/robots.txt
2025-04-16 04:04:38,477 [INFO] Fetching robots.txt from https://www.facebook.com/robots.txt
2025-04-16 04:04:38,620 [INFO] Scraping not allowed for https://www.facebook.com/ValorantEsportsVietnam/ as per robots.txt.
2025-04-16 04:04:38,621 [INFO] Collected 14 unique URLs so far
2025-04-16 04:04:41,199 [INFO] Google Search API returned 10 URLs
2025-04-16 04:04:41,200 [INFO] Blocked domain detected: www.xbox.com
2025-04-16 04:04:41,200 [INFO] Filtered 1 blocked domains
2025-04-16 04:04:41,200 [INFO] Fetching robots.txt from https://www.playstation.com/robots.txt
2025-04-16 04:04:41,816 [INFO] Fetching robots.txt from https://www.jmu.edu/robots.txt
2025-04-16 04:04:42,696 [INFO] Fetching robots.txt from https://www.niu.edu/robots.txt
2025-04-16 04:04:43,651 [INFO] Fetching robots.txt from https://www.uaf.edu/robots.txt
2025-04-16 04:04:45,287 [INFO] Fetching robots.txt from https://www.brookdalecc.edu/robots.txt
2025-04-16 04:04:46,013 [INFO] Non-200 response from https://www.brookdalecc.edu/robots.txt: 403
2025-04-16 04:04:46,014 [INFO] Skipping https://www.brookdalecc.edu/brookdale-esports-valorant-team-are-national-champions/ as robots.txt could not be fetched.
2025-04-16 04:04:46,014 [INFO] Fetching robots.txt from https://www.winthrop.edu/robots.txt
2025-04-16 04:04:46,924 [INFO] Fetching robots.txt from https://liquipedia.net/robots.txt
2025-04-16 04:04:47,425 [INFO] Fetching robots.txt from https://valorant.com/robots.txt
2025-04-16 04:04:49,533 [INFO] Fetching robots.txt from https://www.vlr.gg/robots.txt
2025-04-16 04:04:50,563 [INFO] Non-200 response from https://www.vlr.gg/robots.txt: 404
2025-04-16 04:04:50,564 [INFO] Skipping https://www.vlr.gg/team/11328/funplus-phoenix as robots.txt could not be fetched.
2025-04-16 04:04:50,564 [INFO] Collected 23 unique URLs so far
2025-04-16 04:04:50,564 [INFO] Limited URL collection to 20
2025-04-16 04:04:50,564 [INFO] Scraping content from 20 collected URLs...
2025-04-16 04:04:51,353 [INFO] newspaper3k extracted low-quality content from https://playvalorant.com/en-us/, trying BeautifulSoup
2025-04-16 04:04:51,363 [INFO] Failed to extract meaningful content from https://playvalorant.com/en-us/
2025-04-16 04:04:51,752 [INFO] newspaper3k extracted low-quality content from https://valorant.fandom.com/wiki/VALORANT_Wiki, trying BeautifulSoup
2025-04-16 04:04:51,846 [INFO] Failed to extract meaningful content from https://valorant.fandom.com/wiki/VALORANT_Wiki
2025-04-16 04:04:51,882 [INFO] newspaper3k extracted low-quality content from https://www.niu.edu/esports/play/varsity/valorant.shtml, trying BeautifulSoup
2025-04-16 04:04:51,903 [INFO] Failed to extract meaningful content from https://www.niu.edu/esports/play/varsity/valorant.shtml
2025-04-16 04:04:52,047 [INFO] newspaper3k extracted low-quality content from https://valorantesports.com/, trying BeautifulSoup
2025-04-16 04:04:52,122 [INFO] Failed to extract meaningful content from https://valorantesports.com/
2025-04-16 04:04:52,204 [ERROR] Access denied to https://tracker.gg/valorant: HTTP 403 Forbidden.
2025-04-16 04:04:53,185 [INFO] newspaper3k extracted low-quality content from https://www.uakron.edu/esports/varsity/valorant, trying BeautifulSoup
2025-04-16 04:04:53,198 [INFO] Failed to extract meaningful content from https://www.uakron.edu/esports/varsity/valorant
2025-04-16 04:04:53,498 [INFO] newspaper3k extracted low-quality content from https://www.twitch.tv/valorant_pacific, trying BeautifulSoup
2025-04-16 04:04:53,502 [INFO] Failed to extract meaningful content from https://www.twitch.tv/valorant_pacific
2025-04-16 04:04:53,693 [INFO] newspaper3k extracted low-quality content from https://columbiacougars.com/sports/valorant, trying BeautifulSoup
2025-04-16 04:04:53,709 [INFO] Failed to extract meaningful content from https://columbiacougars.com/sports/valorant
2025-04-16 04:04:54,215 [INFO] newspaper3k extracted low-quality content from https://www.uaf.edu/esports/teams/valorant.php, trying BeautifulSoup
2025-04-16 04:04:54,231 [INFO] Failed to extract meaningful content from https://www.uaf.edu/esports/teams/valorant.php
2025-04-16 04:04:54,241 [INFO] newspaper3k extracted low-quality content from https://playvalorant.com/en-us/download/, trying BeautifulSoup
2025-04-16 04:04:54,244 [INFO] Failed to extract meaningful content from https://playvalorant.com/en-us/download/
2025-04-16 04:04:54,342 [ERROR] Access denied to https://www.brookdalecc.edu/brookdale-esports-valorant-team-are-national-champions/: HTTP 403 Forbidden.
2025-04-16 04:04:54,717 [ERROR] Access denied to https://store.epicgames.com/en-US/p/valorant: HTTP 403 Forbidden.
2025-04-16 04:04:54,906 [INFO] newspaper3k extracted low-quality content from https://support-valorant.riotgames.com/hc/en-us, trying BeautifulSoup
2025-04-16 04:04:54,915 [INFO] Failed to extract meaningful content from https://support-valorant.riotgames.com/hc/en-us
2025-04-16 04:04:55,252 [INFO] newspaper3k extracted low-quality content from https://www.playstation.com/en-us/games/valorant/, trying BeautifulSoup
2025-04-16 04:04:55,665 [INFO] newspaper3k extracted low-quality content from https://www.riotgames.com/en, trying BeautifulSoup
2025-04-16 04:04:55,679 [INFO] Failed to extract meaningful content from https://www.riotgames.com/en
2025-04-16 04:05:08,392 [INFO] newspaper3k extracted low-quality content from https://www.winthrop.edu/esports/valorant-roster.aspx, trying BeautifulSoup
2025-04-16 04:05:08,415 [INFO] Failed to extract meaningful content from https://www.winthrop.edu/esports/valorant-roster.aspx
2025-04-16 04:05:08,458 [INFO] newspaper3k extracted low-quality content from https://www.jmu.edu/jmuxlabs/esports/valorant.shtml, trying BeautifulSoup
2025-04-16 04:05:08,480 [INFO] Failed to extract meaningful content from https://www.jmu.edu/jmuxlabs/esports/valorant.shtml
2025-04-16 04:05:08,897 [INFO] newspaper3k extracted low-quality content from https://open.spotify.com/artist/3wrFoI9EVjWg6m8xXeWr5t, trying BeautifulSoup
2025-04-16 04:05:08,899 [INFO] Failed to extract meaningful content from https://open.spotify.com/artist/3wrFoI9EVjWg6m8xXeWr5t
2025-04-16 04:05:10,941 [WARNING] Error fetching article at https://twitter.com/ValorantEsports: . Retrying in 1.5s (1/3)...
2025-04-16 04:05:27,944 [WARNING] Error fetching article at https://twitter.com/ValorantEsports: . Retrying in 3.0s (2/3)...
2025-04-16 04:05:45,946 [ERROR] Max retries reached for https://twitter.com/ValorantEsports: 
2025-04-16 04:05:45,947 [INFO] Article 'VALORANT's 128-Tick Servers' added to valid articles.
2025-04-16 04:05:45,947 [INFO] Article 'Valorant - PS5 Games | PlayStation' added to valid articles.
2025-04-16 04:05:45,953 [INFO] Formatted content for summarization with 3990 words
2025-04-16 04:05:45,956 [INFO] Summarizing chunk 1/7
2025-04-16 04:05:48,436 [WARNING] Gemini generated a short summary (0 words), using fallback
2025-04-16 04:05:48,436 [INFO] Using extractive summarization fallback
2025-04-16 04:05:48,437 [INFO] Summarizing chunk 2/7
2025-04-16 04:05:49,750 [INFO] Summarizing chunk 3/7
2025-04-16 04:05:51,092 [INFO] Summarizing chunk 4/7
2025-04-16 04:05:52,202 [INFO] Summarizing chunk 5/7
2025-04-16 04:05:53,489 [INFO] Summarizing chunk 6/7
2025-04-16 04:05:54,620 [INFO] Summarizing chunk 7/7
2025-04-16 04:05:55,598 [WARNING] Gemini generated a short summary (13 words), using fallback
2025-04-16 04:05:55,599 [INFO] Using extractive summarization fallback
2025-04-16 04:05:58,714 [WARNING] Gemini generated a short summary (182 words), using fallback
2025-04-16 04:05:58,714 [INFO] Using extractive summarization fallback
2025-04-16 04:05:58,715 [INFO] Summarization completed in 12.76 seconds
2025-04-16 04:05:58,715 [INFO] Generated summary with 91 words.
2025-04-16 04:05:58,715 [WARNING] Generated summary is too short (91 words). Attempting to regenerate.
2025-04-16 04:06:03,082 [WARNING] Gemini generated a short summary (118 words), using fallback
2025-04-16 04:06:03,082 [INFO] Using extractive summarization fallback
2025-04-16 04:06:03,083 [INFO] Regenerated summary with 103 words.
2025-04-16 04:06:03,084 [WARNING] Summary remains short (103 words), returning as is.
2025-04-16 04:06:03,706 [INFO] HTTP Request: POST https://api.elevenlabs.io/v1/text-to-speech/JBFqnCBsd6RMkjVDRZzb/stream "HTTP/1.1 401 Unauthorized"
2025-04-16 04:06:03,706 [ERROR] Text-to-speech conversion failed: status_code: 401, body: {'detail': {'status': 'quota_exceeded', 'message': 'This request exceeds your quota of 10000. You have 40 credits remaining, while 558 credits are required for this request.'}}
2025-04-16 04:06:03,707 [INFO] Data written to output.json.
2025-04-16 04:06:04,382 [INFO] HTTP Request: POST https://ljrlwlsqivyghpshguee.supabase.co/rest/v1/Queries "HTTP/2 201 Created"
2025-04-16 04:06:31,485 [INFO] Create talk response: {
    "id": "tlk_p1E3g0a5FC3NlQRouwvtd",
    "created_at": "2025-04-15T23:06:31.025Z",
    "created_by": "google-oauth2|117463401681342987606",
    "status": "created",
    "object": "talk"
}
2025-04-16 04:06:31,485 [INFO] Polling for video status...
2025-04-16 04:06:32,404 [INFO] Poll 1: status = started
2025-04-16 04:06:35,337 [INFO] Poll 2: status = started
2025-04-16 04:06:38,252 [INFO] Poll 3: status = started
2025-04-16 04:06:41,162 [INFO] Poll 4: status = done
2025-04-16 04:06:41,162 [INFO] Video is ready! Video URL: https://d-id-talks-prod.s3.us-west-2.amazonaws.com/google-oauth2%7C117463401681342987606/tlk_p1E3g0a5FC3NlQRouwvtd/1744758391025.mp4?AWSAccessKeyId=AKIA5CUMPJBIK65W6FGA&Expires=1744844799&Signature=xskzOM1t%2FwS3kEdynS4fL%2BNgglY%3D
2025-04-16 04:10:11,407 [INFO] Configuration loaded successfully
2025-04-16 04:10:11,652 [INFO] Gemini model initialized successfully
2025-04-16 04:10:12,450 [INFO] Using Supabase URL: https://ljrlwlsqivyghpshguee.supabase.co
2025-04-16 04:10:12,450 [INFO] API Key found (masked): eyJh********************************************************************************************************************************************************************************************************K5Tg
2025-04-16 04:10:12,451 [INFO] Supabase username and password found in environment variables
2025-04-16 04:10:12,723 [INFO] Supabase client initialized successfully
2025-04-16 04:10:13,182 [INFO] Successfully created Supabase client
2025-04-16 04:10:13,883 [INFO] HTTP Request: GET https://ljrlwlsqivyghpshguee.supabase.co/rest/v1/Users?select=count&limit=1 "HTTP/2 200 OK"
2025-04-16 04:10:13,888 [INFO] Successfully connected to Supabase
2025-04-16 04:10:13,888 [INFO] Successfully connected to Supabase at startup
2025-04-16 04:10:33,829 [INFO] Scrape request received: Query='valorant', Num URLs=10
2025-04-16 04:10:33,829 [INFO] Starting collection process for query: 'valorant'
2025-04-16 04:10:33,829 [INFO] Desired article count: 10
2025-04-16 04:10:35,425 [INFO] Google Search API returned 10 URLs
2025-04-16 04:10:35,425 [INFO] Blocked domain detected: www.reddit.com
2025-04-16 04:10:35,425 [INFO] Blocked domain detected: en.wikipedia.org
2025-04-16 04:10:35,425 [INFO] Blocked domain detected: x.com
2025-04-16 04:10:35,426 [INFO] Blocked domain detected: www.youtube.com
2025-04-16 04:10:35,426 [INFO] Filtered 4 blocked domains
2025-04-16 04:10:35,426 [INFO] Fetching robots.txt from https://playvalorant.com/robots.txt
2025-04-16 04:10:36,150 [INFO] Fetching robots.txt from https://playvalorant.com/robots.txt
2025-04-16 04:10:36,732 [INFO] Fetching robots.txt from https://www.riotgames.com/robots.txt
2025-04-16 04:10:37,594 [INFO] Fetching robots.txt from https://valorantesports.com/robots.txt
2025-04-16 04:10:38,257 [INFO] Fetching robots.txt from https://tracker.gg/robots.txt
2025-04-16 04:10:38,375 [INFO] Fetching robots.txt from https://technology.riotgames.com/robots.txt
2025-04-16 04:10:38,705 [INFO] Collected 6 unique URLs so far
2025-04-16 04:10:41,314 [INFO] Google Search API returned 10 URLs
2025-04-16 04:10:41,314 [INFO] Blocked domain detected: www.instagram.com
2025-04-16 04:10:41,314 [INFO] Filtered 1 blocked domains
2025-04-16 04:10:41,314 [INFO] Fetching robots.txt from https://store.epicgames.com/robots.txt
2025-04-16 04:10:41,932 [INFO] Non-200 response from https://store.epicgames.com/robots.txt: 403
2025-04-16 04:10:41,933 [INFO] Skipping https://store.epicgames.com/en-US/p/valorant as robots.txt could not be fetched.
2025-04-16 04:10:41,933 [INFO] Fetching robots.txt from https://open.spotify.com/robots.txt
2025-04-16 04:10:42,066 [INFO] Fetching robots.txt from https://columbiacougars.com/robots.txt
2025-04-16 04:10:43,076 [INFO] Fetching robots.txt from https://www.twitch.tv/robots.txt
2025-04-16 04:10:43,321 [INFO] Fetching robots.txt from https://support-valorant.riotgames.com/robots.txt
2025-04-16 04:10:43,535 [INFO] Fetching robots.txt from https://twitter.com/robots.txt
2025-04-16 04:10:48,947 [INFO] Timeout occurred while fetching https://twitter.com/robots.txt
2025-04-16 04:10:48,948 [INFO] Skipping https://twitter.com/ValorantEsports as robots.txt could not be fetched.
2025-04-16 04:10:48,948 [INFO] Fetching robots.txt from https://valorant.fandom.com/robots.txt
2025-04-16 04:10:49,181 [INFO] Fetching robots.txt from https://www.uakron.edu/robots.txt
2025-04-16 04:10:50,427 [INFO] Fetching robots.txt from https://www.facebook.com/robots.txt
2025-04-16 04:10:50,572 [INFO] Scraping not allowed for https://www.facebook.com/ValorantEsportsVietnam/ as per robots.txt.
2025-04-16 04:10:50,573 [INFO] Collected 14 unique URLs so far
2025-04-16 04:10:53,179 [INFO] Google Search API returned 10 URLs
2025-04-16 04:10:53,180 [INFO] Blocked domain detected: www.xbox.com
2025-04-16 04:10:53,180 [INFO] Filtered 1 blocked domains
2025-04-16 04:10:53,180 [INFO] Fetching robots.txt from https://www.playstation.com/robots.txt
2025-04-16 04:10:53,872 [INFO] Fetching robots.txt from https://www.jmu.edu/robots.txt
2025-04-16 04:10:55,200 [INFO] Fetching robots.txt from https://www.niu.edu/robots.txt
2025-04-16 04:10:56,151 [INFO] Fetching robots.txt from https://www.uaf.edu/robots.txt
2025-04-16 04:10:57,990 [INFO] Fetching robots.txt from https://www.brookdalecc.edu/robots.txt
2025-04-16 04:10:58,441 [INFO] Non-200 response from https://www.brookdalecc.edu/robots.txt: 403
2025-04-16 04:10:58,442 [INFO] Skipping https://www.brookdalecc.edu/brookdale-esports-valorant-team-are-national-champions/ as robots.txt could not be fetched.
2025-04-16 04:10:58,442 [INFO] Fetching robots.txt from https://www.winthrop.edu/robots.txt
2025-04-16 04:10:59,743 [INFO] Fetching robots.txt from https://liquipedia.net/robots.txt
2025-04-16 04:11:00,276 [INFO] Fetching robots.txt from https://valorant.com/robots.txt
2025-04-16 04:11:02,256 [INFO] Fetching robots.txt from https://www.vlr.gg/robots.txt
2025-04-16 04:11:03,137 [INFO] Non-200 response from https://www.vlr.gg/robots.txt: 404
2025-04-16 04:11:03,137 [INFO] Skipping https://www.vlr.gg/team/11328/funplus-phoenix as robots.txt could not be fetched.
2025-04-16 04:11:03,138 [INFO] Collected 23 unique URLs so far
2025-04-16 04:11:03,138 [INFO] Limited URL collection to 20
2025-04-16 04:11:03,138 [INFO] Scraping content from 20 collected URLs...
2025-04-16 04:11:03,867 [INFO] newspaper3k extracted low-quality content from https://playvalorant.com/en-us/, trying BeautifulSoup
2025-04-16 04:11:03,877 [INFO] Failed to extract meaningful content from https://playvalorant.com/en-us/
2025-04-16 04:11:04,273 [INFO] newspaper3k extracted low-quality content from https://valorant.fandom.com/wiki/VALORANT_Wiki, trying BeautifulSoup
2025-04-16 04:11:04,370 [INFO] Failed to extract meaningful content from https://valorant.fandom.com/wiki/VALORANT_Wiki
2025-04-16 04:11:04,516 [INFO] newspaper3k extracted low-quality content from https://valorantesports.com/, trying BeautifulSoup
2025-04-16 04:11:04,596 [INFO] Failed to extract meaningful content from https://valorantesports.com/
2025-04-16 04:11:04,633 [INFO] newspaper3k extracted low-quality content from https://www.niu.edu/esports/play/varsity/valorant.shtml, trying BeautifulSoup
2025-04-16 04:11:04,653 [INFO] Failed to extract meaningful content from https://www.niu.edu/esports/play/varsity/valorant.shtml
2025-04-16 04:11:04,754 [ERROR] Access denied to https://tracker.gg/valorant: HTTP 403 Forbidden.
2025-04-16 04:11:05,687 [INFO] newspaper3k extracted low-quality content from https://www.uakron.edu/esports/varsity/valorant, trying BeautifulSoup
2025-04-16 04:11:05,701 [INFO] Failed to extract meaningful content from https://www.uakron.edu/esports/varsity/valorant
2025-04-16 04:11:06,005 [INFO] newspaper3k extracted low-quality content from https://www.twitch.tv/valorant_pacific, trying BeautifulSoup
2025-04-16 04:11:06,010 [INFO] Failed to extract meaningful content from https://www.twitch.tv/valorant_pacific
2025-04-16 04:11:06,227 [INFO] newspaper3k extracted low-quality content from https://columbiacougars.com/sports/valorant, trying BeautifulSoup
2025-04-16 04:11:06,242 [INFO] Failed to extract meaningful content from https://columbiacougars.com/sports/valorant
2025-04-16 04:11:06,627 [INFO] newspaper3k extracted low-quality content from https://playvalorant.com/en-us/download/, trying BeautifulSoup
2025-04-16 04:11:06,630 [INFO] Failed to extract meaningful content from https://playvalorant.com/en-us/download/
2025-04-16 04:11:06,671 [INFO] newspaper3k extracted low-quality content from https://www.uaf.edu/esports/teams/valorant.php, trying BeautifulSoup
2025-04-16 04:11:06,688 [INFO] Failed to extract meaningful content from https://www.uaf.edu/esports/teams/valorant.php
2025-04-16 04:11:07,067 [ERROR] Access denied to https://www.brookdalecc.edu/brookdale-esports-valorant-team-are-national-champions/: HTTP 403 Forbidden.
2025-04-16 04:11:07,422 [ERROR] Access denied to https://store.epicgames.com/en-US/p/valorant: HTTP 403 Forbidden.
2025-04-16 04:11:07,600 [INFO] newspaper3k extracted low-quality content from https://support-valorant.riotgames.com/hc/en-us, trying BeautifulSoup
2025-04-16 04:11:07,607 [INFO] Failed to extract meaningful content from https://support-valorant.riotgames.com/hc/en-us
2025-04-16 04:11:07,832 [INFO] newspaper3k extracted low-quality content from https://www.playstation.com/en-us/games/valorant/, trying BeautifulSoup
2025-04-16 04:11:08,246 [INFO] newspaper3k extracted low-quality content from https://www.riotgames.com/en, trying BeautifulSoup
2025-04-16 04:11:08,261 [INFO] Failed to extract meaningful content from https://www.riotgames.com/en
2025-04-16 04:11:18,905 [INFO] newspaper3k extracted low-quality content from https://www.winthrop.edu/esports/valorant-roster.aspx, trying BeautifulSoup
2025-04-16 04:11:18,926 [INFO] Failed to extract meaningful content from https://www.winthrop.edu/esports/valorant-roster.aspx
2025-04-16 04:11:18,969 [INFO] newspaper3k extracted low-quality content from https://www.jmu.edu/jmuxlabs/esports/valorant.shtml, trying BeautifulSoup
2025-04-16 04:11:18,990 [INFO] Failed to extract meaningful content from https://www.jmu.edu/jmuxlabs/esports/valorant.shtml
2025-04-16 04:11:19,423 [INFO] newspaper3k extracted low-quality content from https://open.spotify.com/artist/3wrFoI9EVjWg6m8xXeWr5t, trying BeautifulSoup
2025-04-16 04:11:19,425 [INFO] Failed to extract meaningful content from https://open.spotify.com/artist/3wrFoI9EVjWg6m8xXeWr5t
2025-04-16 04:11:23,951 [WARNING] Error fetching article at https://twitter.com/ValorantEsports: . Retrying in 1.5s (1/3)...
2025-04-16 04:11:40,947 [WARNING] Error fetching article at https://twitter.com/ValorantEsports: . Retrying in 3.0s (2/3)...
2025-04-16 04:11:59,939 [ERROR] Max retries reached for https://twitter.com/ValorantEsports: 
2025-04-16 04:11:59,940 [INFO] Article 'VALORANT's 128-Tick Servers' added to valid articles.
2025-04-16 04:11:59,940 [INFO] Article 'Valorant - PS5 Games | PlayStation' added to valid articles.
2025-04-16 04:11:59,946 [INFO] Formatted content for summarization with 3990 words
2025-04-16 04:11:59,949 [INFO] Summarizing chunk 1/7
2025-04-16 04:12:02,369 [WARNING] Gemini generated a short summary (0 words), using fallback
2025-04-16 04:12:02,369 [INFO] Using extractive summarization fallback
2025-04-16 04:12:02,370 [INFO] Summarizing chunk 2/7
2025-04-16 04:12:03,664 [INFO] Summarizing chunk 3/7
2025-04-16 04:12:05,149 [INFO] Summarizing chunk 4/7
2025-04-16 04:12:06,341 [INFO] Summarizing chunk 5/7
2025-04-16 04:12:07,661 [INFO] Summarizing chunk 6/7
2025-04-16 04:12:08,760 [INFO] Summarizing chunk 7/7
2025-04-16 04:12:09,720 [WARNING] Gemini generated a short summary (17 words), using fallback
2025-04-16 04:12:09,720 [INFO] Using extractive summarization fallback
2025-04-16 04:12:12,979 [WARNING] Gemini generated a short summary (181 words), using fallback
2025-04-16 04:12:12,980 [INFO] Using extractive summarization fallback
2025-04-16 04:12:12,981 [INFO] Summarization completed in 13.03 seconds
2025-04-16 04:12:12,981 [INFO] Generated summary with 102 words.
2025-04-16 04:12:12,981 [WARNING] Generated summary is too short (102 words). Attempting to regenerate.
2025-04-16 04:12:17,001 [WARNING] Gemini generated a short summary (255 words), using fallback
2025-04-16 04:12:17,001 [INFO] Using extractive summarization fallback
2025-04-16 04:12:17,003 [INFO] Regenerated summary with 103 words.
2025-04-16 04:12:17,003 [WARNING] Summary remains short (103 words), returning as is.
2025-04-16 04:12:17,988 [INFO] HTTP Request: POST https://api.elevenlabs.io/v1/text-to-speech/JBFqnCBsd6RMkjVDRZzb/stream "HTTP/1.1 401 Unauthorized"
2025-04-16 04:12:17,989 [ERROR] Text-to-speech conversion failed: status_code: 401, body: {'detail': {'status': 'quota_exceeded', 'message': 'This request exceeds your quota of 10000. You have 40 credits remaining, while 558 credits are required for this request.'}}
2025-04-16 04:12:17,990 [INFO] Data written to output.json.
2025-04-16 04:12:18,662 [INFO] HTTP Request: POST https://ljrlwlsqivyghpshguee.supabase.co/rest/v1/Queries "HTTP/2 201 Created"
2025-04-16 04:15:29,169 [INFO] Configuration loaded successfully
2025-04-16 04:15:29,414 [INFO] Gemini model initialized successfully
2025-04-16 04:15:30,184 [INFO] Using Supabase URL: https://ljrlwlsqivyghpshguee.supabase.co
2025-04-16 04:15:30,185 [INFO] API Key found (masked): eyJh********************************************************************************************************************************************************************************************************K5Tg
2025-04-16 04:15:30,185 [INFO] Supabase username and password found in environment variables
2025-04-16 04:15:30,431 [INFO] Supabase client initialized successfully
2025-04-16 04:15:30,675 [INFO] Successfully created Supabase client
2025-04-16 04:15:31,371 [INFO] HTTP Request: GET https://ljrlwlsqivyghpshguee.supabase.co/rest/v1/Users?select=count&limit=1 "HTTP/2 200 OK"
2025-04-16 04:15:31,375 [INFO] Successfully connected to Supabase
2025-04-16 04:15:31,376 [INFO] Successfully connected to Supabase at startup
2025-04-16 04:21:13,401 [INFO] Using custom image with a clear face: https://raw.githubusercontent.com/tallal02/my-public-images/main/hamza.jpg
2025-04-16 04:21:18,912 [ERROR] Error generating video: 402 Client Error: Payment Required for url: https://api.d-id.com/talks
2025-04-16 04:22:08,852 [INFO] Configuration loaded successfully
2025-04-16 04:22:09,088 [INFO] Gemini model initialized successfully
2025-04-16 04:22:09,859 [INFO] Using Supabase URL: https://ljrlwlsqivyghpshguee.supabase.co
2025-04-16 04:22:09,859 [INFO] API Key found (masked): eyJh********************************************************************************************************************************************************************************************************K5Tg
2025-04-16 04:22:09,859 [INFO] Supabase username and password found in environment variables
2025-04-16 04:22:10,098 [INFO] Supabase client initialized successfully
2025-04-16 04:22:10,356 [INFO] Successfully created Supabase client
2025-04-16 04:22:11,052 [INFO] HTTP Request: GET https://ljrlwlsqivyghpshguee.supabase.co/rest/v1/Users?select=count&limit=1 "HTTP/2 200 OK"
2025-04-16 04:22:11,056 [INFO] Successfully connected to Supabase
2025-04-16 04:22:11,056 [INFO] Successfully connected to Supabase at startup
2025-04-16 04:23:11,529 [INFO] Using custom image with a clear face: https://raw.githubusercontent.com/tallal02/my-public-images/main/hamza.jpg
2025-04-16 04:23:16,894 [ERROR] Error generating video: 402 Client Error: Payment Required for url: https://api.d-id.com/talks
2025-04-16 04:23:53,522 [INFO] Configuration loaded successfully
2025-04-16 04:23:53,776 [INFO] Gemini model initialized successfully
2025-04-16 04:23:54,492 [INFO] Using Supabase URL: https://ljrlwlsqivyghpshguee.supabase.co
2025-04-16 04:23:54,492 [INFO] API Key found (masked): eyJh********************************************************************************************************************************************************************************************************K5Tg
2025-04-16 04:23:54,493 [INFO] Supabase username and password found in environment variables
2025-04-16 04:23:54,756 [INFO] Supabase client initialized successfully
2025-04-16 04:23:54,994 [INFO] Successfully created Supabase client
2025-04-16 04:23:55,655 [INFO] HTTP Request: GET https://ljrlwlsqivyghpshguee.supabase.co/rest/v1/Users?select=count&limit=1 "HTTP/2 200 OK"
2025-04-16 04:23:55,658 [INFO] Successfully connected to Supabase
2025-04-16 04:23:55,659 [INFO] Successfully connected to Supabase at startup
2025-04-16 04:24:07,461 [INFO] Scrape request received: Query='valorant', Num URLs=10
2025-04-16 04:24:07,461 [INFO] Starting collection process for query: 'valorant'
2025-04-16 04:24:07,461 [INFO] Desired article count: 10
2025-04-16 04:24:09,042 [INFO] Google Search API returned 10 URLs
2025-04-16 04:24:09,042 [INFO] Blocked domain detected: www.reddit.com
2025-04-16 04:24:09,042 [INFO] Blocked domain detected: en.wikipedia.org
2025-04-16 04:24:09,043 [INFO] Blocked domain detected: x.com
2025-04-16 04:24:09,043 [INFO] Blocked domain detected: www.youtube.com
2025-04-16 04:24:09,043 [INFO] Filtered 4 blocked domains
2025-04-16 04:24:09,043 [INFO] Fetching robots.txt from https://playvalorant.com/robots.txt
2025-04-16 04:24:09,873 [INFO] Fetching robots.txt from https://playvalorant.com/robots.txt
2025-04-16 04:24:10,466 [INFO] Fetching robots.txt from https://www.riotgames.com/robots.txt
2025-04-16 04:24:11,378 [INFO] Fetching robots.txt from https://valorantesports.com/robots.txt
2025-04-16 04:24:11,869 [INFO] Fetching robots.txt from https://tracker.gg/robots.txt
2025-04-16 04:24:11,964 [INFO] Fetching robots.txt from https://technology.riotgames.com/robots.txt
2025-04-16 04:24:12,141 [INFO] Collected 6 unique URLs so far
2025-04-16 04:24:14,751 [INFO] Google Search API returned 10 URLs
2025-04-16 04:24:14,752 [INFO] Blocked domain detected: www.instagram.com
2025-04-16 04:24:14,752 [INFO] Filtered 1 blocked domains
2025-04-16 04:24:14,752 [INFO] Fetching robots.txt from https://store.epicgames.com/robots.txt
2025-04-16 04:24:15,378 [INFO] Non-200 response from https://store.epicgames.com/robots.txt: 403
2025-04-16 04:24:15,378 [INFO] Skipping https://store.epicgames.com/en-US/p/valorant as robots.txt could not be fetched.
2025-04-16 04:24:15,379 [INFO] Fetching robots.txt from https://open.spotify.com/robots.txt
2025-04-16 04:24:15,514 [INFO] Fetching robots.txt from https://columbiacougars.com/robots.txt
2025-04-16 04:24:16,547 [INFO] Fetching robots.txt from https://www.twitch.tv/robots.txt
2025-04-16 04:24:16,793 [INFO] Fetching robots.txt from https://support-valorant.riotgames.com/robots.txt
2025-04-16 04:24:16,989 [INFO] Fetching robots.txt from https://twitter.com/robots.txt
2025-04-16 04:24:22,944 [INFO] Timeout occurred while fetching https://twitter.com/robots.txt
2025-04-16 04:24:22,944 [INFO] Skipping https://twitter.com/ValorantEsports as robots.txt could not be fetched.
2025-04-16 04:24:22,944 [INFO] Fetching robots.txt from https://valorant.fandom.com/robots.txt
2025-04-16 04:24:23,086 [INFO] Fetching robots.txt from https://www.uakron.edu/robots.txt
2025-04-16 04:24:24,206 [INFO] Fetching robots.txt from https://www.facebook.com/robots.txt
2025-04-16 04:24:24,352 [INFO] Scraping not allowed for https://www.facebook.com/ValorantEsportsVietnam/ as per robots.txt.
2025-04-16 04:24:24,352 [INFO] Collected 14 unique URLs so far
2025-04-16 04:24:26,947 [INFO] Google Search API returned 10 URLs
2025-04-16 04:24:26,947 [INFO] Blocked domain detected: www.xbox.com
2025-04-16 04:24:26,948 [INFO] Filtered 1 blocked domains
2025-04-16 04:24:26,948 [INFO] Fetching robots.txt from https://www.playstation.com/robots.txt
2025-04-16 04:24:27,441 [INFO] Fetching robots.txt from https://www.jmu.edu/robots.txt
2025-04-16 04:24:28,318 [INFO] Fetching robots.txt from https://www.niu.edu/robots.txt
2025-04-16 04:24:29,252 [INFO] Fetching robots.txt from https://www.uaf.edu/robots.txt
2025-04-16 04:24:30,850 [INFO] Fetching robots.txt from https://www.brookdalecc.edu/robots.txt
2025-04-16 04:24:31,300 [INFO] Non-200 response from https://www.brookdalecc.edu/robots.txt: 403
2025-04-16 04:24:31,300 [INFO] Skipping https://www.brookdalecc.edu/brookdale-esports-valorant-team-are-national-champions/ as robots.txt could not be fetched.
2025-04-16 04:24:31,301 [INFO] Fetching robots.txt from https://www.winthrop.edu/robots.txt
2025-04-16 04:24:32,201 [INFO] Fetching robots.txt from https://liquipedia.net/robots.txt
2025-04-16 04:24:32,764 [INFO] Fetching robots.txt from https://valorant.com/robots.txt
2025-04-16 04:24:34,975 [INFO] Fetching robots.txt from https://www.vlr.gg/robots.txt
2025-04-16 04:24:35,925 [INFO] Non-200 response from https://www.vlr.gg/robots.txt: 404
2025-04-16 04:24:35,926 [INFO] Skipping https://www.vlr.gg/team/11328/funplus-phoenix as robots.txt could not be fetched.
2025-04-16 04:24:35,926 [INFO] Collected 23 unique URLs so far
2025-04-16 04:24:35,926 [INFO] Limited URL collection to 20
2025-04-16 04:24:35,926 [INFO] Scraping content from 20 collected URLs...
2025-04-16 04:24:36,949 [INFO] newspaper3k extracted low-quality content from https://www.niu.edu/esports/play/varsity/valorant.shtml, trying BeautifulSoup
2025-04-16 04:24:36,976 [INFO] Failed to extract meaningful content from https://www.niu.edu/esports/play/varsity/valorant.shtml
2025-04-16 04:24:37,125 [INFO] newspaper3k extracted low-quality content from https://valorantesports.com/, trying BeautifulSoup
2025-04-16 04:24:37,203 [INFO] Failed to extract meaningful content from https://valorantesports.com/
2025-04-16 04:24:37,231 [INFO] newspaper3k extracted low-quality content from https://playvalorant.com/en-us/, trying BeautifulSoup
2025-04-16 04:24:37,241 [INFO] Failed to extract meaningful content from https://playvalorant.com/en-us/
2025-04-16 04:24:37,352 [ERROR] Access denied to https://tracker.gg/valorant: HTTP 403 Forbidden.
2025-04-16 04:24:37,719 [INFO] newspaper3k extracted low-quality content from https://valorant.fandom.com/wiki/VALORANT_Wiki, trying BeautifulSoup
2025-04-16 04:24:37,819 [INFO] Failed to extract meaningful content from https://valorant.fandom.com/wiki/VALORANT_Wiki
2025-04-16 04:24:38,756 [INFO] newspaper3k extracted low-quality content from https://www.uakron.edu/esports/varsity/valorant, trying BeautifulSoup
2025-04-16 04:24:38,769 [INFO] Failed to extract meaningful content from https://www.uakron.edu/esports/varsity/valorant
2025-04-16 04:24:39,073 [INFO] newspaper3k extracted low-quality content from https://www.twitch.tv/valorant_pacific, trying BeautifulSoup
2025-04-16 04:24:39,078 [INFO] Failed to extract meaningful content from https://www.twitch.tv/valorant_pacific
2025-04-16 04:24:39,563 [INFO] newspaper3k extracted low-quality content from https://www.uaf.edu/esports/teams/valorant.php, trying BeautifulSoup
2025-04-16 04:24:39,580 [INFO] Failed to extract meaningful content from https://www.uaf.edu/esports/teams/valorant.php
2025-04-16 04:24:39,997 [INFO] newspaper3k extracted low-quality content from https://playvalorant.com/en-us/download/, trying BeautifulSoup
2025-04-16 04:24:40,000 [INFO] Failed to extract meaningful content from https://playvalorant.com/en-us/download/
2025-04-16 04:24:40,087 [ERROR] Access denied to https://www.brookdalecc.edu/brookdale-esports-valorant-team-are-national-champions/: HTTP 403 Forbidden.
2025-04-16 04:24:40,724 [INFO] newspaper3k extracted low-quality content from https://support-valorant.riotgames.com/hc/en-us, trying BeautifulSoup
2025-04-16 04:24:40,731 [INFO] Failed to extract meaningful content from https://support-valorant.riotgames.com/hc/en-us
2025-04-16 04:24:41,112 [INFO] newspaper3k extracted low-quality content from https://www.playstation.com/en-us/games/valorant/, trying BeautifulSoup
2025-04-16 04:24:41,320 [ERROR] Access denied to https://store.epicgames.com/en-US/p/valorant: HTTP 403 Forbidden.
2025-04-16 04:24:41,969 [INFO] newspaper3k extracted low-quality content from https://www.riotgames.com/en, trying BeautifulSoup
2025-04-16 04:24:41,984 [INFO] Failed to extract meaningful content from https://www.riotgames.com/en
2025-04-16 04:24:42,415 [INFO] newspaper3k extracted low-quality content from https://columbiacougars.com/sports/valorant, trying BeautifulSoup
2025-04-16 04:24:42,429 [INFO] Failed to extract meaningful content from https://columbiacougars.com/sports/valorant
2025-04-16 04:24:52,524 [INFO] newspaper3k extracted low-quality content from https://www.winthrop.edu/esports/valorant-roster.aspx, trying BeautifulSoup
2025-04-16 04:24:52,549 [INFO] Failed to extract meaningful content from https://www.winthrop.edu/esports/valorant-roster.aspx
2025-04-16 04:24:52,942 [INFO] newspaper3k extracted low-quality content from https://open.spotify.com/artist/3wrFoI9EVjWg6m8xXeWr5t, trying BeautifulSoup
2025-04-16 04:24:52,944 [INFO] Failed to extract meaningful content from https://open.spotify.com/artist/3wrFoI9EVjWg6m8xXeWr5t
2025-04-16 04:24:53,192 [INFO] newspaper3k extracted low-quality content from https://www.jmu.edu/jmuxlabs/esports/valorant.shtml, trying BeautifulSoup
2025-04-16 04:24:53,211 [INFO] Failed to extract meaningful content from https://www.jmu.edu/jmuxlabs/esports/valorant.shtml
2025-04-16 04:24:57,955 [WARNING] Error fetching article at https://twitter.com/ValorantEsports: . Retrying in 1.5s (1/3)...
2025-04-16 04:25:14,934 [WARNING] Error fetching article at https://twitter.com/ValorantEsports: . Retrying in 3.0s (2/3)...
2025-04-16 04:25:32,960 [ERROR] Max retries reached for https://twitter.com/ValorantEsports: 
2025-04-16 04:25:32,961 [INFO] Article 'VALORANT's 128-Tick Servers' added to valid articles.
2025-04-16 04:25:32,961 [INFO] Article 'Valorant - PS5 Games | PlayStation' added to valid articles.
2025-04-16 04:25:32,967 [INFO] Formatted content for summarization with 3990 words
2025-04-16 04:25:32,969 [INFO] Summarizing chunk 1/7
2025-04-16 04:25:35,349 [WARNING] Gemini generated a short summary (0 words), using fallback
2025-04-16 04:25:35,349 [INFO] Using extractive summarization fallback
2025-04-16 04:25:35,349 [INFO] Summarizing chunk 2/7
2025-04-16 04:25:36,670 [INFO] Summarizing chunk 3/7
2025-04-16 04:25:38,045 [INFO] Summarizing chunk 4/7
2025-04-16 04:25:39,195 [INFO] Summarizing chunk 5/7
2025-04-16 04:25:40,423 [INFO] Summarizing chunk 6/7
2025-04-16 04:25:41,535 [INFO] Summarizing chunk 7/7
2025-04-16 04:25:42,534 [WARNING] Gemini generated a short summary (17 words), using fallback
2025-04-16 04:25:42,535 [INFO] Using extractive summarization fallback
2025-04-16 04:25:45,536 [WARNING] Gemini generated a short summary (161 words), using fallback
2025-04-16 04:25:45,536 [INFO] Using extractive summarization fallback
2025-04-16 04:25:45,537 [INFO] Summarization completed in 12.57 seconds
2025-04-16 04:25:45,537 [INFO] Generated summary with 97 words.
2025-04-16 04:25:45,537 [WARNING] Generated summary is too short (97 words). Attempting to regenerate.
2025-04-16 04:25:49,616 [WARNING] Gemini generated a short summary (261 words), using fallback
2025-04-16 04:25:49,616 [INFO] Using extractive summarization fallback
2025-04-16 04:25:49,617 [INFO] Regenerated summary with 103 words.
2025-04-16 04:25:49,617 [WARNING] Summary remains short (103 words), returning as is.
2025-04-16 04:25:50,351 [INFO] HTTP Request: POST https://api.elevenlabs.io/v1/text-to-speech/JBFqnCBsd6RMkjVDRZzb/stream "HTTP/1.1 401 Unauthorized"
2025-04-16 04:25:50,352 [ERROR] Text-to-speech conversion failed: status_code: 401, body: {'detail': {'status': 'quota_exceeded', 'message': 'This request exceeds your quota of 10000. You have 40 credits remaining, while 558 credits are required for this request.'}}
2025-04-16 04:25:50,353 [INFO] Data written to output.json.
2025-04-16 04:25:51,015 [INFO] HTTP Request: POST https://ljrlwlsqivyghpshguee.supabase.co/rest/v1/Queries "HTTP/2 201 Created"
2025-04-16 04:27:21,837 [INFO] Using custom image with a clear face: https://raw.githubusercontent.com/tallal02/my-public-images/main/hamza.jpg
2025-04-16 04:27:27,851 [ERROR] Error generating video: 402 Client Error: Payment Required for url: https://api.d-id.com/talks
2025-04-16 04:28:58,421 [INFO] Configuration loaded successfully
2025-04-16 04:28:58,676 [INFO] Gemini model initialized successfully
2025-04-16 04:28:59,417 [INFO] Using Supabase URL: https://ljrlwlsqivyghpshguee.supabase.co
2025-04-16 04:28:59,417 [INFO] API Key found (masked): eyJh********************************************************************************************************************************************************************************************************K5Tg
2025-04-16 04:28:59,417 [INFO] Supabase username and password found in environment variables
2025-04-16 04:28:59,659 [INFO] Supabase client initialized successfully
2025-04-16 04:28:59,900 [INFO] Successfully created Supabase client
2025-04-16 04:29:00,616 [INFO] HTTP Request: GET https://ljrlwlsqivyghpshguee.supabase.co/rest/v1/Users?select=count&limit=1 "HTTP/2 200 OK"
2025-04-16 04:29:00,620 [INFO] Successfully connected to Supabase
2025-04-16 04:29:00,621 [INFO] Successfully connected to Supabase at startup
2025-04-16 04:29:21,089 [INFO] Scrape request received: Query='valorant', Num URLs=10
2025-04-16 04:29:21,090 [INFO] Starting collection process for query: 'valorant'
2025-04-16 04:29:21,090 [INFO] Desired article count: 10
2025-04-16 04:29:22,659 [INFO] Google Search API returned 10 URLs
2025-04-16 04:29:22,659 [INFO] Blocked domain detected: www.reddit.com
2025-04-16 04:29:22,660 [INFO] Blocked domain detected: en.wikipedia.org
2025-04-16 04:29:22,660 [INFO] Blocked domain detected: x.com
2025-04-16 04:29:22,660 [INFO] Blocked domain detected: www.youtube.com
2025-04-16 04:29:22,660 [INFO] Filtered 4 blocked domains
2025-04-16 04:29:22,660 [INFO] Fetching robots.txt from https://playvalorant.com/robots.txt
2025-04-16 04:29:23,280 [INFO] Fetching robots.txt from https://playvalorant.com/robots.txt
2025-04-16 04:29:23,833 [INFO] Fetching robots.txt from https://www.riotgames.com/robots.txt
2025-04-16 04:29:24,859 [INFO] Fetching robots.txt from https://valorantesports.com/robots.txt
2025-04-16 04:29:25,464 [INFO] Fetching robots.txt from https://tracker.gg/robots.txt
2025-04-16 04:29:25,559 [INFO] Fetching robots.txt from https://technology.riotgames.com/robots.txt
2025-04-16 04:29:25,785 [INFO] Collected 6 unique URLs so far
2025-04-16 04:29:28,391 [INFO] Google Search API returned 10 URLs
2025-04-16 04:29:28,392 [INFO] Blocked domain detected: www.instagram.com
2025-04-16 04:29:28,392 [INFO] Filtered 1 blocked domains
2025-04-16 04:29:28,392 [INFO] Fetching robots.txt from https://store.epicgames.com/robots.txt
2025-04-16 04:29:28,990 [INFO] Non-200 response from https://store.epicgames.com/robots.txt: 403
2025-04-16 04:29:28,991 [INFO] Skipping https://store.epicgames.com/en-US/p/valorant as robots.txt could not be fetched.
2025-04-16 04:29:28,991 [INFO] Fetching robots.txt from https://open.spotify.com/robots.txt
2025-04-16 04:29:29,130 [INFO] Fetching robots.txt from https://columbiacougars.com/robots.txt
2025-04-16 04:29:30,212 [INFO] Fetching robots.txt from https://www.twitch.tv/robots.txt
2025-04-16 04:29:30,477 [INFO] Fetching robots.txt from https://support-valorant.riotgames.com/robots.txt
2025-04-16 04:29:30,725 [INFO] Fetching robots.txt from https://twitter.com/robots.txt
2025-04-16 04:29:35,961 [INFO] Timeout occurred while fetching https://twitter.com/robots.txt
2025-04-16 04:29:35,961 [INFO] Skipping https://twitter.com/ValorantEsports as robots.txt could not be fetched.
2025-04-16 04:29:35,961 [INFO] Fetching robots.txt from https://valorant.fandom.com/robots.txt
2025-04-16 04:29:36,257 [INFO] Fetching robots.txt from https://www.uakron.edu/robots.txt
2025-04-16 04:29:37,500 [INFO] Fetching robots.txt from https://www.facebook.com/robots.txt
2025-04-16 04:29:37,648 [INFO] Scraping not allowed for https://www.facebook.com/ValorantEsportsVietnam/ as per robots.txt.
2025-04-16 04:29:37,649 [INFO] Collected 14 unique URLs so far
2025-04-16 04:29:40,241 [INFO] Google Search API returned 10 URLs
2025-04-16 04:29:40,242 [INFO] Blocked domain detected: www.xbox.com
2025-04-16 04:29:40,242 [INFO] Filtered 1 blocked domains
2025-04-16 04:29:40,242 [INFO] Fetching robots.txt from https://www.playstation.com/robots.txt
2025-04-16 04:29:41,009 [INFO] Fetching robots.txt from https://www.jmu.edu/robots.txt
2025-04-16 04:29:42,287 [INFO] Fetching robots.txt from https://www.niu.edu/robots.txt
2025-04-16 04:29:43,241 [INFO] Fetching robots.txt from https://www.uaf.edu/robots.txt
2025-04-16 04:29:45,190 [INFO] Fetching robots.txt from https://www.brookdalecc.edu/robots.txt
2025-04-16 04:29:45,634 [INFO] Non-200 response from https://www.brookdalecc.edu/robots.txt: 403
2025-04-16 04:29:45,634 [INFO] Skipping https://www.brookdalecc.edu/brookdale-esports-valorant-team-are-national-champions/ as robots.txt could not be fetched.
2025-04-16 04:29:45,635 [INFO] Fetching robots.txt from https://www.winthrop.edu/robots.txt
2025-04-16 04:29:46,937 [INFO] Fetching robots.txt from https://liquipedia.net/robots.txt
2025-04-16 04:29:47,477 [INFO] Fetching robots.txt from https://valorant.com/robots.txt
2025-04-16 04:29:49,392 [INFO] Fetching robots.txt from https://www.vlr.gg/robots.txt
2025-04-16 04:29:50,341 [INFO] Non-200 response from https://www.vlr.gg/robots.txt: 404
2025-04-16 04:29:50,342 [INFO] Skipping https://www.vlr.gg/team/11328/funplus-phoenix as robots.txt could not be fetched.
2025-04-16 04:29:50,342 [INFO] Collected 23 unique URLs so far
2025-04-16 04:29:50,342 [INFO] Limited URL collection to 20
2025-04-16 04:29:50,342 [INFO] Scraping content from 20 collected URLs...
2025-04-16 04:29:51,234 [INFO] newspaper3k extracted low-quality content from https://playvalorant.com/en-us/, trying BeautifulSoup
2025-04-16 04:29:51,250 [INFO] Failed to extract meaningful content from https://playvalorant.com/en-us/
2025-04-16 04:29:51,452 [INFO] newspaper3k extracted low-quality content from https://valorantesports.com/, trying BeautifulSoup
2025-04-16 04:29:51,552 [INFO] Failed to extract meaningful content from https://valorantesports.com/
2025-04-16 04:29:51,600 [INFO] newspaper3k extracted low-quality content from https://www.niu.edu/esports/play/varsity/valorant.shtml, trying BeautifulSoup
2025-04-16 04:29:51,624 [INFO] Failed to extract meaningful content from https://www.niu.edu/esports/play/varsity/valorant.shtml
2025-04-16 04:29:51,743 [ERROR] Access denied to https://tracker.gg/valorant: HTTP 403 Forbidden.
2025-04-16 04:29:52,553 [INFO] newspaper3k extracted low-quality content from https://valorant.fandom.com/wiki/VALORANT_Wiki, trying BeautifulSoup
2025-04-16 04:29:52,714 [INFO] Failed to extract meaningful content from https://valorant.fandom.com/wiki/VALORANT_Wiki
2025-04-16 04:29:53,516 [INFO] newspaper3k extracted low-quality content from https://columbiacougars.com/sports/valorant, trying BeautifulSoup
2025-04-16 04:29:53,544 [INFO] Failed to extract meaningful content from https://columbiacougars.com/sports/valorant
2025-04-16 04:29:53,692 [INFO] newspaper3k extracted low-quality content from https://www.uakron.edu/esports/varsity/valorant, trying BeautifulSoup
2025-04-16 04:29:53,719 [INFO] Failed to extract meaningful content from https://www.uakron.edu/esports/varsity/valorant
2025-04-16 04:29:53,852 [INFO] newspaper3k extracted low-quality content from https://www.twitch.tv/valorant_pacific, trying BeautifulSoup
2025-04-16 04:29:53,859 [INFO] Failed to extract meaningful content from https://www.twitch.tv/valorant_pacific
2025-04-16 04:29:54,175 [INFO] newspaper3k extracted low-quality content from https://www.uaf.edu/esports/teams/valorant.php, trying BeautifulSoup
2025-04-16 04:29:54,209 [INFO] Failed to extract meaningful content from https://www.uaf.edu/esports/teams/valorant.php
2025-04-16 04:29:54,242 [INFO] newspaper3k extracted low-quality content from https://playvalorant.com/en-us/download/, trying BeautifulSoup
2025-04-16 04:29:54,247 [INFO] Failed to extract meaningful content from https://playvalorant.com/en-us/download/
2025-04-16 04:29:54,316 [ERROR] Access denied to https://www.brookdalecc.edu/brookdale-esports-valorant-team-are-national-champions/: HTTP 403 Forbidden.
2025-04-16 04:29:55,046 [INFO] newspaper3k extracted low-quality content from https://support-valorant.riotgames.com/hc/en-us, trying BeautifulSoup
2025-04-16 04:29:55,055 [INFO] Failed to extract meaningful content from https://support-valorant.riotgames.com/hc/en-us
2025-04-16 04:29:55,582 [INFO] newspaper3k extracted low-quality content from https://www.playstation.com/en-us/games/valorant/, trying BeautifulSoup
2025-04-16 04:29:55,667 [ERROR] Access denied to https://store.epicgames.com/en-US/p/valorant: HTTP 403 Forbidden.
2025-04-16 04:29:56,002 [INFO] newspaper3k extracted low-quality content from https://www.riotgames.com/en, trying BeautifulSoup
2025-04-16 04:29:56,018 [INFO] Failed to extract meaningful content from https://www.riotgames.com/en
2025-04-16 04:30:07,552 [INFO] newspaper3k extracted low-quality content from https://www.winthrop.edu/esports/valorant-roster.aspx, trying BeautifulSoup
2025-04-16 04:30:07,576 [INFO] Failed to extract meaningful content from https://www.winthrop.edu/esports/valorant-roster.aspx
2025-04-16 04:30:07,619 [INFO] newspaper3k extracted low-quality content from https://www.jmu.edu/jmuxlabs/esports/valorant.shtml, trying BeautifulSoup
2025-04-16 04:30:07,640 [INFO] Failed to extract meaningful content from https://www.jmu.edu/jmuxlabs/esports/valorant.shtml
2025-04-16 04:30:08,067 [INFO] newspaper3k extracted low-quality content from https://open.spotify.com/artist/3wrFoI9EVjWg6m8xXeWr5t, trying BeautifulSoup
2025-04-16 04:30:08,072 [INFO] Failed to extract meaningful content from https://open.spotify.com/artist/3wrFoI9EVjWg6m8xXeWr5t
2025-04-16 04:30:11,950 [WARNING] Error fetching article at https://twitter.com/ValorantEsports: . Retrying in 1.5s (1/3)...
2025-04-16 04:30:28,957 [WARNING] Error fetching article at https://twitter.com/ValorantEsports: . Retrying in 3.0s (2/3)...
2025-04-16 04:30:46,955 [ERROR] Max retries reached for https://twitter.com/ValorantEsports: 
2025-04-16 04:30:46,956 [INFO] Article 'VALORANT's 128-Tick Servers' added to valid articles.
2025-04-16 04:30:46,956 [INFO] Article 'Valorant - PS5 Games | PlayStation' added to valid articles.
2025-04-16 04:30:46,962 [INFO] Formatted content for summarization with 3990 words
2025-04-16 04:30:46,966 [INFO] Summarizing chunk 1/7
2025-04-16 04:30:49,486 [WARNING] Gemini generated a short summary (16 words), using fallback
2025-04-16 04:30:49,486 [INFO] Using extractive summarization fallback
2025-04-16 04:30:49,486 [INFO] Summarizing chunk 2/7
2025-04-16 04:30:50,737 [INFO] Summarizing chunk 3/7
2025-04-16 04:30:52,046 [INFO] Summarizing chunk 4/7
2025-04-16 04:30:53,231 [INFO] Summarizing chunk 5/7
2025-04-16 04:30:54,533 [INFO] Summarizing chunk 6/7
2025-04-16 04:30:55,580 [INFO] Summarizing chunk 7/7
2025-04-16 04:30:56,596 [WARNING] Gemini generated a short summary (0 words), using fallback
2025-04-16 04:30:56,596 [INFO] Using extractive summarization fallback
2025-04-16 04:30:59,792 [WARNING] Gemini generated a short summary (173 words), using fallback
2025-04-16 04:30:59,793 [INFO] Using extractive summarization fallback
2025-04-16 04:30:59,795 [INFO] Summarization completed in 12.83 seconds
2025-04-16 04:30:59,795 [INFO] Generated summary with 154 words.
2025-04-16 04:30:59,795 [WARNING] Generated summary is too short (154 words). Attempting to regenerate.
2025-04-16 04:31:03,952 [WARNING] Gemini generated a short summary (246 words), using fallback
2025-04-16 04:31:03,953 [INFO] Using extractive summarization fallback
2025-04-16 04:31:03,955 [INFO] Regenerated summary with 103 words.
2025-04-16 04:31:03,955 [WARNING] Summary remains short (154 words), returning as is.
2025-04-16 04:31:04,644 [INFO] HTTP Request: POST https://api.elevenlabs.io/v1/text-to-speech/JBFqnCBsd6RMkjVDRZzb/stream "HTTP/1.1 401 Unauthorized"
2025-04-16 04:31:04,645 [ERROR] Text-to-speech conversion failed: status_code: 401, body: {'detail': {'status': 'quota_exceeded', 'message': 'This request exceeds your quota of 10000. You have 40 credits remaining, while 992 credits are required for this request.'}}
2025-04-16 04:31:04,646 [INFO] Data written to output.json.
2025-04-16 04:31:05,361 [INFO] HTTP Request: POST https://ljrlwlsqivyghpshguee.supabase.co/rest/v1/Queries "HTTP/2 201 Created"
2025-04-16 04:31:48,599 [INFO] Scrape request received: Query='valorant', Num URLs=10
2025-04-16 04:31:48,599 [INFO] Starting collection process for query: 'valorant'
2025-04-16 04:31:48,599 [INFO] Desired article count: 10
2025-04-16 04:31:50,157 [INFO] Google Search API returned 10 URLs
2025-04-16 04:31:50,159 [INFO] Blocked domain detected: www.reddit.com
2025-04-16 04:31:50,159 [INFO] Blocked domain detected: en.wikipedia.org
2025-04-16 04:31:50,159 [INFO] Blocked domain detected: x.com
2025-04-16 04:31:50,160 [INFO] Blocked domain detected: www.youtube.com
2025-04-16 04:31:50,160 [INFO] Filtered 4 blocked domains
2025-04-16 04:31:50,160 [INFO] Fetching robots.txt from https://playvalorant.com/robots.txt
2025-04-16 04:31:51,033 [INFO] Fetching robots.txt from https://playvalorant.com/robots.txt
2025-04-16 04:31:51,689 [INFO] Fetching robots.txt from https://www.riotgames.com/robots.txt
2025-04-16 04:31:52,596 [INFO] Fetching robots.txt from https://valorantesports.com/robots.txt
2025-04-16 04:31:52,997 [INFO] Fetching robots.txt from https://tracker.gg/robots.txt
2025-04-16 04:31:53,088 [INFO] Fetching robots.txt from https://technology.riotgames.com/robots.txt
2025-04-16 04:31:53,182 [INFO] Collected 6 unique URLs so far
2025-04-16 04:31:55,886 [INFO] Google Search API returned 10 URLs
2025-04-16 04:31:55,887 [INFO] Blocked domain detected: www.instagram.com
2025-04-16 04:31:55,887 [INFO] Filtered 1 blocked domains
2025-04-16 04:31:55,887 [INFO] Fetching robots.txt from https://store.epicgames.com/robots.txt
2025-04-16 04:31:56,241 [INFO] Non-200 response from https://store.epicgames.com/robots.txt: 403
2025-04-16 04:31:56,242 [INFO] Skipping https://store.epicgames.com/en-US/p/valorant as robots.txt could not be fetched.
2025-04-16 04:31:56,242 [INFO] Fetching robots.txt from https://open.spotify.com/robots.txt
2025-04-16 04:31:56,394 [INFO] Fetching robots.txt from https://columbiacougars.com/robots.txt
2025-04-16 04:31:57,412 [INFO] Fetching robots.txt from https://www.twitch.tv/robots.txt
2025-04-16 04:31:57,660 [INFO] Fetching robots.txt from https://support-valorant.riotgames.com/robots.txt
2025-04-16 04:31:57,757 [INFO] Fetching robots.txt from https://twitter.com/robots.txt
2025-04-16 04:32:02,960 [INFO] Timeout occurred while fetching https://twitter.com/robots.txt
2025-04-16 04:32:02,960 [INFO] Skipping https://twitter.com/ValorantEsports as robots.txt could not be fetched.
2025-04-16 04:32:02,960 [INFO] Fetching robots.txt from https://valorant.fandom.com/robots.txt
2025-04-16 04:32:03,100 [INFO] Fetching robots.txt from https://www.uakron.edu/robots.txt
2025-04-16 04:32:04,328 [INFO] Fetching robots.txt from https://www.facebook.com/robots.txt
2025-04-16 04:32:04,480 [INFO] Scraping not allowed for https://www.facebook.com/ValorantEsportsVietnam/ as per robots.txt.
2025-04-16 04:32:04,481 [INFO] Collected 14 unique URLs so far
2025-04-16 04:32:07,074 [INFO] Google Search API returned 10 URLs
2025-04-16 04:32:07,075 [INFO] Blocked domain detected: www.xbox.com
2025-04-16 04:32:07,076 [INFO] Filtered 1 blocked domains
2025-04-16 04:32:07,076 [INFO] Fetching robots.txt from https://www.playstation.com/robots.txt
2025-04-16 04:32:07,629 [INFO] Fetching robots.txt from https://www.jmu.edu/robots.txt
2025-04-16 04:32:08,489 [INFO] Fetching robots.txt from https://www.niu.edu/robots.txt
2025-04-16 04:32:09,441 [INFO] Fetching robots.txt from https://www.uaf.edu/robots.txt
2025-04-16 04:32:10,792 [INFO] Fetching robots.txt from https://www.brookdalecc.edu/robots.txt
2025-04-16 04:32:11,366 [INFO] Non-200 response from https://www.brookdalecc.edu/robots.txt: 403
2025-04-16 04:32:11,366 [INFO] Skipping https://www.brookdalecc.edu/brookdale-esports-valorant-team-are-national-champions/ as robots.txt could not be fetched.
2025-04-16 04:32:11,366 [INFO] Fetching robots.txt from https://www.winthrop.edu/robots.txt
2025-04-16 04:32:13,827 [INFO] Fetching robots.txt from https://liquipedia.net/robots.txt
2025-04-16 04:32:14,309 [INFO] Fetching robots.txt from https://valorant.com/robots.txt
2025-04-16 04:32:16,299 [INFO] Fetching robots.txt from https://www.vlr.gg/robots.txt
2025-04-16 04:32:17,197 [INFO] Non-200 response from https://www.vlr.gg/robots.txt: 404
2025-04-16 04:32:17,198 [INFO] Skipping https://www.vlr.gg/team/11328/funplus-phoenix as robots.txt could not be fetched.
2025-04-16 04:32:17,199 [INFO] Collected 23 unique URLs so far
2025-04-16 04:32:17,199 [INFO] Limited URL collection to 20
2025-04-16 04:32:17,199 [INFO] Scraping content from 20 collected URLs...
2025-04-16 04:32:18,211 [INFO] newspaper3k extracted low-quality content from https://valorant.fandom.com/wiki/VALORANT_Wiki, trying BeautifulSoup
2025-04-16 04:32:18,523 [INFO] Failed to extract meaningful content from https://valorant.fandom.com/wiki/VALORANT_Wiki
2025-04-16 04:32:30,121 [INFO] newspaper3k extracted low-quality content from https://www.winthrop.edu/esports/valorant-roster.aspx, trying BeautifulSoup
2025-04-16 04:32:30,172 [INFO] Failed to extract meaningful content from https://www.winthrop.edu/esports/valorant-roster.aspx
2025-04-16 04:32:30,271 [INFO] newspaper3k extracted low-quality content from https://www.uaf.edu/esports/teams/valorant.php, trying BeautifulSoup
2025-04-16 04:32:30,301 [INFO] Failed to extract meaningful content from https://www.uaf.edu/esports/teams/valorant.php
2025-04-16 04:32:30,400 [ERROR] Access denied to https://tracker.gg/valorant: HTTP 403 Forbidden.
2025-04-16 04:32:31,049 [INFO] newspaper3k extracted low-quality content from https://playvalorant.com/en-us/, trying BeautifulSoup
2025-04-16 04:32:31,075 [INFO] Failed to extract meaningful content from https://playvalorant.com/en-us/
2025-04-16 04:32:31,305 [INFO] newspaper3k extracted low-quality content from https://columbiacougars.com/sports/valorant, trying BeautifulSoup
2025-04-16 04:32:31,365 [INFO] Failed to extract meaningful content from https://columbiacougars.com/sports/valorant
2025-04-16 04:32:31,444 [INFO] newspaper3k extracted low-quality content from https://www.niu.edu/esports/play/varsity/valorant.shtml, trying BeautifulSoup
2025-04-16 04:32:31,506 [INFO] Failed to extract meaningful content from https://www.niu.edu/esports/play/varsity/valorant.shtml
2025-04-16 04:32:31,830 [INFO] newspaper3k extracted low-quality content from https://www.twitch.tv/valorant_pacific, trying BeautifulSoup
2025-04-16 04:32:31,837 [INFO] Failed to extract meaningful content from https://www.twitch.tv/valorant_pacific
2025-04-16 04:32:32,353 [INFO] newspaper3k extracted low-quality content from https://www.uakron.edu/esports/varsity/valorant, trying BeautifulSoup
2025-04-16 04:32:32,409 [INFO] Failed to extract meaningful content from https://www.uakron.edu/esports/varsity/valorant
2025-04-16 04:32:32,436 [INFO] newspaper3k extracted low-quality content from https://playvalorant.com/en-us/download/, trying BeautifulSoup
2025-04-16 04:32:32,443 [INFO] Failed to extract meaningful content from https://playvalorant.com/en-us/download/
2025-04-16 04:32:32,555 [ERROR] Access denied to https://www.brookdalecc.edu/brookdale-esports-valorant-team-are-national-champions/: HTTP 403 Forbidden.
2025-04-16 04:32:32,588 [INFO] newspaper3k extracted low-quality content from https://support-valorant.riotgames.com/hc/en-us, trying BeautifulSoup
2025-04-16 04:32:32,600 [INFO] Failed to extract meaningful content from https://support-valorant.riotgames.com/hc/en-us
2025-04-16 04:32:32,907 [ERROR] Access denied to https://store.epicgames.com/en-US/p/valorant: HTTP 403 Forbidden.
2025-04-16 04:32:33,272 [INFO] newspaper3k extracted low-quality content from https://www.riotgames.com/en, trying BeautifulSoup
2025-04-16 04:32:33,312 [INFO] Failed to extract meaningful content from https://www.riotgames.com/en
2025-04-16 04:32:33,722 [INFO] newspaper3k extracted low-quality content from https://www.playstation.com/en-us/games/valorant/, trying BeautifulSoup
2025-04-16 04:32:34,282 [INFO] newspaper3k extracted low-quality content from https://open.spotify.com/artist/3wrFoI9EVjWg6m8xXeWr5t, trying BeautifulSoup
2025-04-16 04:32:34,285 [INFO] Failed to extract meaningful content from https://open.spotify.com/artist/3wrFoI9EVjWg6m8xXeWr5t
2025-04-16 04:32:34,471 [INFO] newspaper3k extracted low-quality content from https://www.jmu.edu/jmuxlabs/esports/valorant.shtml, trying BeautifulSoup
2025-04-16 04:32:34,499 [INFO] Failed to extract meaningful content from https://www.jmu.edu/jmuxlabs/esports/valorant.shtml
2025-04-16 04:32:35,265 [INFO] newspaper3k extracted low-quality content from https://valorantesports.com/, trying BeautifulSoup
2025-04-16 04:32:35,572 [INFO] Failed to extract meaningful content from https://valorantesports.com/
2025-04-16 04:32:48,959 [WARNING] Error fetching article at https://twitter.com/ValorantEsports: . Retrying in 1.5s (1/3)...
2025-04-16 04:33:05,947 [WARNING] Error fetching article at https://twitter.com/ValorantEsports: . Retrying in 3.0s (2/3)...
2025-04-16 04:33:24,950 [ERROR] Max retries reached for https://twitter.com/ValorantEsports: 
2025-04-16 04:33:24,953 [INFO] Article 'VALORANT's 128-Tick Servers' added to valid articles.
2025-04-16 04:33:24,954 [INFO] Article 'Valorant - PS5 Games | PlayStation' added to valid articles.
2025-04-16 04:33:24,966 [INFO] Formatted content for summarization with 3990 words
2025-04-16 04:33:24,971 [INFO] Summarizing chunk 1/7
2025-04-16 04:33:26,451 [WARNING] Gemini generated a short summary (0 words), using fallback
2025-04-16 04:33:26,452 [INFO] Using extractive summarization fallback
2025-04-16 04:33:26,452 [INFO] Summarizing chunk 2/7
2025-04-16 04:33:27,789 [WARNING] Gemini generated a short summary (16 words), using fallback
2025-04-16 04:33:27,790 [INFO] Using extractive summarization fallback
2025-04-16 04:33:27,790 [INFO] Summarizing chunk 3/7
2025-04-16 04:33:29,235 [INFO] Summarizing chunk 4/7
2025-04-16 04:33:30,374 [WARNING] Gemini generated a short summary (40 words), using fallback
2025-04-16 04:33:30,374 [INFO] Using extractive summarization fallback
2025-04-16 04:33:30,375 [INFO] Summarizing chunk 5/7
2025-04-16 04:33:31,789 [INFO] Summarizing chunk 6/7
2025-04-16 04:33:32,952 [INFO] Summarizing chunk 7/7
2025-04-16 04:33:34,034 [WARNING] Gemini generated a short summary (17 words), using fallback
2025-04-16 04:33:34,034 [INFO] Using extractive summarization fallback
2025-04-16 04:33:37,349 [WARNING] Gemini generated a short summary (175 words), using fallback
2025-04-16 04:33:37,349 [INFO] Using extractive summarization fallback
2025-04-16 04:33:37,351 [INFO] Summarization completed in 12.38 seconds
2025-04-16 04:33:37,351 [INFO] Generated summary with 155 words.
2025-04-16 04:33:37,351 [WARNING] Generated summary is too short (155 words). Attempting to regenerate.
2025-04-16 04:33:42,179 [WARNING] Gemini generated a short summary (259 words), using fallback
2025-04-16 04:33:42,180 [INFO] Using extractive summarization fallback
2025-04-16 04:33:42,181 [INFO] Regenerated summary with 103 words.
2025-04-16 04:33:42,181 [WARNING] Summary remains short (155 words), returning as is.
2025-04-16 04:33:42,917 [INFO] HTTP Request: POST https://api.elevenlabs.io/v1/text-to-speech/JBFqnCBsd6RMkjVDRZzb/stream "HTTP/1.1 401 Unauthorized"
2025-04-16 04:33:42,917 [ERROR] Text-to-speech conversion failed: status_code: 401, body: {'detail': {'status': 'quota_exceeded', 'message': 'This request exceeds your quota of 10000. You have 40 credits remaining, while 963 credits are required for this request.'}}
2025-04-16 04:33:42,919 [INFO] Data written to output.json.
2025-04-16 04:33:43,392 [INFO] HTTP Request: POST https://ljrlwlsqivyghpshguee.supabase.co/rest/v1/Queries "HTTP/2 201 Created"
2025-04-16 04:33:53,874 [INFO] Using custom image with a clear face: https://raw.githubusercontent.com/tallal02/my-public-images/main/hamza.jpg
2025-04-16 04:34:00,356 [INFO] Create talk response: {
    "id": "tlk_n0lamyQ2nNR0FKwh-ZXz9",
    "created_at": "2025-04-15T23:33:59.923Z",
    "created_by": "google-oauth2|102664994891827856901",
    "status": "created",
    "object": "talk"
}
2025-04-16 04:34:00,356 [INFO] Polling for video status...
2025-04-16 04:34:01,257 [INFO] Poll 1: status = started
2025-04-16 04:34:04,160 [INFO] Poll 2: status = started
2025-04-16 04:34:07,086 [INFO] Poll 3: status = started
2025-04-16 04:34:10,030 [INFO] Poll 4: status = started
2025-04-16 04:34:12,971 [INFO] Poll 5: status = started
2025-04-16 04:34:15,898 [INFO] Poll 6: status = started
2025-04-16 04:34:18,832 [INFO] Poll 7: status = started
2025-04-16 04:34:21,720 [INFO] Poll 8: status = started
2025-04-16 04:34:24,677 [INFO] Poll 9: status = started
2025-04-16 04:34:27,748 [INFO] Poll 10: status = started
2025-04-16 04:34:30,697 [INFO] Poll 11: status = started
2025-04-16 04:34:33,635 [INFO] Poll 12: status = started
2025-04-16 04:34:36,589 [INFO] Poll 13: status = started
2025-04-16 04:34:39,519 [INFO] Poll 14: status = started
2025-04-16 04:34:42,437 [INFO] Poll 15: status = started
2025-04-16 04:34:44,460 [ERROR] Error generating video: 500: Timed out waiting for video generation.
2025-04-16 04:41:51,486 [INFO] Configuration loaded successfully
2025-04-16 04:41:52,058 [INFO] Gemini model initialized successfully
2025-04-16 04:41:53,843 [INFO] Using Supabase URL: https://ljrlwlsqivyghpshguee.supabase.co
2025-04-16 04:41:53,843 [INFO] API Key found (masked): eyJh********************************************************************************************************************************************************************************************************K5Tg
2025-04-16 04:41:53,844 [INFO] Supabase username and password found in environment variables
2025-04-16 04:41:54,255 [INFO] Supabase client initialized successfully
2025-04-16 04:41:54,714 [INFO] Successfully created Supabase client
2025-04-16 04:41:55,723 [INFO] HTTP Request: GET https://ljrlwlsqivyghpshguee.supabase.co/rest/v1/Users?select=count&limit=1 "HTTP/2 200 OK"
2025-04-16 04:41:55,727 [INFO] Successfully connected to Supabase
2025-04-16 04:41:55,727 [INFO] Successfully connected to Supabase at startup
2025-04-16 04:42:05,500 [INFO] Scrape request received: Query='valorant', Num URLs=10
2025-04-16 04:42:05,500 [INFO] Starting collection process for query: 'valorant'
2025-04-16 04:42:05,501 [INFO] Desired article count: 10
2025-04-16 04:42:07,296 [INFO] Google Search API returned 10 URLs
2025-04-16 04:42:07,297 [INFO] Blocked domain detected: www.reddit.com
2025-04-16 04:42:07,297 [INFO] Blocked domain detected: en.wikipedia.org
2025-04-16 04:42:07,297 [INFO] Blocked domain detected: x.com
2025-04-16 04:42:07,297 [INFO] Blocked domain detected: www.youtube.com
2025-04-16 04:42:07,298 [INFO] Filtered 4 blocked domains
2025-04-16 04:42:07,298 [INFO] Fetching robots.txt from https://playvalorant.com/robots.txt
2025-04-16 04:42:08,062 [INFO] Fetching robots.txt from https://playvalorant.com/robots.txt
2025-04-16 04:42:08,660 [INFO] Fetching robots.txt from https://www.riotgames.com/robots.txt
2025-04-16 04:42:09,519 [INFO] Fetching robots.txt from https://valorantesports.com/robots.txt
2025-04-16 04:42:10,171 [INFO] Fetching robots.txt from https://tracker.gg/robots.txt
2025-04-16 04:42:10,302 [INFO] Fetching robots.txt from https://technology.riotgames.com/robots.txt
2025-04-16 04:42:10,484 [INFO] Collected 6 unique URLs so far
2025-04-16 04:42:13,103 [INFO] Google Search API returned 10 URLs
2025-04-16 04:42:13,104 [INFO] Blocked domain detected: www.instagram.com
2025-04-16 04:42:13,104 [INFO] Filtered 1 blocked domains
2025-04-16 04:42:13,104 [INFO] Fetching robots.txt from https://store.epicgames.com/robots.txt
2025-04-16 04:42:13,709 [INFO] Non-200 response from https://store.epicgames.com/robots.txt: 403
2025-04-16 04:42:13,710 [INFO] Skipping https://store.epicgames.com/en-US/p/valorant as robots.txt could not be fetched.
2025-04-16 04:42:13,710 [INFO] Fetching robots.txt from https://open.spotify.com/robots.txt
2025-04-16 04:42:13,852 [INFO] Fetching robots.txt from https://columbiacougars.com/robots.txt
2025-04-16 04:42:14,873 [INFO] Fetching robots.txt from https://www.twitch.tv/robots.txt
2025-04-16 04:42:15,128 [INFO] Fetching robots.txt from https://support-valorant.riotgames.com/robots.txt
2025-04-16 04:42:15,323 [INFO] Fetching robots.txt from https://twitter.com/robots.txt
2025-04-16 04:42:20,956 [INFO] Timeout occurred while fetching https://twitter.com/robots.txt
2025-04-16 04:42:20,957 [INFO] Skipping https://twitter.com/ValorantEsports as robots.txt could not be fetched.
2025-04-16 04:42:20,957 [INFO] Fetching robots.txt from https://valorant.fandom.com/robots.txt
2025-04-16 04:42:21,105 [INFO] Fetching robots.txt from https://www.uakron.edu/robots.txt
2025-04-16 04:42:22,254 [INFO] Fetching robots.txt from https://www.facebook.com/robots.txt
2025-04-16 04:42:22,406 [INFO] Scraping not allowed for https://www.facebook.com/ValorantEsportsVietnam/ as per robots.txt.
2025-04-16 04:42:22,406 [INFO] Collected 14 unique URLs so far
2025-04-16 04:42:25,007 [INFO] Google Search API returned 10 URLs
2025-04-16 04:42:25,008 [INFO] Blocked domain detected: www.xbox.com
2025-04-16 04:42:25,008 [INFO] Filtered 1 blocked domains
2025-04-16 04:42:25,008 [INFO] Fetching robots.txt from https://www.playstation.com/robots.txt
2025-04-16 04:42:25,701 [INFO] Fetching robots.txt from https://www.jmu.edu/robots.txt
2025-04-16 04:42:26,594 [INFO] Fetching robots.txt from https://www.niu.edu/robots.txt
2025-04-16 04:42:27,639 [INFO] Fetching robots.txt from https://www.uaf.edu/robots.txt
2025-04-16 04:42:29,268 [INFO] Fetching robots.txt from https://www.brookdalecc.edu/robots.txt
2025-04-16 04:42:29,823 [INFO] Non-200 response from https://www.brookdalecc.edu/robots.txt: 403
2025-04-16 04:42:29,824 [INFO] Skipping https://www.brookdalecc.edu/brookdale-esports-valorant-team-are-national-champions/ as robots.txt could not be fetched.
2025-04-16 04:42:29,825 [INFO] Fetching robots.txt from https://www.winthrop.edu/robots.txt
2025-04-16 04:42:30,756 [INFO] Fetching robots.txt from https://liquipedia.net/robots.txt
2025-04-16 04:42:31,271 [INFO] Fetching robots.txt from https://valorant.com/robots.txt
2025-04-16 04:42:34,278 [INFO] Fetching robots.txt from https://www.vlr.gg/robots.txt
2025-04-16 04:42:35,280 [INFO] Non-200 response from https://www.vlr.gg/robots.txt: 404
2025-04-16 04:42:35,281 [INFO] Skipping https://www.vlr.gg/team/11328/funplus-phoenix as robots.txt could not be fetched.
2025-04-16 04:42:35,281 [INFO] Collected 23 unique URLs so far
2025-04-16 04:42:35,282 [INFO] Limited URL collection to 20
2025-04-16 04:42:35,282 [INFO] Scraping content from 20 collected URLs...
2025-04-16 04:42:36,519 [INFO] newspaper3k extracted low-quality content from https://playvalorant.com/en-us/, trying BeautifulSoup
2025-04-16 04:42:36,606 [INFO] Failed to extract meaningful content from https://playvalorant.com/en-us/
2025-04-16 04:42:36,832 [INFO] newspaper3k extracted low-quality content from https://www.niu.edu/esports/play/varsity/valorant.shtml, trying BeautifulSoup
2025-04-16 04:42:36,878 [INFO] Failed to extract meaningful content from https://www.niu.edu/esports/play/varsity/valorant.shtml
2025-04-16 04:42:37,148 [INFO] newspaper3k extracted low-quality content from https://valorantesports.com/, trying BeautifulSoup
2025-04-16 04:42:37,347 [INFO] Failed to extract meaningful content from https://valorantesports.com/
2025-04-16 04:42:37,444 [ERROR] Access denied to https://tracker.gg/valorant: HTTP 403 Forbidden.
2025-04-16 04:42:37,884 [INFO] newspaper3k extracted low-quality content from https://valorant.fandom.com/wiki/VALORANT_Wiki, trying BeautifulSoup
2025-04-16 04:42:38,019 [INFO] Failed to extract meaningful content from https://valorant.fandom.com/wiki/VALORANT_Wiki
2025-04-16 04:42:38,939 [INFO] newspaper3k extracted low-quality content from https://www.uakron.edu/esports/varsity/valorant, trying BeautifulSoup
2025-04-16 04:42:38,957 [INFO] Failed to extract meaningful content from https://www.uakron.edu/esports/varsity/valorant
2025-04-16 04:42:39,268 [INFO] newspaper3k extracted low-quality content from https://www.twitch.tv/valorant_pacific, trying BeautifulSoup
2025-04-16 04:42:39,276 [INFO] Failed to extract meaningful content from https://www.twitch.tv/valorant_pacific
2025-04-16 04:42:39,352 [INFO] newspaper3k extracted low-quality content from https://columbiacougars.com/sports/valorant, trying BeautifulSoup
2025-04-16 04:42:39,372 [INFO] Failed to extract meaningful content from https://columbiacougars.com/sports/valorant
2025-04-16 04:42:39,762 [INFO] newspaper3k extracted low-quality content from https://www.uaf.edu/esports/teams/valorant.php, trying BeautifulSoup
2025-04-16 04:42:39,785 [INFO] Failed to extract meaningful content from https://www.uaf.edu/esports/teams/valorant.php
2025-04-16 04:42:39,800 [INFO] newspaper3k extracted low-quality content from https://playvalorant.com/en-us/download/, trying BeautifulSoup
2025-04-16 04:42:39,808 [INFO] Failed to extract meaningful content from https://playvalorant.com/en-us/download/
2025-04-16 04:42:39,897 [ERROR] Access denied to https://www.brookdalecc.edu/brookdale-esports-valorant-team-are-national-champions/: HTTP 403 Forbidden.
2025-04-16 04:42:40,825 [INFO] newspaper3k extracted low-quality content from https://support-valorant.riotgames.com/hc/en-us, trying BeautifulSoup
2025-04-16 04:42:40,842 [INFO] Failed to extract meaningful content from https://support-valorant.riotgames.com/hc/en-us
2025-04-16 04:42:41,012 [ERROR] Access denied to https://store.epicgames.com/en-US/p/valorant: HTTP 403 Forbidden.
2025-04-16 04:42:41,532 [INFO] newspaper3k extracted low-quality content from https://www.playstation.com/en-us/games/valorant/, trying BeautifulSoup
2025-04-16 04:42:42,455 [INFO] newspaper3k extracted low-quality content from https://www.riotgames.com/en, trying BeautifulSoup
2025-04-16 04:42:42,482 [INFO] Failed to extract meaningful content from https://www.riotgames.com/en
2025-04-16 04:42:57,532 [INFO] newspaper3k extracted low-quality content from https://www.winthrop.edu/esports/valorant-roster.aspx, trying BeautifulSoup
2025-04-16 04:42:57,564 [INFO] Failed to extract meaningful content from https://www.winthrop.edu/esports/valorant-roster.aspx
2025-04-16 04:42:57,571 [ERROR] Decoding error for https://www.jmu.edu/jmuxlabs/esports/valorant.shtml: 
2025-04-16 04:42:57,956 [WARNING] Error fetching article at https://twitter.com/ValorantEsports: . Retrying in 1.5s (1/3)...
2025-04-16 04:42:58,337 [INFO] newspaper3k extracted low-quality content from https://open.spotify.com/artist/3wrFoI9EVjWg6m8xXeWr5t, trying BeautifulSoup
2025-04-16 04:42:58,340 [INFO] Failed to extract meaningful content from https://open.spotify.com/artist/3wrFoI9EVjWg6m8xXeWr5t
2025-04-16 04:43:14,951 [WARNING] Error fetching article at https://twitter.com/ValorantEsports: . Retrying in 3.0s (2/3)...
2025-04-16 04:43:32,946 [ERROR] Max retries reached for https://twitter.com/ValorantEsports: 
2025-04-16 04:43:32,948 [INFO] Article 'VALORANT's 128-Tick Servers' added to valid articles.
2025-04-16 04:43:32,948 [INFO] Article 'Valorant - PS5 Games | PlayStation' added to valid articles.
2025-04-16 04:43:32,955 [INFO] Formatted content for summarization with 3990 words
2025-04-16 04:43:32,959 [INFO] Summarizing chunk 1/7
2025-04-16 04:43:35,276 [WARNING] Gemini generated a short summary (0 words), using fallback
2025-04-16 04:43:35,276 [INFO] Using extractive summarization fallback
2025-04-16 04:43:35,276 [INFO] Summarizing chunk 2/7
2025-04-16 04:43:37,084 [INFO] Summarizing chunk 3/7
2025-04-16 04:43:38,405 [INFO] Summarizing chunk 4/7
2025-04-16 04:43:39,565 [INFO] Summarizing chunk 5/7
2025-04-16 04:43:40,839 [INFO] Summarizing chunk 6/7
2025-04-16 04:43:42,096 [INFO] Summarizing chunk 7/7
2025-04-16 04:43:43,080 [WARNING] Gemini generated a short summary (17 words), using fallback
2025-04-16 04:43:43,080 [INFO] Using extractive summarization fallback
2025-04-16 04:43:46,349 [WARNING] Gemini generated a short summary (219 words), using fallback
2025-04-16 04:43:46,349 [INFO] Using extractive summarization fallback
2025-04-16 04:43:46,350 [INFO] Summarization completed in 13.39 seconds
2025-04-16 04:43:46,351 [INFO] Generated summary with 170 words.
2025-04-16 04:43:46,351 [WARNING] Generated summary is too short (170 words). Attempting to regenerate.
2025-04-16 04:43:50,479 [WARNING] Gemini generated a short summary (209 words), using fallback
2025-04-16 04:43:50,479 [INFO] Using extractive summarization fallback
2025-04-16 04:43:50,481 [INFO] Regenerated summary with 103 words.
2025-04-16 04:43:50,481 [WARNING] Summary remains short (170 words), returning as is.
2025-04-16 04:43:51,200 [INFO] HTTP Request: POST https://api.elevenlabs.io/v1/text-to-speech/JBFqnCBsd6RMkjVDRZzb/stream "HTTP/1.1 401 Unauthorized"
2025-04-16 04:43:51,201 [ERROR] Text-to-speech conversion failed: status_code: 401, body: {'detail': {'status': 'quota_exceeded', 'message': 'This request exceeds your quota of 10000. You have 40 credits remaining, while 1096 credits are required for this request.'}}
2025-04-16 04:43:51,202 [INFO] Data written to output.json.
2025-04-16 04:43:51,908 [INFO] HTTP Request: POST https://ljrlwlsqivyghpshguee.supabase.co/rest/v1/Queries "HTTP/2 201 Created"
2025-04-16 04:43:59,276 [INFO] Scrape request received: Query='valorant', Num URLs=10
2025-04-16 04:43:59,277 [INFO] Starting collection process for query: 'valorant'
2025-04-16 04:43:59,277 [INFO] Desired article count: 10
2025-04-16 04:44:00,902 [INFO] Google Search API returned 10 URLs
2025-04-16 04:44:00,903 [INFO] Blocked domain detected: www.reddit.com
2025-04-16 04:44:00,903 [INFO] Blocked domain detected: en.wikipedia.org
2025-04-16 04:44:00,904 [INFO] Blocked domain detected: x.com
2025-04-16 04:44:00,904 [INFO] Blocked domain detected: www.youtube.com
2025-04-16 04:44:00,904 [INFO] Filtered 4 blocked domains
2025-04-16 04:44:00,905 [INFO] Fetching robots.txt from https://playvalorant.com/robots.txt
2025-04-16 04:44:01,490 [INFO] Fetching robots.txt from https://playvalorant.com/robots.txt
2025-04-16 04:44:02,096 [INFO] Fetching robots.txt from https://www.riotgames.com/robots.txt
2025-04-16 04:44:02,880 [INFO] Fetching robots.txt from https://valorantesports.com/robots.txt
2025-04-16 04:44:03,289 [INFO] Fetching robots.txt from https://tracker.gg/robots.txt
2025-04-16 04:44:03,385 [INFO] Fetching robots.txt from https://technology.riotgames.com/robots.txt
2025-04-16 04:44:03,520 [INFO] Collected 6 unique URLs so far
2025-04-16 04:44:06,132 [INFO] Google Search API returned 10 URLs
2025-04-16 04:44:06,132 [INFO] Blocked domain detected: www.instagram.com
2025-04-16 04:44:06,133 [INFO] Filtered 1 blocked domains
2025-04-16 04:44:06,134 [INFO] Fetching robots.txt from https://store.epicgames.com/robots.txt
2025-04-16 04:44:06,531 [INFO] Non-200 response from https://store.epicgames.com/robots.txt: 403
2025-04-16 04:44:06,532 [INFO] Skipping https://store.epicgames.com/en-US/p/valorant as robots.txt could not be fetched.
2025-04-16 04:44:06,533 [INFO] Fetching robots.txt from https://open.spotify.com/robots.txt
2025-04-16 04:44:06,676 [INFO] Fetching robots.txt from https://columbiacougars.com/robots.txt
2025-04-16 04:44:07,707 [INFO] Fetching robots.txt from https://www.twitch.tv/robots.txt
2025-04-16 04:44:07,970 [INFO] Fetching robots.txt from https://support-valorant.riotgames.com/robots.txt
2025-04-16 04:44:08,066 [INFO] Fetching robots.txt from https://twitter.com/robots.txt
2025-04-16 04:44:13,958 [INFO] Timeout occurred while fetching https://twitter.com/robots.txt
2025-04-16 04:44:13,958 [INFO] Skipping https://twitter.com/ValorantEsports as robots.txt could not be fetched.
2025-04-16 04:44:13,958 [INFO] Fetching robots.txt from https://valorant.fandom.com/robots.txt
2025-04-16 04:44:14,106 [INFO] Fetching robots.txt from https://www.uakron.edu/robots.txt
2025-04-16 04:44:15,400 [INFO] Fetching robots.txt from https://www.facebook.com/robots.txt
2025-04-16 04:44:15,561 [INFO] Scraping not allowed for https://www.facebook.com/ValorantEsportsVietnam/ as per robots.txt.
2025-04-16 04:44:15,561 [INFO] Collected 14 unique URLs so far
2025-04-16 04:44:18,245 [INFO] Google Search API returned 10 URLs
2025-04-16 04:44:18,245 [INFO] Blocked domain detected: www.xbox.com
2025-04-16 04:44:18,245 [INFO] Filtered 1 blocked domains
2025-04-16 04:44:18,246 [INFO] Fetching robots.txt from https://www.playstation.com/robots.txt
2025-04-16 04:44:18,922 [INFO] Fetching robots.txt from https://www.jmu.edu/robots.txt
2025-04-16 04:44:19,813 [INFO] Fetching robots.txt from https://www.uaf.edu/robots.txt
2025-04-16 04:44:21,104 [INFO] Fetching robots.txt from https://www.niu.edu/robots.txt
2025-04-16 04:44:22,164 [INFO] Fetching robots.txt from https://www.brookdalecc.edu/robots.txt
2025-04-16 04:44:22,630 [INFO] Non-200 response from https://www.brookdalecc.edu/robots.txt: 403
2025-04-16 04:44:22,631 [INFO] Skipping https://www.brookdalecc.edu/brookdale-esports-valorant-team-are-national-champions/ as robots.txt could not be fetched.
2025-04-16 04:44:22,631 [INFO] Fetching robots.txt from https://www.winthrop.edu/robots.txt
2025-04-16 04:44:23,552 [INFO] Fetching robots.txt from https://liquipedia.net/robots.txt
2025-04-16 04:44:24,089 [INFO] Fetching robots.txt from https://valorant.com/robots.txt
2025-04-16 04:44:25,980 [INFO] Fetching robots.txt from https://www.vlr.gg/robots.txt
2025-04-16 04:44:26,872 [INFO] Non-200 response from https://www.vlr.gg/robots.txt: 404
2025-04-16 04:44:26,872 [INFO] Skipping https://www.vlr.gg/team/11328/funplus-phoenix as robots.txt could not be fetched.
2025-04-16 04:44:26,872 [INFO] Collected 23 unique URLs so far
2025-04-16 04:44:26,872 [INFO] Limited URL collection to 20
2025-04-16 04:44:26,872 [INFO] Scraping content from 20 collected URLs...
2025-04-16 04:44:27,307 [INFO] newspaper3k extracted low-quality content from https://valorant.fandom.com/wiki/VALORANT_Wiki, trying BeautifulSoup
2025-04-16 04:44:27,506 [INFO] Failed to extract meaningful content from https://valorant.fandom.com/wiki/VALORANT_Wiki
2025-04-16 04:44:28,386 [INFO] newspaper3k extracted low-quality content from https://www.niu.edu/esports/play/varsity/valorant.shtml, trying BeautifulSoup
2025-04-16 04:44:28,424 [INFO] Failed to extract meaningful content from https://www.niu.edu/esports/play/varsity/valorant.shtml
2025-04-16 04:44:28,523 [ERROR] Access denied to https://tracker.gg/valorant: HTTP 403 Forbidden.
2025-04-16 04:44:29,094 [INFO] newspaper3k extracted low-quality content from https://columbiacougars.com/sports/valorant, trying BeautifulSoup
2025-04-16 04:44:29,111 [INFO] Failed to extract meaningful content from https://columbiacougars.com/sports/valorant
2025-04-16 04:44:29,324 [INFO] newspaper3k extracted low-quality content from https://playvalorant.com/en-us/, trying BeautifulSoup
2025-04-16 04:44:29,333 [INFO] Failed to extract meaningful content from https://playvalorant.com/en-us/
2025-04-16 04:44:30,279 [INFO] newspaper3k extracted low-quality content from https://www.uakron.edu/esports/varsity/valorant, trying BeautifulSoup
2025-04-16 04:44:30,297 [INFO] Failed to extract meaningful content from https://www.uakron.edu/esports/varsity/valorant
2025-04-16 04:44:31,014 [INFO] newspaper3k extracted low-quality content from https://www.twitch.tv/valorant_pacific, trying BeautifulSoup
2025-04-16 04:44:31,020 [INFO] Failed to extract meaningful content from https://www.twitch.tv/valorant_pacific
2025-04-16 04:44:31,235 [INFO] newspaper3k extracted low-quality content from https://www.uaf.edu/esports/teams/valorant.php, trying BeautifulSoup
2025-04-16 04:44:31,252 [INFO] Failed to extract meaningful content from https://www.uaf.edu/esports/teams/valorant.php
2025-04-16 04:44:31,711 [INFO] newspaper3k extracted low-quality content from https://playvalorant.com/en-us/download/, trying BeautifulSoup
2025-04-16 04:44:31,715 [INFO] Failed to extract meaningful content from https://playvalorant.com/en-us/download/
2025-04-16 04:44:31,801 [ERROR] Access denied to https://www.brookdalecc.edu/brookdale-esports-valorant-team-are-national-champions/: HTTP 403 Forbidden.
2025-04-16 04:44:31,922 [INFO] newspaper3k extracted low-quality content from https://support-valorant.riotgames.com/hc/en-us, trying BeautifulSoup
2025-04-16 04:44:31,932 [INFO] Failed to extract meaningful content from https://support-valorant.riotgames.com/hc/en-us
2025-04-16 04:44:32,319 [ERROR] Access denied to https://store.epicgames.com/en-US/p/valorant: HTTP 403 Forbidden.
2025-04-16 04:44:33,036 [INFO] newspaper3k extracted low-quality content from https://www.playstation.com/en-us/games/valorant/, trying BeautifulSoup
2025-04-16 04:44:33,590 [INFO] newspaper3k extracted low-quality content from https://www.riotgames.com/en, trying BeautifulSoup
2025-04-16 04:44:33,609 [INFO] Failed to extract meaningful content from https://www.riotgames.com/en
2025-04-16 04:44:44,071 [INFO] newspaper3k extracted low-quality content from https://www.winthrop.edu/esports/valorant-roster.aspx, trying BeautifulSoup
2025-04-16 04:44:44,117 [INFO] Failed to extract meaningful content from https://www.winthrop.edu/esports/valorant-roster.aspx
2025-04-16 04:44:44,206 [INFO] newspaper3k extracted low-quality content from https://www.jmu.edu/jmuxlabs/esports/valorant.shtml, trying BeautifulSoup
2025-04-16 04:44:44,234 [INFO] Failed to extract meaningful content from https://www.jmu.edu/jmuxlabs/esports/valorant.shtml
2025-04-16 04:44:44,668 [INFO] newspaper3k extracted low-quality content from https://open.spotify.com/artist/3wrFoI9EVjWg6m8xXeWr5t, trying BeautifulSoup
2025-04-16 04:44:44,672 [INFO] Failed to extract meaningful content from https://open.spotify.com/artist/3wrFoI9EVjWg6m8xXeWr5t
2025-04-16 04:44:45,457 [INFO] newspaper3k extracted low-quality content from https://valorantesports.com/, trying BeautifulSoup
2025-04-16 04:44:45,560 [INFO] Failed to extract meaningful content from https://valorantesports.com/
2025-04-16 04:44:48,935 [WARNING] Error fetching article at https://twitter.com/ValorantEsports: . Retrying in 1.5s (1/3)...
2025-04-16 04:45:05,956 [WARNING] Error fetching article at https://twitter.com/ValorantEsports: . Retrying in 3.0s (2/3)...
2025-04-16 04:45:24,952 [ERROR] Max retries reached for https://twitter.com/ValorantEsports: 
2025-04-16 04:45:24,960 [INFO] Article 'VALORANT's 128-Tick Servers' added to valid articles.
2025-04-16 04:45:24,961 [INFO] Article 'Valorant - PS5 Games | PlayStation' added to valid articles.
2025-04-16 04:45:24,979 [INFO] Formatted content for summarization with 3990 words
2025-04-16 04:45:24,988 [INFO] Summarizing chunk 1/7
2025-04-16 04:45:26,508 [WARNING] Gemini generated a short summary (0 words), using fallback
2025-04-16 04:45:26,509 [INFO] Using extractive summarization fallback
2025-04-16 04:45:26,509 [INFO] Summarizing chunk 2/7
2025-04-16 04:45:27,611 [INFO] Summarizing chunk 3/7
2025-04-16 04:45:29,026 [INFO] Summarizing chunk 4/7
2025-04-16 04:45:30,086 [INFO] Summarizing chunk 5/7
2025-04-16 04:45:31,410 [INFO] Summarizing chunk 6/7
2025-04-16 04:45:32,507 [INFO] Summarizing chunk 7/7
2025-04-16 04:45:33,477 [WARNING] Gemini generated a short summary (17 words), using fallback
2025-04-16 04:45:33,478 [INFO] Using extractive summarization fallback
2025-04-16 04:45:36,541 [WARNING] Gemini generated a short summary (113 words), using fallback
2025-04-16 04:45:36,542 [INFO] Using extractive summarization fallback
2025-04-16 04:45:36,545 [INFO] Summarization completed in 11.56 seconds
2025-04-16 04:45:36,546 [INFO] Generated summary with 95 words.
2025-04-16 04:45:36,547 [WARNING] Generated summary is too short (95 words). Attempting to regenerate.
2025-04-16 04:45:40,620 [WARNING] Gemini generated a short summary (138 words), using fallback
2025-04-16 04:45:40,621 [INFO] Using extractive summarization fallback
2025-04-16 04:45:40,622 [INFO] Regenerated summary with 103 words.
2025-04-16 04:45:40,622 [WARNING] Summary remains short (103 words), returning as is.
2025-04-16 04:45:41,406 [INFO] HTTP Request: POST https://api.elevenlabs.io/v1/text-to-speech/JBFqnCBsd6RMkjVDRZzb/stream "HTTP/1.1 401 Unauthorized"
2025-04-16 04:45:41,407 [ERROR] Text-to-speech conversion failed: status_code: 401, body: {'detail': {'status': 'quota_exceeded', 'message': 'This request exceeds your quota of 10000. You have 40 credits remaining, while 558 credits are required for this request.'}}
2025-04-16 04:45:41,409 [INFO] Data written to output.json.
2025-04-16 04:45:41,868 [INFO] HTTP Request: POST https://ljrlwlsqivyghpshguee.supabase.co/rest/v1/Queries "HTTP/2 201 Created"
2025-04-16 04:47:15,347 [INFO] Using custom image with a clear face: https://raw.githubusercontent.com/tallal02/my-public-images/main/hamza.jpg
2025-04-16 04:47:20,932 [ERROR] Error generating video: 402 Client Error: Payment Required for url: https://api.d-id.com/talks
2025-04-16 04:52:17,270 [INFO] Configuration loaded successfully
2025-04-16 04:52:17,685 [INFO] Gemini model initialized successfully
2025-04-16 04:52:18,807 [INFO] Using Supabase URL: https://ljrlwlsqivyghpshguee.supabase.co
2025-04-16 04:52:18,807 [INFO] API Key found (masked): eyJh********************************************************************************************************************************************************************************************************K5Tg
2025-04-16 04:52:18,808 [INFO] Supabase username and password found in environment variables
2025-04-16 04:52:19,114 [INFO] Supabase client initialized successfully
2025-04-16 04:52:19,418 [INFO] Successfully created Supabase client
